
/Users/asheebbansaal/Documents/Cornell_sem/Sem5/Micro/RP2350-projects-for-ECE4760/Digital_Galton_Board/build/VGA_Animation_Demo.elf:     file format elf32-littlearm

Sections:
Idx Name          Size      VMA       LMA       File off  Algn
  0 .text         00006594  10000000  10000000  00001000  2**3
                  CONTENTS, ALLOC, LOAD, READONLY, CODE
  1 .rodata       00000714  10006598  10006598  00007598  2**3
                  CONTENTS, ALLOC, LOAD, READONLY, DATA
  2 .ARM.exidx    00000008  10006cac  10006cac  00007cac  2**2
                  CONTENTS, ALLOC, LOAD, READONLY, DATA
  3 .binary_info  0000002c  10006cb4  10006cb4  00007cb4  2**2
                  CONTENTS, ALLOC, LOAD, READONLY, DATA
  4 .psram_load   00000000  11000000  11000000  0000931c  2**0
                  CONTENTS
  5 .psram_noload 00000000  11000000  11000000  0000931c  2**0
                  CONTENTS
  6 .xip_ram      00000000  13ffc000  13ffc000  0000931c  2**0
                  CONTENTS
  7 .ram_vector_table 00000110  20000000  20000000  0000a000  2**2
                  ALLOC
  8 .uninitialized_data 00000010  20000110  20000110  0000a000  2**3
                  ALLOC
  9 .data         00000628  20000120  10006ce0  00008120  2**3
                  CONTENTS, ALLOC, LOAD, READONLY, CODE
 10 .tdata        00000000  20000748  20000748  0000931c  2**0
                  CONTENTS, ALLOC, LOAD, DATA, THREAD_LOCAL
 11 .tbss         00000000  20000748  20000748  00000000  2**0
                  ALLOC, THREAD_LOCAL
 12 .tbss_space   00000000  20000748  20000748  0000931c  2**0
                  CONTENTS
 13 .bss          0006629c  20000750  10007308  00009750  2**4
                  ALLOC
 14 .tls0         00000000  200669ec  200669ec  0000931c  2**0
                  CONTENTS
 15 .tls1         00000000  200669ec  200669ec  0000931c  2**0
                  CONTENTS
 16 .persistent_data 00000000  200669ec  200669ec  0000931c  2**0
                  CONTENTS
 17 .dummy_pre_heap 00000000  200669ec  200669ec  0000931c  2**0
                  CONTENTS
 18 .heap         00000800  200669ec  200669ec  000099ec  2**2
                  ALLOC, READONLY
 19 .scratch_x    00000000  20080000  20080000  0000931c  2**0
                  CONTENTS
 20 .scratch_y    00000000  20081000  20081000  0000931c  2**0
                  CONTENTS
 21 .stack1_dummy 00000800  20080000  20080000  0000a000  2**2
                  ALLOC
 22 .stack_dummy  00000800  20081000  20081000  0000a000  2**5
                  ALLOC, READONLY
 23 .flash_end    00000014  10007308  10007308  00009308  2**2
                  CONTENTS, ALLOC, LOAD, READONLY, DATA
 24 .debug_info   00038151  00000000  00000000  0000931c  2**0
                  CONTENTS, READONLY, DEBUGGING, OCTETS
 25 .debug_abbrev 000085af  00000000  00000000  0004146d  2**0
                  CONTENTS, READONLY, DEBUGGING, OCTETS
 26 .debug_loclists 0001fce5  00000000  00000000  00049a1c  2**0
                  CONTENTS, READONLY, DEBUGGING, OCTETS
 27 .debug_aranges 000012a0  00000000  00000000  00069708  2**3
                  CONTENTS, READONLY, DEBUGGING, OCTETS
 28 .debug_rnglists 00005a88  00000000  00000000  0006a9a8  2**0
                  CONTENTS, READONLY, DEBUGGING, OCTETS
 29 .debug_line   00027151  00000000  00000000  00070430  2**0
                  CONTENTS, READONLY, DEBUGGING, OCTETS
 30 .debug_str    000093d0  00000000  00000000  00097581  2**0
                  CONTENTS, READONLY, DEBUGGING, OCTETS
 31 .comment      00000045  00000000  00000000  000a0951  2**0
                  CONTENTS, READONLY
 32 .ARM.attributes 00000036  00000000  00000000  000a0996  2**0
                  CONTENTS, READONLY
 33 .debug_frame  00003544  00000000  00000000  000a09cc  2**2
                  CONTENTS, READONLY, DEBUGGING, OCTETS
 34 .debug_line_str 0000033a  00000000  00000000  000a3f10  2**0
                  CONTENTS, READONLY, DEBUGGING, OCTETS

/Users/asheebbansaal/Documents/Cornell_sem/Sem5/Micro/RP2350-projects-for-ECE4760/Digital_Galton_Board/build/VGA_Animation_Demo.elf:     file format elf32-littlearm


Disassembly of section .text:

10000000 <__VECTOR_TABLE>:
10000000:	20082000 	.word	0x20082000
10000004:	1000015b 	.word	0x1000015b
10000008:	1000011b 	.word	0x1000011b
1000000c:	1000011d 	.word	0x1000011d
10000010:	10000111 	.word	0x10000111
10000014:	10000111 	.word	0x10000111
10000018:	10000111 	.word	0x10000111
1000001c:	10000111 	.word	0x10000111
10000020:	10000119 	.word	0x10000119
10000024:	10000119 	.word	0x10000119
10000028:	10000119 	.word	0x10000119
1000002c:	1000011f 	.word	0x1000011f
10000030:	10000111 	.word	0x10000111
10000034:	10000119 	.word	0x10000119
10000038:	10000121 	.word	0x10000121
1000003c:	10000123 	.word	0x10000123
10000040:	10000111 	.word	0x10000111
10000044:	10000111 	.word	0x10000111
10000048:	10000111 	.word	0x10000111
1000004c:	10000111 	.word	0x10000111
10000050:	10000111 	.word	0x10000111
10000054:	10000111 	.word	0x10000111
10000058:	10000111 	.word	0x10000111
1000005c:	10000111 	.word	0x10000111
10000060:	10000111 	.word	0x10000111
10000064:	10000111 	.word	0x10000111
10000068:	10000111 	.word	0x10000111
1000006c:	10000111 	.word	0x10000111
10000070:	10000111 	.word	0x10000111
10000074:	10000111 	.word	0x10000111
10000078:	10000111 	.word	0x10000111
1000007c:	10000111 	.word	0x10000111
10000080:	10000111 	.word	0x10000111
10000084:	10000111 	.word	0x10000111
10000088:	10000111 	.word	0x10000111
1000008c:	10000111 	.word	0x10000111
10000090:	10000111 	.word	0x10000111
10000094:	10000111 	.word	0x10000111
10000098:	10000111 	.word	0x10000111
1000009c:	10000111 	.word	0x10000111
100000a0:	10000111 	.word	0x10000111
100000a4:	10000111 	.word	0x10000111
100000a8:	10000111 	.word	0x10000111
100000ac:	10000111 	.word	0x10000111
100000b0:	10000111 	.word	0x10000111
100000b4:	10000111 	.word	0x10000111
100000b8:	10000111 	.word	0x10000111
100000bc:	10000111 	.word	0x10000111
100000c0:	10000111 	.word	0x10000111
100000c4:	10000111 	.word	0x10000111
100000c8:	10000111 	.word	0x10000111
100000cc:	10000111 	.word	0x10000111
100000d0:	10000111 	.word	0x10000111
100000d4:	10000111 	.word	0x10000111
100000d8:	10000111 	.word	0x10000111
100000dc:	10000111 	.word	0x10000111
100000e0:	10000111 	.word	0x10000111
100000e4:	10000111 	.word	0x10000111
100000e8:	10000111 	.word	0x10000111
100000ec:	10000111 	.word	0x10000111
100000f0:	10000111 	.word	0x10000111
100000f4:	10000111 	.word	0x10000111
100000f8:	10000111 	.word	0x10000111
100000fc:	10000111 	.word	0x10000111
10000100:	10000111 	.word	0x10000111
10000104:	10000111 	.word	0x10000111
10000108:	10000111 	.word	0x10000111
1000010c:	10000111 	.word	0x10000111

10000110 <__unhandled_user_irq>:
10000110:	f3ef 8005 	mrs	r0, IPSR
10000114:	3810      	subs	r0, #16

10000116 <unhandled_user_irq_num_in_r0>:
10000116:	be00      	bkpt	0x0000

10000118 <isr_invalid>:
10000118:	be00      	bkpt	0x0000

1000011a <isr_nmi>:
1000011a:	be00      	bkpt	0x0000

1000011c <isr_hardfault>:
1000011c:	be00      	bkpt	0x0000

1000011e <isr_svcall>:
1000011e:	be00      	bkpt	0x0000

10000120 <isr_pendsv>:
10000120:	be00      	bkpt	0x0000

10000122 <isr_systick>:
10000122:	be00      	bkpt	0x0000

10000124 <__default_isrs_end>:
10000124:	7188ebf2 	.word	0x7188ebf2
10000128:	10006cb4 	.word	0x10006cb4
1000012c:	10006ce0 	.word	0x10006ce0
10000130:	1000019c 	.word	0x1000019c
10000134:	e71aa390 	.word	0xe71aa390

10000138 <__binary_info_header_end>:
10000138:	ffffded3 	.word	0xffffded3
1000013c:	10210142 	.word	0x10210142
10000140:	000001ff 	.word	0x000001ff
10000144:	000071d0 	.word	0x000071d0
10000148:	ab123579 	.word	0xab123579

1000014c <_entry_point>:
1000014c:	2000      	movs	r0, #0

1000014e <_enter_vtable_in_r0>:
1000014e:	491e      	ldr	r1, [pc, #120]	@ (100001c8 <data_cpy_table+0x2c>)
10000150:	6008      	str	r0, [r1, #0]
10000152:	c806      	ldmia	r0!, {r1, r2}
10000154:	f381 8808 	msr	MSP, r1
10000158:	4710      	bx	r2

1000015a <_reset_handler>:
1000015a:	f04f 4050 	mov.w	r0, #3489660928	@ 0xd0000000
1000015e:	6800      	ldr	r0, [r0, #0]
10000160:	b108      	cbz	r0, 10000166 <hold_non_core0_in_bootrom+0x4>

10000162 <hold_non_core0_in_bootrom>:
10000162:	2000      	movs	r0, #0
10000164:	e7f3      	b.n	1000014e <_enter_vtable_in_r0>
10000166:	a40d      	add	r4, pc, #52	@ (adr r4, 1000019c <data_cpy_table>)
10000168:	cc0e      	ldmia	r4!, {r1, r2, r3}
1000016a:	2900      	cmp	r1, #0
1000016c:	d002      	beq.n	10000174 <hold_non_core0_in_bootrom+0x12>
1000016e:	f000 f812 	bl	10000196 <data_cpy>
10000172:	e7f9      	b.n	10000168 <hold_non_core0_in_bootrom+0x6>
10000174:	4915      	ldr	r1, [pc, #84]	@ (100001cc <data_cpy_table+0x30>)
10000176:	4a16      	ldr	r2, [pc, #88]	@ (100001d0 <data_cpy_table+0x34>)
10000178:	2000      	movs	r0, #0
1000017a:	e000      	b.n	1000017e <bss_fill_test>

1000017c <bss_fill_loop>:
1000017c:	c101      	stmia	r1!, {r0}

1000017e <bss_fill_test>:
1000017e:	4291      	cmp	r1, r2
10000180:	d1fc      	bne.n	1000017c <bss_fill_loop>

10000182 <platform_entry>:
10000182:	4914      	ldr	r1, [pc, #80]	@ (100001d4 <data_cpy_table+0x38>)
10000184:	4788      	blx	r1
10000186:	4914      	ldr	r1, [pc, #80]	@ (100001d8 <data_cpy_table+0x3c>)
10000188:	4788      	blx	r1
1000018a:	4914      	ldr	r1, [pc, #80]	@ (100001dc <data_cpy_table+0x40>)
1000018c:	4788      	blx	r1
1000018e:	be00      	bkpt	0x0000
10000190:	e7fd      	b.n	1000018e <platform_entry+0xc>

10000192 <data_cpy_loop>:
10000192:	c901      	ldmia	r1!, {r0}
10000194:	c201      	stmia	r2!, {r0}

10000196 <data_cpy>:
10000196:	429a      	cmp	r2, r3
10000198:	d3fb      	bcc.n	10000192 <data_cpy_loop>

1000019a <data_cpy_done>:
1000019a:	4770      	bx	lr

1000019c <data_cpy_table>:
1000019c:	10006ce0 	.word	0x10006ce0
100001a0:	20000120 	.word	0x20000120
100001a4:	20000748 	.word	0x20000748
100001a8:	10007308 	.word	0x10007308
100001ac:	20080000 	.word	0x20080000
100001b0:	20080000 	.word	0x20080000
100001b4:	10007308 	.word	0x10007308
100001b8:	20081000 	.word	0x20081000
100001bc:	20081000 	.word	0x20081000
100001c0:	00000000 	.word	0x00000000
100001c4:	4770      	bx	lr
100001c6:	0000      	.short	0x0000
100001c8:	e000ed08 	.word	0xe000ed08
100001cc:	20000748 	.word	0x20000748
100001d0:	200669ec 	.word	0x200669ec
100001d4:	10005665 	.word	0x10005665
100001d8:	100012f5 	.word	0x100012f5
100001dc:	1000565d 	.word	0x1000565d

100001e0 <encoder_callback>:
100001e0:	f640 30b7 	movw	r0, #2999	@ 0xbb7
100001e4:	4b0a      	ldr	r3, [pc, #40]	@ (10000210 <encoder_callback+0x30>)
100001e6:	4a0b      	ldr	r2, [pc, #44]	@ (10000214 <encoder_callback+0x34>)
100001e8:	6a99      	ldr	r1, [r3, #40]	@ 0x28
100001ea:	6813      	ldr	r3, [r2, #0]
100001ec:	1acb      	subs	r3, r1, r3
100001ee:	4283      	cmp	r3, r0
100001f0:	d90d      	bls.n	1000020e <encoder_callback+0x2e>
100001f2:	f04f 4350 	mov.w	r3, #3489660928	@ 0xd0000000
100001f6:	6011      	str	r1, [r2, #0]
100001f8:	685b      	ldr	r3, [r3, #4]
100001fa:	4a07      	ldr	r2, [pc, #28]	@ (10000218 <encoder_callback+0x38>)
100001fc:	f013 0f08 	tst.w	r3, #8
10000200:	6813      	ldr	r3, [r2, #0]
10000202:	d002      	beq.n	1000020a <encoder_callback+0x2a>
10000204:	3301      	adds	r3, #1
10000206:	6013      	str	r3, [r2, #0]
10000208:	4770      	bx	lr
1000020a:	3b01      	subs	r3, #1
1000020c:	6013      	str	r3, [r2, #0]
1000020e:	4770      	bx	lr
10000210:	400b0000 	.word	0x400b0000
10000214:	200157a4 	.word	0x200157a4
10000218:	200156ec 	.word	0x200156ec

1000021c <protothread_sched.constprop.0.isra.0>:
1000021c:	e92d 4ff8 	stmdb	sp!, {r3, r4, r5, r6, r7, r8, r9, sl, fp, lr}
10000220:	4b3e      	ldr	r3, [pc, #248]	@ (1000031c <protothread_sched.constprop.0.isra.0+0x100>)
10000222:	681f      	ldr	r7, [r3, #0]
10000224:	2f00      	cmp	r7, #0
10000226:	d176      	bne.n	10000316 <protothread_sched.constprop.0.isra.0+0xfa>
10000228:	4b3d      	ldr	r3, [pc, #244]	@ (10000320 <protothread_sched.constprop.0.isra.0+0x104>)
1000022a:	f8d3 8000 	ldr.w	r8, [r3]
1000022e:	f1b8 0f00 	cmp.w	r8, #0
10000232:	d11b      	bne.n	1000026c <protothread_sched.constprop.0.isra.0+0x50>
10000234:	4e3b      	ldr	r6, [pc, #236]	@ (10000324 <protothread_sched.constprop.0.isra.0+0x108>)
10000236:	4c3c      	ldr	r4, [pc, #240]	@ (10000328 <protothread_sched.constprop.0.isra.0+0x10c>)
10000238:	f8df 90f0 	ldr.w	r9, [pc, #240]	@ 1000032c <protothread_sched.constprop.0.isra.0+0x110>
1000023c:	6833      	ldr	r3, [r6, #0]
1000023e:	e011      	b.n	10000264 <protothread_sched.constprop.0.isra.0+0x48>
10000240:	2300      	movs	r3, #0
10000242:	4d3a      	ldr	r5, [pc, #232]	@ (1000032c <protothread_sched.constprop.0.isra.0+0x110>)
10000244:	eb03 0343 	add.w	r3, r3, r3, lsl #1
10000248:	eb09 0383 	add.w	r3, r9, r3, lsl #2
1000024c:	4628      	mov	r0, r5
1000024e:	689b      	ldr	r3, [r3, #8]
10000250:	4798      	blx	r3
10000252:	6823      	ldr	r3, [r4, #0]
10000254:	6832      	ldr	r2, [r6, #0]
10000256:	3301      	adds	r3, #1
10000258:	4293      	cmp	r3, r2
1000025a:	6023      	str	r3, [r4, #0]
1000025c:	f105 050c 	add.w	r5, r5, #12
10000260:	dbf0      	blt.n	10000244 <protothread_sched.constprop.0.isra.0+0x28>
10000262:	4613      	mov	r3, r2
10000264:	2b00      	cmp	r3, #0
10000266:	6027      	str	r7, [r4, #0]
10000268:	dcea      	bgt.n	10000240 <protothread_sched.constprop.0.isra.0+0x24>
1000026a:	e7fe      	b.n	1000026a <protothread_sched.constprop.0.isra.0+0x4e>
1000026c:	f1b8 0f01 	cmp.w	r8, #1
10000270:	d001      	beq.n	10000276 <protothread_sched.constprop.0.isra.0+0x5a>
10000272:	e8bd 8ff8 	ldmia.w	sp!, {r3, r4, r5, r6, r7, r8, r9, sl, fp, pc}
10000276:	4c2c      	ldr	r4, [pc, #176]	@ (10000328 <protothread_sched.constprop.0.isra.0+0x10c>)
10000278:	4e2a      	ldr	r6, [pc, #168]	@ (10000324 <protothread_sched.constprop.0.isra.0+0x108>)
1000027a:	f8df 90b0 	ldr.w	r9, [pc, #176]	@ 1000032c <protothread_sched.constprop.0.isra.0+0x110>
1000027e:	f8df 80bc 	ldr.w	r8, [pc, #188]	@ 1000033c <protothread_sched.constprop.0.isra.0+0x120>
10000282:	4d2b      	ldr	r5, [pc, #172]	@ (10000330 <protothread_sched.constprop.0.isra.0+0x114>)
10000284:	f8df a0b8 	ldr.w	sl, [pc, #184]	@ 10000340 <protothread_sched.constprop.0.isra.0+0x124>
10000288:	f8d8 3000 	ldr.w	r3, [r8]
1000028c:	6832      	ldr	r2, [r6, #0]
1000028e:	3301      	adds	r3, #1
10000290:	2a00      	cmp	r2, #0
10000292:	f8c8 3000 	str.w	r3, [r8]
10000296:	6027      	str	r7, [r4, #0]
10000298:	dc00      	bgt.n	1000029c <protothread_sched.constprop.0.isra.0+0x80>
1000029a:	e7fe      	b.n	1000029a <protothread_sched.constprop.0.isra.0+0x7e>
1000029c:	f8df b08c 	ldr.w	fp, [pc, #140]	@ 1000032c <protothread_sched.constprop.0.isra.0+0x110>
100002a0:	602f      	str	r7, [r5, #0]
100002a2:	f002 fe2d 	bl	10002f00 <time_us_64>
100002a6:	6823      	ldr	r3, [r4, #0]
100002a8:	e9ca 0100 	strd	r0, r1, [sl]
100002ac:	eb03 0343 	add.w	r3, r3, r3, lsl #1
100002b0:	eb09 0383 	add.w	r3, r9, r3, lsl #2
100002b4:	689b      	ldr	r3, [r3, #8]
100002b6:	4658      	mov	r0, fp
100002b8:	4798      	blx	r3
100002ba:	682a      	ldr	r2, [r5, #0]
100002bc:	6823      	ldr	r3, [r4, #0]
100002be:	2a01      	cmp	r2, #1
100002c0:	d007      	beq.n	100002d2 <protothread_sched.constprop.0.isra.0+0xb6>
100002c2:	6832      	ldr	r2, [r6, #0]
100002c4:	3301      	adds	r3, #1
100002c6:	4293      	cmp	r3, r2
100002c8:	6023      	str	r3, [r4, #0]
100002ca:	f10b 0b0c 	add.w	fp, fp, #12
100002ce:	dadb      	bge.n	10000288 <protothread_sched.constprop.0.isra.0+0x6c>
100002d0:	e7e6      	b.n	100002a0 <protothread_sched.constprop.0.isra.0+0x84>
100002d2:	4918      	ldr	r1, [pc, #96]	@ (10000334 <protothread_sched.constprop.0.isra.0+0x118>)
100002d4:	f851 2023 	ldr.w	r2, [r1, r3, lsl #2]
100002d8:	3201      	adds	r2, #1
100002da:	f841 2023 	str.w	r2, [r1, r3, lsl #2]
100002de:	f002 fe0f 	bl	10002f00 <time_us_64>
100002e2:	468e      	mov	lr, r1
100002e4:	f8d4 b000 	ldr.w	fp, [r4]
100002e8:	4b13      	ldr	r3, [pc, #76]	@ (10000338 <protothread_sched.constprop.0.isra.0+0x11c>)
100002ea:	f8da 1004 	ldr.w	r1, [sl, #4]
100002ee:	f853 203b 	ldr.w	r2, [r3, fp, lsl #3]
100002f2:	eb03 0ccb 	add.w	ip, r3, fp, lsl #3
100002f6:	f8da 3000 	ldr.w	r3, [sl]
100002fa:	1ad3      	subs	r3, r2, r3
100002fc:	f8dc 2004 	ldr.w	r2, [ip, #4]
10000300:	eb62 0201 	sbc.w	r2, r2, r1
10000304:	181b      	adds	r3, r3, r0
10000306:	480c      	ldr	r0, [pc, #48]	@ (10000338 <protothread_sched.constprop.0.isra.0+0x11c>)
10000308:	eb42 020e 	adc.w	r2, r2, lr
1000030c:	f840 303b 	str.w	r3, [r0, fp, lsl #3]
10000310:	f8cc 2004 	str.w	r2, [ip, #4]
10000314:	e7b8      	b.n	10000288 <protothread_sched.constprop.0.isra.0+0x6c>
10000316:	f047 0701 	orr.w	r7, r7, #1
1000031a:	4738      	bx	r7
1000031c:	2001a824 	.word	0x2001a824
10000320:	2001a82c 	.word	0x2001a82c
10000324:	2001a830 	.word	0x2001a830
10000328:	2001579c 	.word	0x2001579c
1000032c:	2001a838 	.word	0x2001a838
10000330:	2001a81c 	.word	0x2001a81c
10000334:	2001a940 	.word	0x2001a940
10000338:	20000948 	.word	0x20000948
1000033c:	2001a938 	.word	0x2001a938
10000340:	200009e8 	.word	0x200009e8

10000344 <protothread_sched1.constprop.0.isra.0>:
10000344:	e92d 4ff8 	stmdb	sp!, {r3, r4, r5, r6, r7, r8, r9, sl, fp, lr}
10000348:	4b3e      	ldr	r3, [pc, #248]	@ (10000444 <protothread_sched1.constprop.0.isra.0+0x100>)
1000034a:	681f      	ldr	r7, [r3, #0]
1000034c:	2f00      	cmp	r7, #0
1000034e:	d176      	bne.n	1000043e <protothread_sched1.constprop.0.isra.0+0xfa>
10000350:	4b3d      	ldr	r3, [pc, #244]	@ (10000448 <protothread_sched1.constprop.0.isra.0+0x104>)
10000352:	f8d3 8000 	ldr.w	r8, [r3]
10000356:	f1b8 0f00 	cmp.w	r8, #0
1000035a:	d11b      	bne.n	10000394 <protothread_sched1.constprop.0.isra.0+0x50>
1000035c:	4e3b      	ldr	r6, [pc, #236]	@ (1000044c <protothread_sched1.constprop.0.isra.0+0x108>)
1000035e:	4c3c      	ldr	r4, [pc, #240]	@ (10000450 <protothread_sched1.constprop.0.isra.0+0x10c>)
10000360:	f8df 90f0 	ldr.w	r9, [pc, #240]	@ 10000454 <protothread_sched1.constprop.0.isra.0+0x110>
10000364:	6833      	ldr	r3, [r6, #0]
10000366:	e011      	b.n	1000038c <protothread_sched1.constprop.0.isra.0+0x48>
10000368:	2300      	movs	r3, #0
1000036a:	4d3a      	ldr	r5, [pc, #232]	@ (10000454 <protothread_sched1.constprop.0.isra.0+0x110>)
1000036c:	eb03 0343 	add.w	r3, r3, r3, lsl #1
10000370:	eb09 0383 	add.w	r3, r9, r3, lsl #2
10000374:	4628      	mov	r0, r5
10000376:	689b      	ldr	r3, [r3, #8]
10000378:	4798      	blx	r3
1000037a:	6823      	ldr	r3, [r4, #0]
1000037c:	6832      	ldr	r2, [r6, #0]
1000037e:	3301      	adds	r3, #1
10000380:	4293      	cmp	r3, r2
10000382:	6023      	str	r3, [r4, #0]
10000384:	f105 050c 	add.w	r5, r5, #12
10000388:	dbf0      	blt.n	1000036c <protothread_sched1.constprop.0.isra.0+0x28>
1000038a:	4613      	mov	r3, r2
1000038c:	2b00      	cmp	r3, #0
1000038e:	6027      	str	r7, [r4, #0]
10000390:	dcea      	bgt.n	10000368 <protothread_sched1.constprop.0.isra.0+0x24>
10000392:	e7fe      	b.n	10000392 <protothread_sched1.constprop.0.isra.0+0x4e>
10000394:	f1b8 0f01 	cmp.w	r8, #1
10000398:	d001      	beq.n	1000039e <protothread_sched1.constprop.0.isra.0+0x5a>
1000039a:	e8bd 8ff8 	ldmia.w	sp!, {r3, r4, r5, r6, r7, r8, r9, sl, fp, pc}
1000039e:	4c2c      	ldr	r4, [pc, #176]	@ (10000450 <protothread_sched1.constprop.0.isra.0+0x10c>)
100003a0:	4e2a      	ldr	r6, [pc, #168]	@ (1000044c <protothread_sched1.constprop.0.isra.0+0x108>)
100003a2:	f8df 90b0 	ldr.w	r9, [pc, #176]	@ 10000454 <protothread_sched1.constprop.0.isra.0+0x110>
100003a6:	f8df 80bc 	ldr.w	r8, [pc, #188]	@ 10000464 <protothread_sched1.constprop.0.isra.0+0x120>
100003aa:	4d2b      	ldr	r5, [pc, #172]	@ (10000458 <protothread_sched1.constprop.0.isra.0+0x114>)
100003ac:	f8df a0b8 	ldr.w	sl, [pc, #184]	@ 10000468 <protothread_sched1.constprop.0.isra.0+0x124>
100003b0:	f8d8 3000 	ldr.w	r3, [r8]
100003b4:	6832      	ldr	r2, [r6, #0]
100003b6:	3301      	adds	r3, #1
100003b8:	2a00      	cmp	r2, #0
100003ba:	f8c8 3000 	str.w	r3, [r8]
100003be:	6027      	str	r7, [r4, #0]
100003c0:	dc00      	bgt.n	100003c4 <protothread_sched1.constprop.0.isra.0+0x80>
100003c2:	e7fe      	b.n	100003c2 <protothread_sched1.constprop.0.isra.0+0x7e>
100003c4:	f8df b08c 	ldr.w	fp, [pc, #140]	@ 10000454 <protothread_sched1.constprop.0.isra.0+0x110>
100003c8:	602f      	str	r7, [r5, #0]
100003ca:	f002 fd99 	bl	10002f00 <time_us_64>
100003ce:	6823      	ldr	r3, [r4, #0]
100003d0:	e9ca 0100 	strd	r0, r1, [sl]
100003d4:	eb03 0343 	add.w	r3, r3, r3, lsl #1
100003d8:	eb09 0383 	add.w	r3, r9, r3, lsl #2
100003dc:	689b      	ldr	r3, [r3, #8]
100003de:	4658      	mov	r0, fp
100003e0:	4798      	blx	r3
100003e2:	682a      	ldr	r2, [r5, #0]
100003e4:	6823      	ldr	r3, [r4, #0]
100003e6:	2a01      	cmp	r2, #1
100003e8:	d007      	beq.n	100003fa <protothread_sched1.constprop.0.isra.0+0xb6>
100003ea:	6832      	ldr	r2, [r6, #0]
100003ec:	3301      	adds	r3, #1
100003ee:	4293      	cmp	r3, r2
100003f0:	6023      	str	r3, [r4, #0]
100003f2:	f10b 0b0c 	add.w	fp, fp, #12
100003f6:	dadb      	bge.n	100003b0 <protothread_sched1.constprop.0.isra.0+0x6c>
100003f8:	e7e6      	b.n	100003c8 <protothread_sched1.constprop.0.isra.0+0x84>
100003fa:	4918      	ldr	r1, [pc, #96]	@ (1000045c <protothread_sched1.constprop.0.isra.0+0x118>)
100003fc:	f851 2023 	ldr.w	r2, [r1, r3, lsl #2]
10000400:	3201      	adds	r2, #1
10000402:	f841 2023 	str.w	r2, [r1, r3, lsl #2]
10000406:	f002 fd7b 	bl	10002f00 <time_us_64>
1000040a:	468e      	mov	lr, r1
1000040c:	f8d4 b000 	ldr.w	fp, [r4]
10000410:	4b13      	ldr	r3, [pc, #76]	@ (10000460 <protothread_sched1.constprop.0.isra.0+0x11c>)
10000412:	f8da 1004 	ldr.w	r1, [sl, #4]
10000416:	f853 203b 	ldr.w	r2, [r3, fp, lsl #3]
1000041a:	eb03 0ccb 	add.w	ip, r3, fp, lsl #3
1000041e:	f8da 3000 	ldr.w	r3, [sl]
10000422:	1ad3      	subs	r3, r2, r3
10000424:	f8dc 2004 	ldr.w	r2, [ip, #4]
10000428:	eb62 0201 	sbc.w	r2, r2, r1
1000042c:	181b      	adds	r3, r3, r0
1000042e:	480c      	ldr	r0, [pc, #48]	@ (10000460 <protothread_sched1.constprop.0.isra.0+0x11c>)
10000430:	eb42 020e 	adc.w	r2, r2, lr
10000434:	f840 303b 	str.w	r3, [r0, fp, lsl #3]
10000438:	f8cc 2004 	str.w	r2, [ip, #4]
1000043c:	e7b8      	b.n	100003b0 <protothread_sched1.constprop.0.isra.0+0x6c>
1000043e:	f047 0701 	orr.w	r7, r7, #1
10000442:	4738      	bx	r7
10000444:	2001a828 	.word	0x2001a828
10000448:	2001a82c 	.word	0x2001a82c
1000044c:	2001a834 	.word	0x2001a834
10000450:	200157a0 	.word	0x200157a0
10000454:	2001a8b0 	.word	0x2001a8b0
10000458:	2001a820 	.word	0x2001a820
1000045c:	2001a968 	.word	0x2001a968
10000460:	20000998 	.word	0x20000998
10000464:	2001a93c 	.word	0x2001a93c
10000468:	200009f0 	.word	0x200009f0

1000046c <initAudio>:
1000046c:	b5f8      	push	{r3, r4, r5, r6, r7, lr}
1000046e:	2702      	movs	r7, #2
10000470:	4c3e      	ldr	r4, [pc, #248]	@ (1000056c <initAudio+0x100>)
10000472:	ed2d 8b06 	vpush	{d8-d10}
10000476:	4620      	mov	r0, r4
10000478:	493d      	ldr	r1, [pc, #244]	@ (10000570 <initAudio+0x104>)
1000047a:	f005 feeb 	bl	10006254 <spi_init>
1000047e:	4b3d      	ldr	r3, [pc, #244]	@ (10000574 <initAudio+0x108>)
10000480:	6862      	ldr	r2, [r4, #4]
10000482:	605f      	str	r7, [r3, #4]
10000484:	6823      	ldr	r3, [r4, #0]
10000486:	4e3c      	ldr	r6, [pc, #240]	@ (10000578 <initAudio+0x10c>)
10000488:	4d3c      	ldr	r5, [pc, #240]	@ (1000057c <initAudio+0x110>)
1000048a:	f083 030f 	eor.w	r3, r3, #15
1000048e:	403a      	ands	r2, r7
10000490:	f003 03cf 	and.w	r3, r3, #207	@ 0xcf
10000494:	6033      	str	r3, [r6, #0]
10000496:	2101      	movs	r1, #1
10000498:	606a      	str	r2, [r5, #4]
1000049a:	2005      	movs	r0, #5
1000049c:	f001 fd82 	bl	10001fa4 <gpio_set_function>
100004a0:	2101      	movs	r1, #1
100004a2:	2006      	movs	r0, #6
100004a4:	f001 fd7e 	bl	10001fa4 <gpio_set_function>
100004a8:	4f35      	ldr	r7, [pc, #212]	@ (10000580 <initAudio+0x114>)
100004aa:	2101      	movs	r1, #1
100004ac:	2007      	movs	r0, #7
100004ae:	f001 fd79 	bl	10001fa4 <gpio_set_function>
100004b2:	f44f 5360 	mov.w	r3, #14336	@ 0x3800
100004b6:	463d      	mov	r5, r7
100004b8:	2401      	movs	r4, #1
100004ba:	ed9f aa32 	vldr	s20, [pc, #200]	@ 10000584 <initAudio+0x118>
100004be:	eddf 9a32 	vldr	s19, [pc, #200]	@ 10000588 <initAudio+0x11c>
100004c2:	eeb7 9a00 	vmov.f32	s18, #112	@ 0x3f800000  1.0
100004c6:	eddf 8a31 	vldr	s17, [pc, #196]	@ 1000058c <initAudio+0x120>
100004ca:	f640 76ff 	movw	r6, #4095	@ 0xfff
100004ce:	803b      	strh	r3, [r7, #0]
100004d0:	ee07 4a90 	vmov	s15, r4
100004d4:	eeb8 8ae7 	vcvt.f32.s32	s16, s15
100004d8:	ee28 8a0a 	vmul.f32	s16, s16, s20
100004dc:	ee68 7a29 	vmul.f32	s15, s16, s19
100004e0:	ee17 0a90 	vmov	r0, s15
100004e4:	f003 fc20 	bl	10003d28 <__wrap_sinf>
100004e8:	ee39 8a48 	vsub.f32	s16, s18, s16
100004ec:	ee07 0a90 	vmov	s15, r0
100004f0:	ee28 8a28 	vmul.f32	s16, s16, s17
100004f4:	ee28 8a27 	vmul.f32	s16, s16, s15
100004f8:	eebd 8ac8 	vcvt.s32.f32	s16, s16
100004fc:	ee18 3a10 	vmov	r3, s16
10000500:	f503 6300 	add.w	r3, r3, #2048	@ 0x800
10000504:	42b3      	cmp	r3, r6
10000506:	bfa8      	it	ge
10000508:	4633      	movge	r3, r6
1000050a:	3401      	adds	r4, #1
1000050c:	ea23 73e3 	bic.w	r3, r3, r3, asr #31
10000510:	f443 5340 	orr.w	r3, r3, #12288	@ 0x3000
10000514:	f5b4 6f00 	cmp.w	r4, #2048	@ 0x800
10000518:	f825 3f02 	strh.w	r3, [r5, #2]!
1000051c:	d1d8      	bne.n	100004d0 <initAudio+0x64>
1000051e:	2001      	movs	r0, #1
10000520:	f005 fe86 	bl	10006230 <dma_claim_unused_channel>
10000524:	4605      	mov	r5, r0
10000526:	4e1a      	ldr	r6, [pc, #104]	@ (10000590 <initAudio+0x124>)
10000528:	2005      	movs	r0, #5
1000052a:	6035      	str	r5, [r6, #0]
1000052c:	f002 fe18 	bl	10003160 <clock_get_hz>
10000530:	ecbd 8b06 	vpop	{d8-d10}
10000534:	f04f 41a0 	mov.w	r1, #1342177280	@ 0x50000000
10000538:	4b16      	ldr	r3, [pc, #88]	@ (10000594 <initAudio+0x128>)
1000053a:	fba3 2300 	umull	r2, r3, r3, r0
1000053e:	f3c3 23cf 	ubfx	r3, r3, #11, #16
10000542:	f443 3380 	orr.w	r3, r3, #65536	@ 0x10000
10000546:	4a14      	ldr	r2, [pc, #80]	@ (10000598 <initAudio+0x12c>)
10000548:	f8c1 3440 	str.w	r3, [r1, #1088]	@ 0x440
1000054c:	6833      	ldr	r3, [r6, #0]
1000054e:	ea02 3245 	and.w	r2, r2, r5, lsl #13
10000552:	4912      	ldr	r1, [pc, #72]	@ (1000059c <initAudio+0x130>)
10000554:	019b      	lsls	r3, r3, #6
10000556:	f442 02ec 	orr.w	r2, r2, #7733248	@ 0x760000
1000055a:	f103 43a0 	add.w	r3, r3, #1342177280	@ 0x50000000
1000055e:	f042 0215 	orr.w	r2, r2, #21
10000562:	601f      	str	r7, [r3, #0]
10000564:	6059      	str	r1, [r3, #4]
10000566:	609c      	str	r4, [r3, #8]
10000568:	611a      	str	r2, [r3, #16]
1000056a:	bdf8      	pop	{r3, r4, r5, r6, r7, pc}
1000056c:	40080000 	.word	0x40080000
10000570:	01312d00 	.word	0x01312d00
10000574:	40083000 	.word	0x40083000
10000578:	40081000 	.word	0x40081000
1000057c:	40082000 	.word	0x40082000
10000580:	2001a990 	.word	0x2001a990
10000584:	3a000000 	.word	0x3a000000
10000588:	42e231d6 	.word	0x42e231d6
1000058c:	44e10000 	.word	0x44e10000
10000590:	20000a2c 	.word	0x20000a2c
10000594:	09f59565 	.word	0x09f59565
10000598:	fc01ffff 	.word	0xfc01ffff
1000059c:	40080008 	.word	0x40080008

100005a0 <buildPegs>:
100005a0:	f8df c1fc 	ldr.w	ip, [pc, #508]	@ 100007a0 <buildPegs+0x200>
100005a4:	4b7b      	ldr	r3, [pc, #492]	@ (10000794 <buildPegs+0x1f4>)
100005a6:	b5f0      	push	{r4, r5, r6, r7, lr}
100005a8:	487b      	ldr	r0, [pc, #492]	@ (10000798 <buildPegs+0x1f8>)
100005aa:	f8cc 3000 	str.w	r3, [ip]
100005ae:	4b7b      	ldr	r3, [pc, #492]	@ (1000079c <buildPegs+0x1fc>)
100005b0:	f240 1453 	movw	r4, #339	@ 0x153
100005b4:	2163      	movs	r1, #99	@ 0x63
100005b6:	6003      	str	r3, [r0, #0]
100005b8:	f04f 0e02 	mov.w	lr, #2
100005bc:	2303      	movs	r3, #3
100005be:	f44f 728d 	mov.w	r2, #282	@ 0x11a
100005c2:	f8ac 4004 	strh.w	r4, [ip, #4]
100005c6:	8081      	strh	r1, [r0, #4]
100005c8:	f5c2 71c8 	rsb	r1, r2, #400	@ 0x190
100005cc:	1c5d      	adds	r5, r3, #1
100005ce:	f102 0726 	add.w	r7, r2, #38	@ 0x26
100005d2:	1c9c      	adds	r4, r3, #2
100005d4:	f82c 2013 	strh.w	r2, [ip, r3, lsl #1]
100005d8:	f820 1013 	strh.w	r1, [r0, r3, lsl #1]
100005dc:	f82c 7015 	strh.w	r7, [ip, r5, lsl #1]
100005e0:	f820 1015 	strh.w	r1, [r0, r5, lsl #1]
100005e4:	f1be 0f02 	cmp.w	lr, #2
100005e8:	f102 054c 	add.w	r5, r2, #76	@ 0x4c
100005ec:	f82c 5014 	strh.w	r5, [ip, r4, lsl #1]
100005f0:	f820 1014 	strh.w	r1, [r0, r4, lsl #1]
100005f4:	f103 0403 	add.w	r4, r3, #3
100005f8:	f000 808b 	beq.w	10000712 <buildPegs+0x172>
100005fc:	f102 0572 	add.w	r5, r2, #114	@ 0x72
10000600:	f1be 0f03 	cmp.w	lr, #3
10000604:	f82c 5014 	strh.w	r5, [ip, r4, lsl #1]
10000608:	f820 1014 	strh.w	r1, [r0, r4, lsl #1]
1000060c:	f103 0404 	add.w	r4, r3, #4
10000610:	f000 8084 	beq.w	1000071c <buildPegs+0x17c>
10000614:	f102 0598 	add.w	r5, r2, #152	@ 0x98
10000618:	f1be 0f04 	cmp.w	lr, #4
1000061c:	f82c 5014 	strh.w	r5, [ip, r4, lsl #1]
10000620:	f820 1014 	strh.w	r1, [r0, r4, lsl #1]
10000624:	f103 0405 	add.w	r4, r3, #5
10000628:	d07d      	beq.n	10000726 <buildPegs+0x186>
1000062a:	f102 05be 	add.w	r5, r2, #190	@ 0xbe
1000062e:	f1be 0f05 	cmp.w	lr, #5
10000632:	f82c 5014 	strh.w	r5, [ip, r4, lsl #1]
10000636:	f820 1014 	strh.w	r1, [r0, r4, lsl #1]
1000063a:	f103 0406 	add.w	r4, r3, #6
1000063e:	d077      	beq.n	10000730 <buildPegs+0x190>
10000640:	f102 05e4 	add.w	r5, r2, #228	@ 0xe4
10000644:	f1be 0f06 	cmp.w	lr, #6
10000648:	f82c 5014 	strh.w	r5, [ip, r4, lsl #1]
1000064c:	f820 1014 	strh.w	r1, [r0, r4, lsl #1]
10000650:	f103 0407 	add.w	r4, r3, #7
10000654:	d071      	beq.n	1000073a <buildPegs+0x19a>
10000656:	f502 7585 	add.w	r5, r2, #266	@ 0x10a
1000065a:	f1be 0f07 	cmp.w	lr, #7
1000065e:	f82c 5014 	strh.w	r5, [ip, r4, lsl #1]
10000662:	f820 1014 	strh.w	r1, [r0, r4, lsl #1]
10000666:	f103 0408 	add.w	r4, r3, #8
1000066a:	d06b      	beq.n	10000744 <buildPegs+0x1a4>
1000066c:	f502 7598 	add.w	r5, r2, #304	@ 0x130
10000670:	f1be 0f08 	cmp.w	lr, #8
10000674:	f82c 5014 	strh.w	r5, [ip, r4, lsl #1]
10000678:	f820 1014 	strh.w	r1, [r0, r4, lsl #1]
1000067c:	f103 0409 	add.w	r4, r3, #9
10000680:	d065      	beq.n	1000074e <buildPegs+0x1ae>
10000682:	f502 75ab 	add.w	r5, r2, #342	@ 0x156
10000686:	f1be 0f09 	cmp.w	lr, #9
1000068a:	f82c 5014 	strh.w	r5, [ip, r4, lsl #1]
1000068e:	f820 1014 	strh.w	r1, [r0, r4, lsl #1]
10000692:	f103 040a 	add.w	r4, r3, #10
10000696:	d05f      	beq.n	10000758 <buildPegs+0x1b8>
10000698:	f502 75be 	add.w	r5, r2, #380	@ 0x17c
1000069c:	f1be 0f0a 	cmp.w	lr, #10
100006a0:	f82c 5014 	strh.w	r5, [ip, r4, lsl #1]
100006a4:	f820 1014 	strh.w	r1, [r0, r4, lsl #1]
100006a8:	f103 040b 	add.w	r4, r3, #11
100006ac:	d059      	beq.n	10000762 <buildPegs+0x1c2>
100006ae:	f502 75d1 	add.w	r5, r2, #418	@ 0x1a2
100006b2:	f1be 0f0b 	cmp.w	lr, #11
100006b6:	f82c 5014 	strh.w	r5, [ip, r4, lsl #1]
100006ba:	f820 1014 	strh.w	r1, [r0, r4, lsl #1]
100006be:	f103 040c 	add.w	r4, r3, #12
100006c2:	d053      	beq.n	1000076c <buildPegs+0x1cc>
100006c4:	f502 75e4 	add.w	r5, r2, #456	@ 0x1c8
100006c8:	f1be 0f0c 	cmp.w	lr, #12
100006cc:	f82c 5014 	strh.w	r5, [ip, r4, lsl #1]
100006d0:	f820 1014 	strh.w	r1, [r0, r4, lsl #1]
100006d4:	f103 040d 	add.w	r4, r3, #13
100006d8:	d04d      	beq.n	10000776 <buildPegs+0x1d6>
100006da:	f502 75f7 	add.w	r5, r2, #494	@ 0x1ee
100006de:	f1be 0f0d 	cmp.w	lr, #13
100006e2:	f82c 5014 	strh.w	r5, [ip, r4, lsl #1]
100006e6:	f820 1014 	strh.w	r1, [r0, r4, lsl #1]
100006ea:	f103 040e 	add.w	r4, r3, #14
100006ee:	d047      	beq.n	10000780 <buildPegs+0x1e0>
100006f0:	f502 7505 	add.w	r5, r2, #532	@ 0x214
100006f4:	f1be 0f0f 	cmp.w	lr, #15
100006f8:	f82c 5014 	strh.w	r5, [ip, r4, lsl #1]
100006fc:	f820 1014 	strh.w	r1, [r0, r4, lsl #1]
10000700:	d143      	bne.n	1000078a <buildPegs+0x1ea>
10000702:	330f      	adds	r3, #15
10000704:	f202 223a 	addw	r2, r2, #570	@ 0x23a
10000708:	f82c 2013 	strh.w	r2, [ip, r3, lsl #1]
1000070c:	f820 1013 	strh.w	r1, [r0, r3, lsl #1]
10000710:	bdf0      	pop	{r4, r5, r6, r7, pc}
10000712:	4623      	mov	r3, r4
10000714:	f04f 0e03 	mov.w	lr, #3
10000718:	3a13      	subs	r2, #19
1000071a:	e755      	b.n	100005c8 <buildPegs+0x28>
1000071c:	4623      	mov	r3, r4
1000071e:	f04f 0e04 	mov.w	lr, #4
10000722:	3a13      	subs	r2, #19
10000724:	e750      	b.n	100005c8 <buildPegs+0x28>
10000726:	4623      	mov	r3, r4
10000728:	f04f 0e05 	mov.w	lr, #5
1000072c:	3a13      	subs	r2, #19
1000072e:	e74b      	b.n	100005c8 <buildPegs+0x28>
10000730:	4623      	mov	r3, r4
10000732:	f04f 0e06 	mov.w	lr, #6
10000736:	3a13      	subs	r2, #19
10000738:	e746      	b.n	100005c8 <buildPegs+0x28>
1000073a:	4623      	mov	r3, r4
1000073c:	f04f 0e07 	mov.w	lr, #7
10000740:	3a13      	subs	r2, #19
10000742:	e741      	b.n	100005c8 <buildPegs+0x28>
10000744:	4623      	mov	r3, r4
10000746:	f04f 0e08 	mov.w	lr, #8
1000074a:	3a13      	subs	r2, #19
1000074c:	e73c      	b.n	100005c8 <buildPegs+0x28>
1000074e:	4623      	mov	r3, r4
10000750:	f04f 0e09 	mov.w	lr, #9
10000754:	3a13      	subs	r2, #19
10000756:	e737      	b.n	100005c8 <buildPegs+0x28>
10000758:	4623      	mov	r3, r4
1000075a:	f04f 0e0a 	mov.w	lr, #10
1000075e:	3a13      	subs	r2, #19
10000760:	e732      	b.n	100005c8 <buildPegs+0x28>
10000762:	4623      	mov	r3, r4
10000764:	f04f 0e0b 	mov.w	lr, #11
10000768:	3a13      	subs	r2, #19
1000076a:	e72d      	b.n	100005c8 <buildPegs+0x28>
1000076c:	4623      	mov	r3, r4
1000076e:	f04f 0e0c 	mov.w	lr, #12
10000772:	3a13      	subs	r2, #19
10000774:	e728      	b.n	100005c8 <buildPegs+0x28>
10000776:	4623      	mov	r3, r4
10000778:	f04f 0e0d 	mov.w	lr, #13
1000077c:	3a13      	subs	r2, #19
1000077e:	e723      	b.n	100005c8 <buildPegs+0x28>
10000780:	4623      	mov	r3, r4
10000782:	f04f 0e0e 	mov.w	lr, #14
10000786:	3a13      	subs	r2, #19
10000788:	e71e      	b.n	100005c8 <buildPegs+0x28>
1000078a:	f04f 0e0f 	mov.w	lr, #15
1000078e:	3a13      	subs	r2, #19
10000790:	4473      	add	r3, lr
10000792:	e719      	b.n	100005c8 <buildPegs+0x28>
10000794:	012d0140 	.word	0x012d0140
10000798:	2001a6ec 	.word	0x2001a6ec
1000079c:	00630050 	.word	0x00630050
100007a0:	2001a5dc 	.word	0x2001a5dc

100007a4 <checkPegCollision>:
100007a4:	4b83      	ldr	r3, [pc, #524]	@ (100009b4 <checkPegCollision+0x210>)
100007a6:	e92d 4ff0 	stmdb	sp!, {r4, r5, r6, r7, r8, r9, sl, fp, lr}
100007aa:	f853 9020 	ldr.w	r9, [r3, r0, lsl #2]
100007ae:	b083      	sub	sp, #12
100007b0:	ea4f 33e9 	mov.w	r3, r9, asr #15
100007b4:	f1a3 0150 	sub.w	r1, r3, #80	@ 0x50
100007b8:	f111 0f0b 	cmn.w	r1, #11
100007bc:	f2c0 80de 	blt.w	1000097c <checkPegCollision+0x1d8>
100007c0:	4c7d      	ldr	r4, [pc, #500]	@ (100009b8 <checkPegCollision+0x214>)
100007c2:	f1a3 0245 	sub.w	r2, r3, #69	@ 0x45
100007c6:	fb84 6502 	smull	r6, r5, r4, r2
100007ca:	2909      	cmp	r1, #9
100007cc:	ea4f 72e2 	mov.w	r2, r2, asr #31
100007d0:	ebc2 0be5 	rsb	fp, r2, r5, asr #3
100007d4:	f340 80d5 	ble.w	10000982 <checkPegCollision+0x1de>
100007d8:	f5b3 7fba 	cmp.w	r3, #372	@ 0x174
100007dc:	bfc8      	it	gt
100007de:	f04f 0b0f 	movgt.w	fp, #15
100007e2:	3b5a      	subs	r3, #90	@ 0x5a
100007e4:	fb84 2403 	smull	r2, r4, r4, r3
100007e8:	17db      	asrs	r3, r3, #31
100007ea:	ebc3 03e4 	rsb	r3, r3, r4, asr #3
100007ee:	459b      	cmp	fp, r3
100007f0:	f2c0 80c4 	blt.w	1000097c <checkPegCollision+0x1d8>
100007f4:	f46f 7496 	mvn.w	r4, #300	@ 0x12c
100007f8:	4970      	ldr	r1, [pc, #448]	@ (100009bc <checkPegCollision+0x218>)
100007fa:	eb03 02c3 	add.w	r2, r3, r3, lsl #3
100007fe:	f851 a020 	ldr.w	sl, [r1, r0, lsl #2]
10000802:	eb03 0242 	add.w	r2, r3, r2, lsl #1
10000806:	ea4f 31ea 	mov.w	r1, sl, asr #15
1000080a:	4421      	add	r1, r4
1000080c:	4411      	add	r1, r2
1000080e:	2900      	cmp	r1, #0
10000810:	9001      	str	r0, [sp, #4]
10000812:	f2c0 80c0 	blt.w	10000996 <checkPegCollision+0x1f2>
10000816:	4a68      	ldr	r2, [pc, #416]	@ (100009b8 <checkPegCollision+0x214>)
10000818:	17cc      	asrs	r4, r1, #31
1000081a:	fb82 0201 	smull	r0, r2, r2, r1
1000081e:	ebc4 1422 	rsb	r4, r4, r2, asr #4
10000822:	429c      	cmp	r4, r3
10000824:	bfa8      	it	ge
10000826:	461c      	movge	r4, r3
10000828:	f103 0c01 	add.w	ip, r3, #1
1000082c:	fb1c f303 	smulbb	r3, ip, r3
10000830:	eb04 0463 	add.w	r4, r4, r3, asr #1
10000834:	4b62      	ldr	r3, [pc, #392]	@ (100009c0 <checkPegCollision+0x21c>)
10000836:	f933 5014 	ldrsh.w	r5, [r3, r4, lsl #1]
1000083a:	ebaa 38c5 	sub.w	r8, sl, r5, lsl #15
1000083e:	ea88 72e8 	eor.w	r2, r8, r8, asr #31
10000842:	eba2 72e8 	sub.w	r2, r2, r8, asr #31
10000846:	f5b2 2fa0 	cmp.w	r2, #327680	@ 0x50000
1000084a:	f280 809c 	bge.w	10000986 <checkPegCollision+0x1e2>
1000084e:	4b5d      	ldr	r3, [pc, #372]	@ (100009c4 <checkPegCollision+0x220>)
10000850:	f933 7014 	ldrsh.w	r7, [r3, r4, lsl #1]
10000854:	eba9 36c7 	sub.w	r6, r9, r7, lsl #15
10000858:	ea86 70e6 	eor.w	r0, r6, r6, asr #31
1000085c:	eba0 70e6 	sub.w	r0, r0, r6, asr #31
10000860:	f5b0 2fa0 	cmp.w	r0, #327680	@ 0x50000
10000864:	f280 808f 	bge.w	10000986 <checkPegCollision+0x1e2>
10000868:	4282      	cmp	r2, r0
1000086a:	f647 23ef 	movw	r3, #31471	@ 0x7aef
1000086e:	f243 2eeb 	movw	lr, #13035	@ 0x32eb
10000872:	f340 8092 	ble.w	1000099a <checkPegCollision+0x1f6>
10000876:	fb82 3203 	smull	r3, r2, r2, r3
1000087a:	fb80 e00e 	smull	lr, r0, r0, lr
1000087e:	0bdb      	lsrs	r3, r3, #15
10000880:	ea4f 3ede 	mov.w	lr, lr, lsr #15
10000884:	ea43 4342 	orr.w	r3, r3, r2, lsl #17
10000888:	ea4e 4e40 	orr.w	lr, lr, r0, lsl #17
1000088c:	4473      	add	r3, lr
1000088e:	f5b3 2fa0 	cmp.w	r3, #327680	@ 0x50000
10000892:	da78      	bge.n	10000986 <checkPegCollision+0x1e2>
10000894:	2b01      	cmp	r3, #1
10000896:	bfb8      	it	lt
10000898:	2301      	movlt	r3, #1
1000089a:	ea4f 71e8 	mov.w	r1, r8, asr #31
1000089e:	03c9      	lsls	r1, r1, #15
100008a0:	469a      	mov	sl, r3
100008a2:	461a      	mov	r2, r3
100008a4:	ea41 4158 	orr.w	r1, r1, r8, lsr #17
100008a8:	ea4f 30c8 	mov.w	r0, r8, lsl #15
100008ac:	17db      	asrs	r3, r3, #31
100008ae:	f005 fe43 	bl	10006538 <____aeabi_ldivmod_veneer>
100008b2:	17f1      	asrs	r1, r6, #31
100008b4:	03c9      	lsls	r1, r1, #15
100008b6:	4680      	mov	r8, r0
100008b8:	ea4f 73ea 	mov.w	r3, sl, asr #31
100008bc:	4652      	mov	r2, sl
100008be:	ea41 4156 	orr.w	r1, r1, r6, lsr #17
100008c2:	03f0      	lsls	r0, r6, #15
100008c4:	f005 fe38 	bl	10006538 <____aeabi_ldivmod_veneer>
100008c8:	f44f 23b0 	mov.w	r3, #360448	@ 0x58000
100008cc:	fb88 2a03 	smull	r2, sl, r8, r3
100008d0:	0bd2      	lsrs	r2, r2, #15
100008d2:	ea42 424a 	orr.w	r2, r2, sl, lsl #17
100008d6:	f8dd 9004 	ldr.w	r9, [sp, #4]
100008da:	eb02 32c5 	add.w	r2, r2, r5, lsl #15
100008de:	4d37      	ldr	r5, [pc, #220]	@ (100009bc <checkPegCollision+0x218>)
100008e0:	f8df e0f0 	ldr.w	lr, [pc, #240]	@ 100009d4 <checkPegCollision+0x230>
100008e4:	f845 2029 	str.w	r2, [r5, r9, lsl #2]
100008e8:	fb80 3203 	smull	r3, r2, r0, r3
100008ec:	0bdb      	lsrs	r3, r3, #15
100008ee:	ea43 4342 	orr.w	r3, r3, r2, lsl #17
100008f2:	f85e 6029 	ldr.w	r6, [lr, r9, lsl #2]
100008f6:	4a2f      	ldr	r2, [pc, #188]	@ (100009b4 <checkPegCollision+0x210>)
100008f8:	eb03 33c7 	add.w	r3, r3, r7, lsl #15
100008fc:	f842 3029 	str.w	r3, [r2, r9, lsl #2]
10000900:	fb88 3206 	smull	r3, r2, r8, r6
10000904:	f8df c0d0 	ldr.w	ip, [pc, #208]	@ 100009d8 <checkPegCollision+0x234>
10000908:	0bdb      	lsrs	r3, r3, #15
1000090a:	f85c 1029 	ldr.w	r1, [ip, r9, lsl #2]
1000090e:	ea43 4342 	orr.w	r3, r3, r2, lsl #17
10000912:	fb80 2501 	smull	r2, r5, r0, r1
10000916:	0bd2      	lsrs	r2, r2, #15
10000918:	ea42 4245 	orr.w	r2, r2, r5, lsl #17
1000091c:	189b      	adds	r3, r3, r2
1000091e:	d52d      	bpl.n	1000097c <checkPegCollision+0x1d8>
10000920:	ebc3 73c3 	rsb	r3, r3, r3, lsl #31
10000924:	005b      	lsls	r3, r3, #1
10000926:	fb88 8203 	smull	r8, r2, r8, r3
1000092a:	fb80 0303 	smull	r0, r3, r0, r3
1000092e:	0bc0      	lsrs	r0, r0, #15
10000930:	ea40 4043 	orr.w	r0, r0, r3, lsl #17
10000934:	4b24      	ldr	r3, [pc, #144]	@ (100009c8 <checkPegCollision+0x224>)
10000936:	4401      	add	r1, r0
10000938:	ea4f 38d8 	mov.w	r8, r8, lsr #15
1000093c:	f853 0029 	ldr.w	r0, [r3, r9, lsl #2]
10000940:	ea48 4842 	orr.w	r8, r8, r2, lsl #17
10000944:	4446      	add	r6, r8
10000946:	42a0      	cmp	r0, r4
10000948:	f84e 6029 	str.w	r6, [lr, r9, lsl #2]
1000094c:	f84c 1029 	str.w	r1, [ip, r9, lsl #2]
10000950:	d014      	beq.n	1000097c <checkPegCollision+0x1d8>
10000952:	f843 4029 	str.w	r4, [r3, r9, lsl #2]
10000956:	2401      	movs	r4, #1
10000958:	4b1c      	ldr	r3, [pc, #112]	@ (100009cc <checkPegCollision+0x228>)
1000095a:	481d      	ldr	r0, [pc, #116]	@ (100009d0 <checkPegCollision+0x22c>)
1000095c:	681b      	ldr	r3, [r3, #0]
1000095e:	7004      	strb	r4, [r0, #0]
10000960:	fb83 2006 	smull	r2, r0, r3, r6
10000964:	fb83 3101 	smull	r3, r1, r3, r1
10000968:	0bd2      	lsrs	r2, r2, #15
1000096a:	0bdb      	lsrs	r3, r3, #15
1000096c:	ea42 4240 	orr.w	r2, r2, r0, lsl #17
10000970:	ea43 4341 	orr.w	r3, r3, r1, lsl #17
10000974:	f84e 2029 	str.w	r2, [lr, r9, lsl #2]
10000978:	f84c 3029 	str.w	r3, [ip, r9, lsl #2]
1000097c:	b003      	add	sp, #12
1000097e:	e8bd 8ff0 	ldmia.w	sp!, {r4, r5, r6, r7, r8, r9, sl, fp, pc}
10000982:	2300      	movs	r3, #0
10000984:	e736      	b.n	100007f4 <checkPegCollision+0x50>
10000986:	45dc      	cmp	ip, fp
10000988:	f101 0113 	add.w	r1, r1, #19
1000098c:	dcf6      	bgt.n	1000097c <checkPegCollision+0x1d8>
1000098e:	2900      	cmp	r1, #0
10000990:	4663      	mov	r3, ip
10000992:	f6bf af40 	bge.w	10000816 <checkPegCollision+0x72>
10000996:	2400      	movs	r4, #0
10000998:	e743      	b.n	10000822 <checkPegCollision+0x7e>
1000099a:	fb80 3003 	smull	r3, r0, r0, r3
1000099e:	fb82 e20e 	smull	lr, r2, r2, lr
100009a2:	0bdb      	lsrs	r3, r3, #15
100009a4:	ea4f 3ede 	mov.w	lr, lr, lsr #15
100009a8:	ea43 4340 	orr.w	r3, r3, r0, lsl #17
100009ac:	ea4e 4e42 	orr.w	lr, lr, r2, lsl #17
100009b0:	4473      	add	r3, lr
100009b2:	e76c      	b.n	1000088e <checkPegCollision+0xea>
100009b4:	2000f490 	.word	0x2000f490
100009b8:	6bca1af3 	.word	0x6bca1af3
100009bc:	2000a670 	.word	0x2000a670
100009c0:	2001a5dc 	.word	0x2001a5dc
100009c4:	2001a6ec 	.word	0x2001a6ec
100009c8:	200157a8 	.word	0x200157a8
100009cc:	200006ac 	.word	0x200006ac
100009d0:	200669e6 	.word	0x200669e6
100009d4:	20000a30 	.word	0x20000a30
100009d8:	20005850 	.word	0x20005850

100009dc <checkScreenEdges>:
100009dc:	b530      	push	{r4, r5, lr}
100009de:	f8df c144 	ldr.w	ip, [pc, #324]	@ 10000b24 <checkScreenEdges+0x148>
100009e2:	f8df e144 	ldr.w	lr, [pc, #324]	@ 10000b28 <checkScreenEdges+0x14c>
100009e6:	f85c 2020 	ldr.w	r2, [ip, r0, lsl #2]
100009ea:	f85e 3020 	ldr.w	r3, [lr, r0, lsl #2]
100009ee:	f5b2 2fc0 	cmp.w	r2, #393216	@ 0x60000
100009f2:	b083      	sub	sp, #12
100009f4:	ea4f 31e2 	mov.w	r1, r2, asr #15
100009f8:	ea4f 33e3 	mov.w	r3, r3, asr #15
100009fc:	da13      	bge.n	10000a26 <checkScreenEdges+0x4a>
100009fe:	f44f 22c0 	mov.w	r2, #393216	@ 0x60000
10000a02:	4c40      	ldr	r4, [pc, #256]	@ (10000b04 <checkScreenEdges+0x128>)
10000a04:	f84c 2020 	str.w	r2, [ip, r0, lsl #2]
10000a08:	f854 2020 	ldr.w	r2, [r4, r0, lsl #2]
10000a0c:	2b17      	cmp	r3, #23
10000a0e:	f1c2 0200 	rsb	r2, r2, #0
10000a12:	f844 2020 	str.w	r2, [r4, r0, lsl #2]
10000a16:	dc2a      	bgt.n	10000a6e <checkScreenEdges+0x92>
10000a18:	4a3b      	ldr	r2, [pc, #236]	@ (10000b08 <checkScreenEdges+0x12c>)
10000a1a:	f852 3020 	ldr.w	r3, [r2, r0, lsl #2]
10000a1e:	2b00      	cmp	r3, #0
10000a20:	db64      	blt.n	10000aec <checkScreenEdges+0x110>
10000a22:	b003      	add	sp, #12
10000a24:	bd30      	pop	{r4, r5, pc}
10000a26:	f5b1 7f1d 	cmp.w	r1, #628	@ 0x274
10000a2a:	dd09      	ble.n	10000a40 <checkScreenEdges+0x64>
10000a2c:	f04f 729d 	mov.w	r2, #20578304	@ 0x13a0000
10000a30:	4c34      	ldr	r4, [pc, #208]	@ (10000b04 <checkScreenEdges+0x128>)
10000a32:	f84c 2020 	str.w	r2, [ip, r0, lsl #2]
10000a36:	f854 2020 	ldr.w	r2, [r4, r0, lsl #2]
10000a3a:	4252      	negs	r2, r2
10000a3c:	f844 2020 	str.w	r2, [r4, r0, lsl #2]
10000a40:	2b17      	cmp	r3, #23
10000a42:	dde9      	ble.n	10000a18 <checkScreenEdges+0x3c>
10000a44:	4c31      	ldr	r4, [pc, #196]	@ (10000b0c <checkScreenEdges+0x130>)
10000a46:	5c22      	ldrb	r2, [r4, r0]
10000a48:	bb62      	cbnz	r2, 10000aa4 <checkScreenEdges+0xc8>
10000a4a:	f5b3 7fbc 	cmp.w	r3, #376	@ 0x178
10000a4e:	dbe8      	blt.n	10000a22 <checkScreenEdges+0x46>
10000a50:	f240 2282 	movw	r2, #642	@ 0x282
10000a54:	4291      	cmp	r1, r2
10000a56:	dc52      	bgt.n	10000afe <checkScreenEdges+0x122>
10000a58:	4a2d      	ldr	r2, [pc, #180]	@ (10000b10 <checkScreenEdges+0x134>)
10000a5a:	3103      	adds	r1, #3
10000a5c:	fb82 5201 	smull	r5, r2, r2, r1
10000a60:	17c9      	asrs	r1, r1, #31
10000a62:	ebc1 1122 	rsb	r1, r1, r2, asr #4
10000a66:	4a2b      	ldr	r2, [pc, #172]	@ (10000b14 <checkScreenEdges+0x138>)
10000a68:	eb02 0281 	add.w	r2, r2, r1, lsl #2
10000a6c:	e009      	b.n	10000a82 <checkScreenEdges+0xa6>
10000a6e:	4c27      	ldr	r4, [pc, #156]	@ (10000b0c <checkScreenEdges+0x130>)
10000a70:	5c22      	ldrb	r2, [r4, r0]
10000a72:	b9ba      	cbnz	r2, 10000aa4 <checkScreenEdges+0xc8>
10000a74:	f5b3 7fbc 	cmp.w	r3, #376	@ 0x178
10000a78:	dbd3      	blt.n	10000a22 <checkScreenEdges+0x46>
10000a7a:	f111 0f28 	cmn.w	r1, #40	@ 0x28
10000a7e:	dae7      	bge.n	10000a50 <checkScreenEdges+0x74>
10000a80:	4a24      	ldr	r2, [pc, #144]	@ (10000b14 <checkScreenEdges+0x138>)
10000a82:	e852 5f00 	ldrex	r5, [r2]
10000a86:	3501      	adds	r5, #1
10000a88:	e842 5100 	strex	r1, r5, [r2]
10000a8c:	2900      	cmp	r1, #0
10000a8e:	d1f8      	bne.n	10000a82 <checkScreenEdges+0xa6>
10000a90:	4a21      	ldr	r2, [pc, #132]	@ (10000b18 <checkScreenEdges+0x13c>)
10000a92:	e852 5f00 	ldrex	r5, [r2]
10000a96:	3501      	adds	r5, #1
10000a98:	e842 5100 	strex	r1, r5, [r2]
10000a9c:	2900      	cmp	r1, #0
10000a9e:	d1f8      	bne.n	10000a92 <checkScreenEdges+0xb6>
10000aa0:	2201      	movs	r2, #1
10000aa2:	5422      	strb	r2, [r4, r0]
10000aa4:	f5b3 7ff0 	cmp.w	r3, #480	@ 0x1e0
10000aa8:	dbbb      	blt.n	10000a22 <checkScreenEdges+0x46>
10000aaa:	f44f 0220 	mov.w	r2, #10485760	@ 0xa00000
10000aae:	f44f 2170 	mov.w	r1, #983040	@ 0xf0000
10000ab2:	f84c 2020 	str.w	r2, [ip, r0, lsl #2]
10000ab6:	f84e 1020 	str.w	r1, [lr, r0, lsl #2]
10000aba:	9001      	str	r0, [sp, #4]
10000abc:	f005 fa4e 	bl	10005f5c <get_rand_32>
10000ac0:	f3c0 000e 	ubfx	r0, r0, #0, #15
10000ac4:	f5b0 4080 	subs.w	r0, r0, #16384	@ 0x4000
10000ac8:	bf08      	it	eq
10000aca:	2001      	moveq	r0, #1
10000acc:	2200      	movs	r2, #0
10000ace:	f04f 3cff 	mov.w	ip, #4294967295	@ 0xffffffff
10000ad2:	9b01      	ldr	r3, [sp, #4]
10000ad4:	490b      	ldr	r1, [pc, #44]	@ (10000b04 <checkScreenEdges+0x128>)
10000ad6:	54e2      	strb	r2, [r4, r3]
10000ad8:	f841 0023 	str.w	r0, [r1, r3, lsl #2]
10000adc:	480a      	ldr	r0, [pc, #40]	@ (10000b08 <checkScreenEdges+0x12c>)
10000ade:	490f      	ldr	r1, [pc, #60]	@ (10000b1c <checkScreenEdges+0x140>)
10000ae0:	f840 2023 	str.w	r2, [r0, r3, lsl #2]
10000ae4:	f841 c023 	str.w	ip, [r1, r3, lsl #2]
10000ae8:	b003      	add	sp, #12
10000aea:	bd30      	pop	{r4, r5, pc}
10000aec:	f44f 2140 	mov.w	r1, #786432	@ 0xc0000
10000af0:	425b      	negs	r3, r3
10000af2:	f842 3020 	str.w	r3, [r2, r0, lsl #2]
10000af6:	f84e 1020 	str.w	r1, [lr, r0, lsl #2]
10000afa:	b003      	add	sp, #12
10000afc:	bd30      	pop	{r4, r5, pc}
10000afe:	4a08      	ldr	r2, [pc, #32]	@ (10000b20 <checkScreenEdges+0x144>)
10000b00:	e7bf      	b.n	10000a82 <checkScreenEdges+0xa6>
10000b02:	bf00      	nop
10000b04:	20000a30 	.word	0x20000a30
10000b08:	20005850 	.word	0x20005850
10000b0c:	2001435c 	.word	0x2001435c
10000b10:	6bca1af3 	.word	0x6bca1af3
10000b14:	20000900 	.word	0x20000900
10000b18:	2001b9bc 	.word	0x2001b9bc
10000b1c:	200157a8 	.word	0x200157a8
10000b20:	20000940 	.word	0x20000940
10000b24:	2000a670 	.word	0x2000a670
10000b28:	2000f490 	.word	0x2000f490

10000b2c <drawGaltonScene>:
10000b2c:	e92d 4ff0 	stmdb	sp!, {r4, r5, r6, r7, r8, r9, sl, fp, lr}
10000b30:	4c52      	ldr	r4, [pc, #328]	@ (10000c7c <drawGaltonScene+0x150>)
10000b32:	4d53      	ldr	r5, [pc, #332]	@ (10000c80 <drawGaltonScene+0x154>)
10000b34:	b087      	sub	sp, #28
10000b36:	f504 7688 	add.w	r6, r4, #272	@ 0x110
10000b3a:	f934 0f02 	ldrsh.w	r0, [r4, #2]!
10000b3e:	2305      	movs	r3, #5
10000b40:	2206      	movs	r2, #6
10000b42:	f935 1f02 	ldrsh.w	r1, [r5, #2]!
10000b46:	f000 ff07 	bl	10001958 <fillCircle>
10000b4a:	42a6      	cmp	r6, r4
10000b4c:	d1f5      	bne.n	10000b3a <drawGaltonScene+0xe>
10000b4e:	4b4d      	ldr	r3, [pc, #308]	@ (10000c84 <drawGaltonScene+0x158>)
10000b50:	e9d3 1200 	ldrd	r1, r2, [r3]
10000b54:	428a      	cmp	r2, r1
10000b56:	bfb8      	it	lt
10000b58:	460a      	movlt	r2, r1
10000b5a:	e9d3 0107 	ldrd	r0, r1, [r3, #28]
10000b5e:	689d      	ldr	r5, [r3, #8]
10000b60:	ea22 7ee2 	bic.w	lr, r2, r2, asr #31
10000b64:	4575      	cmp	r5, lr
10000b66:	bfb8      	it	lt
10000b68:	4675      	movlt	r5, lr
10000b6a:	e9d3 2409 	ldrd	r2, r4, [r3, #36]	@ 0x24
10000b6e:	68de      	ldr	r6, [r3, #12]
10000b70:	42b5      	cmp	r5, r6
10000b72:	bfb8      	it	lt
10000b74:	4635      	movlt	r5, r6
10000b76:	691e      	ldr	r6, [r3, #16]
10000b78:	42b5      	cmp	r5, r6
10000b7a:	bfb8      	it	lt
10000b7c:	4635      	movlt	r5, r6
10000b7e:	695e      	ldr	r6, [r3, #20]
10000b80:	42b5      	cmp	r5, r6
10000b82:	bfb8      	it	lt
10000b84:	4635      	movlt	r5, r6
10000b86:	699e      	ldr	r6, [r3, #24]
10000b88:	42b5      	cmp	r5, r6
10000b8a:	bfb8      	it	lt
10000b8c:	4635      	movlt	r5, r6
10000b8e:	4285      	cmp	r5, r0
10000b90:	bfb8      	it	lt
10000b92:	4605      	movlt	r5, r0
10000b94:	428d      	cmp	r5, r1
10000b96:	bfb8      	it	lt
10000b98:	460d      	movlt	r5, r1
10000b9a:	4295      	cmp	r5, r2
10000b9c:	bfb8      	it	lt
10000b9e:	4615      	movlt	r5, r2
10000ba0:	42a5      	cmp	r5, r4
10000ba2:	bfb8      	it	lt
10000ba4:	4625      	movlt	r5, r4
10000ba6:	6ada      	ldr	r2, [r3, #44]	@ 0x2c
10000ba8:	6b18      	ldr	r0, [r3, #48]	@ 0x30
10000baa:	4295      	cmp	r5, r2
10000bac:	bfb8      	it	lt
10000bae:	4615      	movlt	r5, r2
10000bb0:	e9d3 210f 	ldrd	r2, r1, [r3, #60]	@ 0x3c
10000bb4:	4285      	cmp	r5, r0
10000bb6:	bfb8      	it	lt
10000bb8:	4605      	movlt	r5, r0
10000bba:	6b58      	ldr	r0, [r3, #52]	@ 0x34
10000bbc:	1f1c      	subs	r4, r3, #4
10000bbe:	4285      	cmp	r5, r0
10000bc0:	bfb8      	it	lt
10000bc2:	4605      	movlt	r5, r0
10000bc4:	6b98      	ldr	r0, [r3, #56]	@ 0x38
10000bc6:	4285      	cmp	r5, r0
10000bc8:	bfb8      	it	lt
10000bca:	4605      	movlt	r5, r0
10000bcc:	4295      	cmp	r5, r2
10000bce:	bfb8      	it	lt
10000bd0:	4615      	movlt	r5, r2
10000bd2:	428d      	cmp	r5, r1
10000bd4:	bfb8      	it	lt
10000bd6:	460d      	movlt	r5, r1
10000bd8:	2d00      	cmp	r5, #0
10000bda:	d03d      	beq.n	10000c58 <drawGaltonScene+0x12c>
10000bdc:	4627      	mov	r7, r4
10000bde:	f06f 0602 	mvn.w	r6, #2
10000be2:	f04f 0b58 	mov.w	fp, #88	@ 0x58
10000be6:	f240 1acf 	movw	sl, #463	@ 0x1cf
10000bea:	f04f 0903 	mov.w	r9, #3
10000bee:	f103 0840 	add.w	r8, r3, #64	@ 0x40
10000bf2:	e000      	b.n	10000bf6 <drawGaltonScene+0xca>
10000bf4:	3626      	adds	r6, #38	@ 0x26
10000bf6:	f857 3f04 	ldr.w	r3, [r7, #4]!
10000bfa:	2e00      	cmp	r6, #0
10000bfc:	fb0b f303 	mul.w	r3, fp, r3
10000c00:	b230      	sxth	r0, r6
10000c02:	fb93 f3f5 	sdiv	r3, r3, r5
10000c06:	db2a      	blt.n	10000c5e <drawGaltonScene+0x132>
10000c08:	ebaa 0103 	sub.w	r1, sl, r3
10000c0c:	2224      	movs	r2, #36	@ 0x24
10000c0e:	f8cd 9000 	str.w	r9, [sp]
10000c12:	b21b      	sxth	r3, r3
10000c14:	b209      	sxth	r1, r1
10000c16:	f000 fef1 	bl	100019fc <fillRect>
10000c1a:	4547      	cmp	r7, r8
10000c1c:	d1ea      	bne.n	10000bf4 <drawGaltonScene+0xc8>
10000c1e:	2510      	movs	r5, #16
10000c20:	f64f 77fd 	movw	r7, #65533	@ 0xfffd
10000c24:	2600      	movs	r6, #0
10000c26:	f854 2f04 	ldr.w	r2, [r4, #4]!
10000c2a:	4917      	ldr	r1, [pc, #92]	@ (10000c88 <drawGaltonScene+0x15c>)
10000c2c:	a803      	add	r0, sp, #12
10000c2e:	f004 fce1 	bl	100055f4 <__wrap_sprintf>
10000c32:	fb10 5007 	smlabb	r0, r0, r7, r5
10000c36:	ea20 70e0 	bic.w	r0, r0, r0, asr #31
10000c3a:	230f      	movs	r3, #15
10000c3c:	f44f 71e9 	mov.w	r1, #466	@ 0x1d2
10000c40:	aa03      	add	r2, sp, #12
10000c42:	9600      	str	r6, [sp, #0]
10000c44:	b200      	sxth	r0, r0
10000c46:	f000 ffad 	bl	10001ba4 <drawTextAscii>
10000c4a:	45a0      	cmp	r8, r4
10000c4c:	f105 0526 	add.w	r5, r5, #38	@ 0x26
10000c50:	d1e9      	bne.n	10000c26 <drawGaltonScene+0xfa>
10000c52:	b007      	add	sp, #28
10000c54:	e8bd 8ff0 	ldmia.w	sp!, {r4, r5, r6, r7, r8, r9, sl, fp, pc}
10000c58:	f103 0840 	add.w	r8, r3, #64	@ 0x40
10000c5c:	e7df      	b.n	10000c1e <drawGaltonScene+0xf2>
10000c5e:	2203      	movs	r2, #3
10000c60:	f5c3 71e7 	rsb	r1, r3, #462	@ 0x1ce
10000c64:	3101      	adds	r1, #1
10000c66:	9200      	str	r2, [sp, #0]
10000c68:	2000      	movs	r0, #0
10000c6a:	2221      	movs	r2, #33	@ 0x21
10000c6c:	b21b      	sxth	r3, r3
10000c6e:	b209      	sxth	r1, r1
10000c70:	f000 fec4 	bl	100019fc <fillRect>
10000c74:	4547      	cmp	r7, r8
10000c76:	d0d2      	beq.n	10000c1e <drawGaltonScene+0xf2>
10000c78:	2623      	movs	r6, #35	@ 0x23
10000c7a:	e7bc      	b.n	10000bf6 <drawGaltonScene+0xca>
10000c7c:	2001a5da 	.word	0x2001a5da
10000c80:	2001a6ea 	.word	0x2001a6ea
10000c84:	20000900 	.word	0x20000900
10000c88:	10006614 	.word	0x10006614

10000c8c <applyEncoderClicks>:
10000c8c:	b508      	push	{r3, lr}
10000c8e:	f3ef 8110 	mrs	r1, PRIMASK
10000c92:	b672      	cpsid	i
10000c94:	2000      	movs	r0, #0
10000c96:	4a1e      	ldr	r2, [pc, #120]	@ (10000d10 <applyEncoderClicks+0x84>)
10000c98:	6813      	ldr	r3, [r2, #0]
10000c9a:	6010      	str	r0, [r2, #0]
10000c9c:	f381 8810 	msr	PRIMASK, r1
10000ca0:	b19b      	cbz	r3, 10000cca <applyEncoderClicks+0x3e>
10000ca2:	4a1c      	ldr	r2, [pc, #112]	@ (10000d14 <applyEncoderClicks+0x88>)
10000ca4:	6812      	ldr	r2, [r2, #0]
10000ca6:	b98a      	cbnz	r2, 10000ccc <applyEncoderClicks+0x40>
10000ca8:	f04f 0c64 	mov.w	ip, #100	@ 0x64
10000cac:	491a      	ldr	r1, [pc, #104]	@ (10000d18 <applyEncoderClicks+0x8c>)
10000cae:	f241 3088 	movw	r0, #5000	@ 0x1388
10000cb2:	680a      	ldr	r2, [r1, #0]
10000cb4:	fb0c 2303 	mla	r3, ip, r3, r2
10000cb8:	4563      	cmp	r3, ip
10000cba:	bfb8      	it	lt
10000cbc:	4663      	movlt	r3, ip
10000cbe:	4283      	cmp	r3, r0
10000cc0:	bfa8      	it	ge
10000cc2:	4603      	movge	r3, r0
10000cc4:	429a      	cmp	r2, r3
10000cc6:	600b      	str	r3, [r1, #0]
10000cc8:	d118      	bne.n	10000cfc <applyEncoderClicks+0x70>
10000cca:	bd08      	pop	{r3, pc}
10000ccc:	2a01      	cmp	r2, #1
10000cce:	d1fc      	bne.n	10000cca <applyEncoderClicks+0x3e>
10000cd0:	4812      	ldr	r0, [pc, #72]	@ (10000d1c <applyEncoderClicks+0x90>)
10000cd2:	eb03 0383 	add.w	r3, r3, r3, lsl #2
10000cd6:	6801      	ldr	r1, [r0, #0]
10000cd8:	f8df c050 	ldr.w	ip, [pc, #80]	@ 10000d2c <applyEncoderClicks+0xa0>
10000cdc:	440b      	add	r3, r1
10000cde:	2b05      	cmp	r3, #5
10000ce0:	bfb8      	it	lt
10000ce2:	2305      	movlt	r3, #5
10000ce4:	2b64      	cmp	r3, #100	@ 0x64
10000ce6:	bfa8      	it	ge
10000ce8:	2364      	movge	r3, #100	@ 0x64
10000cea:	03da      	lsls	r2, r3, #15
10000cec:	fbac c202 	umull	ip, r2, ip, r2
10000cf0:	6003      	str	r3, [r0, #0]
10000cf2:	480b      	ldr	r0, [pc, #44]	@ (10000d20 <applyEncoderClicks+0x94>)
10000cf4:	0952      	lsrs	r2, r2, #5
10000cf6:	4299      	cmp	r1, r3
10000cf8:	6002      	str	r2, [r0, #0]
10000cfa:	d0e6      	beq.n	10000cca <applyEncoderClicks+0x3e>
10000cfc:	2244      	movs	r2, #68	@ 0x44
10000cfe:	2100      	movs	r1, #0
10000d00:	4808      	ldr	r0, [pc, #32]	@ (10000d24 <applyEncoderClicks+0x98>)
10000d02:	f005 fb25 	bl	10006350 <memset>
10000d06:	2200      	movs	r2, #0
10000d08:	4b07      	ldr	r3, [pc, #28]	@ (10000d28 <applyEncoderClicks+0x9c>)
10000d0a:	601a      	str	r2, [r3, #0]
10000d0c:	bd08      	pop	{r3, pc}
10000d0e:	bf00      	nop
10000d10:	200156ec 	.word	0x200156ec
10000d14:	2001a5d8 	.word	0x2001a5d8
10000d18:	200006a8 	.word	0x200006a8
10000d1c:	200006b0 	.word	0x200006b0
10000d20:	200006ac 	.word	0x200006ac
10000d24:	20000900 	.word	0x20000900
10000d28:	2001b9bc 	.word	0x2001b9bc
10000d2c:	51eb851f 	.word	0x51eb851f

10000d30 <animateBalls>:
10000d30:	4288      	cmp	r0, r1
10000d32:	f280 80de 	bge.w	10000ef2 <animateBalls+0x1c2>
10000d36:	e92d 4ff0 	stmdb	sp!, {r4, r5, r6, r7, r8, r9, sl, fp, lr}
10000d3a:	4606      	mov	r6, r0
10000d3c:	4b6d      	ldr	r3, [pc, #436]	@ (10000ef4 <animateBalls+0x1c4>)
10000d3e:	b08b      	sub	sp, #44	@ 0x2c
10000d40:	4a6d      	ldr	r2, [pc, #436]	@ (10000ef8 <animateBalls+0x1c8>)
10000d42:	eb03 0980 	add.w	r9, r3, r0, lsl #2
10000d46:	4b6d      	ldr	r3, [pc, #436]	@ (10000efc <animateBalls+0x1cc>)
10000d48:	9109      	str	r1, [sp, #36]	@ 0x24
10000d4a:	496d      	ldr	r1, [pc, #436]	@ (10000f00 <animateBalls+0x1d0>)
10000d4c:	eb02 0280 	add.w	r2, r2, r0, lsl #2
10000d50:	eb03 0380 	add.w	r3, r3, r0, lsl #2
10000d54:	f8df b1b0 	ldr.w	fp, [pc, #432]	@ 10000f08 <animateBalls+0x1d8>
10000d58:	eb01 0a80 	add.w	sl, r1, r0, lsl #2
10000d5c:	9204      	str	r2, [sp, #16]
10000d5e:	9305      	str	r3, [sp, #20]
10000d60:	9c05      	ldr	r4, [sp, #20]
10000d62:	9d04      	ldr	r5, [sp, #16]
10000d64:	f854 3f04 	ldr.w	r3, [r4, #4]!
10000d68:	f859 2f04 	ldr.w	r2, [r9, #4]!
10000d6c:	f855 0f04 	ldr.w	r0, [r5, #4]!
10000d70:	f85a 1f04 	ldr.w	r1, [sl, #4]!
10000d74:	441a      	add	r2, r3
10000d76:	f503 533d 	add.w	r3, r3, #12096	@ 0x2f40
10000d7a:	4401      	add	r1, r0
10000d7c:	331c      	adds	r3, #28
10000d7e:	6023      	str	r3, [r4, #0]
10000d80:	4630      	mov	r0, r6
10000d82:	f8ca 1000 	str.w	r1, [sl]
10000d86:	f8c9 2000 	str.w	r2, [r9]
10000d8a:	9405      	str	r4, [sp, #20]
10000d8c:	9504      	str	r5, [sp, #16]
10000d8e:	f7ff fd09 	bl	100007a4 <checkPegCollision>
10000d92:	4630      	mov	r0, r6
10000d94:	f7ff fe22 	bl	100009dc <checkScreenEdges>
10000d98:	f8d9 4000 	ldr.w	r4, [r9]
10000d9c:	13e4      	asrs	r4, r4, #15
10000d9e:	1f23      	subs	r3, r4, #4
10000da0:	f5b3 7fec 	cmp.w	r3, #472	@ 0x1d8
10000da4:	f080 8093 	bcs.w	10000ece <animateBalls+0x19e>
10000da8:	f8da 7000 	ldr.w	r7, [sl]
10000dac:	f8db 0000 	ldr.w	r0, [fp]
10000db0:	13ff      	asrs	r7, r7, #15
10000db2:	eb04 0284 	add.w	r2, r4, r4, lsl #2
10000db6:	eb00 1082 	add.w	r0, r0, r2, lsl #6
10000dba:	07fa      	lsls	r2, r7, #31
10000dbc:	f1a7 0104 	sub.w	r1, r7, #4
10000dc0:	f107 0303 	add.w	r3, r7, #3
10000dc4:	d50f      	bpl.n	10000de6 <animateBalls+0xb6>
10000dc6:	1049      	asrs	r1, r1, #1
10000dc8:	5c42      	ldrb	r2, [r0, r1]
10000dca:	105b      	asrs	r3, r3, #1
10000dcc:	f002 020f 	and.w	r2, r2, #15
10000dd0:	f062 021f 	orn	r2, r2, #31
10000dd4:	5442      	strb	r2, [r0, r1]
10000dd6:	5cc2      	ldrb	r2, [r0, r3]
10000dd8:	1ef9      	subs	r1, r7, #3
10000dda:	f022 020f 	bic.w	r2, r2, #15
10000dde:	f042 020e 	orr.w	r2, r2, #14
10000de2:	54c2      	strb	r2, [r0, r3]
10000de4:	1cbb      	adds	r3, r7, #2
10000de6:	105b      	asrs	r3, r3, #1
10000de8:	ebb3 0f61 	cmp.w	r3, r1, asr #1
10000dec:	ea4f 0261 	mov.w	r2, r1, asr #1
10000df0:	db06      	blt.n	10000e00 <animateBalls+0xd0>
10000df2:	4410      	add	r0, r2
10000df4:	f1c2 0201 	rsb	r2, r2, #1
10000df8:	21ee      	movs	r1, #238	@ 0xee
10000dfa:	441a      	add	r2, r3
10000dfc:	f005 faa8 	bl	10006350 <memset>
10000e00:	1e65      	subs	r5, r4, #1
10000e02:	e9cd 9a06 	strd	r9, sl, [sp, #24]
10000e06:	eb05 0585 	add.w	r5, r5, r5, lsl #2
10000e0a:	eb04 0384 	add.w	r3, r4, r4, lsl #2
10000e0e:	f8df 80fc 	ldr.w	r8, [pc, #252]	@ 10000f0c <animateBalls+0x1dc>
10000e12:	01ad      	lsls	r5, r5, #6
10000e14:	9302      	str	r3, [sp, #8]
10000e16:	9608      	str	r6, [sp, #32]
10000e18:	f858 2f04 	ldr.w	r2, [r8, #4]!
10000e1c:	9b02      	ldr	r3, [sp, #8]
10000e1e:	1ab9      	subs	r1, r7, r2
10000e20:	f8db 0000 	ldr.w	r0, [fp]
10000e24:	443a      	add	r2, r7
10000e26:	ebc5 13c3 	rsb	r3, r5, r3, lsl #7
10000e2a:	104c      	asrs	r4, r1, #1
10000e2c:	f011 0901 	ands.w	r9, r1, #1
10000e30:	4418      	add	r0, r3
10000e32:	9403      	str	r4, [sp, #12]
10000e34:	f102 3cff 	add.w	ip, r2, #4294967295	@ 0xffffffff
10000e38:	d007      	beq.n	10000e4a <animateBalls+0x11a>
10000e3a:	5d06      	ldrb	r6, [r0, r4]
10000e3c:	3101      	adds	r1, #1
10000e3e:	f006 060f 	and.w	r6, r6, #15
10000e42:	f066 061f 	orn	r6, r6, #31
10000e46:	5506      	strb	r6, [r0, r4]
10000e48:	104c      	asrs	r4, r1, #1
10000e4a:	ea4f 066c 	mov.w	r6, ip, asr #1
10000e4e:	f01c 0301 	ands.w	r3, ip, #1
10000e52:	46b2      	mov	sl, r6
10000e54:	9301      	str	r3, [sp, #4]
10000e56:	d109      	bne.n	10000e6c <animateBalls+0x13c>
10000e58:	f1a2 0c02 	sub.w	ip, r2, #2
10000e5c:	5d82      	ldrb	r2, [r0, r6]
10000e5e:	f022 020f 	bic.w	r2, r2, #15
10000e62:	f042 020e 	orr.w	r2, r2, #14
10000e66:	5582      	strb	r2, [r0, r6]
10000e68:	ea4f 066c 	mov.w	r6, ip, asr #1
10000e6c:	42a6      	cmp	r6, r4
10000e6e:	db36      	blt.n	10000ede <animateBalls+0x1ae>
10000e70:	f1c4 0201 	rsb	r2, r4, #1
10000e74:	21ee      	movs	r1, #238	@ 0xee
10000e76:	4420      	add	r0, r4
10000e78:	4432      	add	r2, r6
10000e7a:	f005 fa69 	bl	10006350 <memset>
10000e7e:	f8db 0000 	ldr.w	r0, [fp]
10000e82:	4428      	add	r0, r5
10000e84:	f1b9 0f00 	cmp.w	r9, #0
10000e88:	d006      	beq.n	10000e98 <animateBalls+0x168>
10000e8a:	9a03      	ldr	r2, [sp, #12]
10000e8c:	5c83      	ldrb	r3, [r0, r2]
10000e8e:	f003 030f 	and.w	r3, r3, #15
10000e92:	f063 031f 	orn	r3, r3, #31
10000e96:	5483      	strb	r3, [r0, r2]
10000e98:	9b01      	ldr	r3, [sp, #4]
10000e9a:	b93b      	cbnz	r3, 10000eac <animateBalls+0x17c>
10000e9c:	f810 300a 	ldrb.w	r3, [r0, sl]
10000ea0:	f023 030f 	bic.w	r3, r3, #15
10000ea4:	f043 030e 	orr.w	r3, r3, #14
10000ea8:	f800 300a 	strb.w	r3, [r0, sl]
10000eac:	42a6      	cmp	r6, r4
10000eae:	db06      	blt.n	10000ebe <animateBalls+0x18e>
10000eb0:	f1c4 0201 	rsb	r2, r4, #1
10000eb4:	21ee      	movs	r1, #238	@ 0xee
10000eb6:	4420      	add	r0, r4
10000eb8:	4432      	add	r2, r6
10000eba:	f005 fa49 	bl	10006350 <memset>
10000ebe:	4b11      	ldr	r3, [pc, #68]	@ (10000f04 <animateBalls+0x1d4>)
10000ec0:	f5a5 75a0 	sub.w	r5, r5, #320	@ 0x140
10000ec4:	4598      	cmp	r8, r3
10000ec6:	d1a7      	bne.n	10000e18 <animateBalls+0xe8>
10000ec8:	e9dd 9a06 	ldrd	r9, sl, [sp, #24]
10000ecc:	9e08      	ldr	r6, [sp, #32]
10000ece:	9b09      	ldr	r3, [sp, #36]	@ 0x24
10000ed0:	3601      	adds	r6, #1
10000ed2:	42b3      	cmp	r3, r6
10000ed4:	f47f af44 	bne.w	10000d60 <animateBalls+0x30>
10000ed8:	b00b      	add	sp, #44	@ 0x2c
10000eda:	e8bd 8ff0 	ldmia.w	sp!, {r4, r5, r6, r7, r8, r9, sl, fp, pc}
10000ede:	f8db 0000 	ldr.w	r0, [fp]
10000ee2:	4428      	add	r0, r5
10000ee4:	f1b9 0f00 	cmp.w	r9, #0
10000ee8:	d1cf      	bne.n	10000e8a <animateBalls+0x15a>
10000eea:	9b01      	ldr	r3, [sp, #4]
10000eec:	2b00      	cmp	r3, #0
10000eee:	d0d5      	beq.n	10000e9c <animateBalls+0x16c>
10000ef0:	e7e5      	b.n	10000ebe <animateBalls+0x18e>
10000ef2:	4770      	bx	lr
10000ef4:	2000f48c 	.word	0x2000f48c
10000ef8:	20000a2c 	.word	0x20000a2c
10000efc:	2000584c 	.word	0x2000584c
10000f00:	2000a66c 	.word	0x2000a66c
10000f04:	100067fc 	.word	0x100067fc
10000f08:	200156e4 	.word	0x200156e4
10000f0c:	100067ec 	.word	0x100067ec

10000f10 <core1Main>:
10000f10:	b5f8      	push	{r3, r4, r5, r6, r7, lr}
10000f12:	4f07      	ldr	r7, [pc, #28]	@ (10000f30 <core1Main+0x20>)
10000f14:	4e07      	ldr	r6, [pc, #28]	@ (10000f34 <core1Main+0x24>)
10000f16:	4c08      	ldr	r4, [pc, #32]	@ (10000f38 <core1Main+0x28>)
10000f18:	f004 fe2a 	bl	10005b70 <multicore_fifo_pop_blocking>
10000f1c:	6aa5      	ldr	r5, [r4, #40]	@ 0x28
10000f1e:	6838      	ldr	r0, [r7, #0]
10000f20:	6831      	ldr	r1, [r6, #0]
10000f22:	f7ff ff05 	bl	10000d30 <animateBalls>
10000f26:	6aa0      	ldr	r0, [r4, #40]	@ 0x28
10000f28:	1b40      	subs	r0, r0, r5
10000f2a:	f004 fe19 	bl	10005b60 <multicore_fifo_push_blocking>
10000f2e:	e7f3      	b.n	10000f18 <core1Main+0x8>
10000f30:	20014324 	.word	0x20014324
10000f34:	20014328 	.word	0x20014328
10000f38:	400b0000 	.word	0x400b0000

10000f3c <protothread_display>:
10000f3c:	6803      	ldr	r3, [r0, #0]
10000f3e:	2b00      	cmp	r3, #0
10000f40:	f000 8106 	beq.w	10001150 <protothread_display+0x214>
10000f44:	e92d 4ff0 	stmdb	sp!, {r4, r5, r6, r7, r8, r9, sl, fp, lr}
10000f48:	2401      	movs	r4, #1
10000f4a:	4682      	mov	sl, r0
10000f4c:	4dab      	ldr	r5, [pc, #684]	@ (100011fc <protothread_display+0x2c0>)
10000f4e:	b085      	sub	sp, #20
10000f50:	4aab      	ldr	r2, [pc, #684]	@ (10001200 <protothread_display+0x2c4>)
10000f52:	f8ca 2000 	str.w	r2, [sl]
10000f56:	b91c      	cbnz	r4, 10000f60 <protothread_display+0x24>
10000f58:	2001      	movs	r0, #1
10000f5a:	b005      	add	sp, #20
10000f5c:	e8bd 8ff0 	ldmia.w	sp!, {r4, r5, r6, r7, r8, r9, sl, fp, pc}
10000f60:	f000 ff30 	bl	10001dc4 <draw_start_signal>
10000f64:	2800      	cmp	r0, #0
10000f66:	d0f7      	beq.n	10000f58 <protothread_display+0x1c>
10000f68:	f04f 4350 	mov.w	r3, #3489660928	@ 0xd0000000
10000f6c:	681b      	ldr	r3, [r3, #0]
10000f6e:	2b01      	cmp	r3, #1
10000f70:	f000 8120 	beq.w	100011b4 <protothread_display+0x278>
10000f74:	2201      	movs	r2, #1
10000f76:	4ba3      	ldr	r3, [pc, #652]	@ (10001204 <protothread_display+0x2c8>)
10000f78:	601a      	str	r2, [r3, #0]
10000f7a:	2100      	movs	r1, #0
10000f7c:	4ca2      	ldr	r4, [pc, #648]	@ (10001208 <protothread_display+0x2cc>)
10000f7e:	4608      	mov	r0, r1
10000f80:	6aa3      	ldr	r3, [r4, #40]	@ 0x28
10000f82:	469b      	mov	fp, r3
10000f84:	f000 ff0e 	bl	10001da4 <clearLowFrame>
10000f88:	f04f 4350 	mov.w	r3, #3489660928	@ 0xd0000000
10000f8c:	685a      	ldr	r2, [r3, #4]
10000f8e:	6aa1      	ldr	r1, [r4, #40]	@ 0x28
10000f90:	f3c2 1300 	ubfx	r3, r2, #4, #1
10000f94:	f012 0f10 	tst.w	r2, #16
10000f98:	f083 0301 	eor.w	r3, r3, #1
10000f9c:	4a9b      	ldr	r2, [pc, #620]	@ (1000120c <protothread_display+0x2d0>)
10000f9e:	d103      	bne.n	10000fa8 <protothread_display+0x6c>
10000fa0:	7810      	ldrb	r0, [r2, #0]
10000fa2:	2800      	cmp	r0, #0
10000fa4:	f000 8116 	beq.w	100011d4 <protothread_display+0x298>
10000fa8:	4999      	ldr	r1, [pc, #612]	@ (10001210 <protothread_display+0x2d4>)
10000faa:	9103      	str	r1, [sp, #12]
10000fac:	7013      	strb	r3, [r2, #0]
10000fae:	f8df 82f8 	ldr.w	r8, [pc, #760]	@ 100012a8 <protothread_display+0x36c>
10000fb2:	f7ff fe6b 	bl	10000c8c <applyEncoderClicks>
10000fb6:	4b97      	ldr	r3, [pc, #604]	@ (10001214 <protothread_display+0x2d8>)
10000fb8:	f8d8 4000 	ldr.w	r4, [r8]
10000fbc:	681e      	ldr	r6, [r3, #0]
10000fbe:	42b4      	cmp	r4, r6
10000fc0:	f340 80ca 	ble.w	10001158 <protothread_display+0x21c>
10000fc4:	4634      	mov	r4, r6
10000fc6:	f8c8 6000 	str.w	r6, [r8]
10000fca:	4a93      	ldr	r2, [pc, #588]	@ (10001218 <protothread_display+0x2dc>)
10000fcc:	4993      	ldr	r1, [pc, #588]	@ (1000121c <protothread_display+0x2e0>)
10000fce:	6813      	ldr	r3, [r2, #0]
10000fd0:	eb04 76d4 	add.w	r6, r4, r4, lsr #31
10000fd4:	3301      	adds	r3, #1
10000fd6:	6013      	str	r3, [r2, #0]
10000fd8:	4b91      	ldr	r3, [pc, #580]	@ (10001220 <protothread_display+0x2e4>)
10000fda:	1076      	asrs	r6, r6, #1
10000fdc:	600e      	str	r6, [r1, #0]
10000fde:	2001      	movs	r0, #1
10000fe0:	601c      	str	r4, [r3, #0]
10000fe2:	4c89      	ldr	r4, [pc, #548]	@ (10001208 <protothread_display+0x2cc>)
10000fe4:	f004 fdbc 	bl	10005b60 <multicore_fifo_push_blocking>
10000fe8:	4631      	mov	r1, r6
10000fea:	2000      	movs	r0, #0
10000fec:	6aa7      	ldr	r7, [r4, #40]	@ 0x28
10000fee:	f7ff fe9f 	bl	10000d30 <animateBalls>
10000ff2:	6aa3      	ldr	r3, [r4, #40]	@ 0x28
10000ff4:	4a8b      	ldr	r2, [pc, #556]	@ (10001224 <protothread_display+0x2e8>)
10000ff6:	1bdb      	subs	r3, r3, r7
10000ff8:	6013      	str	r3, [r2, #0]
10000ffa:	f004 fdb9 	bl	10005b70 <multicore_fifo_pop_blocking>
10000ffe:	498a      	ldr	r1, [pc, #552]	@ (10001228 <protothread_display+0x2ec>)
10001000:	4f8a      	ldr	r7, [pc, #552]	@ (1000122c <protothread_display+0x2f0>)
10001002:	780b      	ldrb	r3, [r1, #0]
10001004:	6038      	str	r0, [r7, #0]
10001006:	b173      	cbz	r3, 10001026 <protothread_display+0xea>
10001008:	4b89      	ldr	r3, [pc, #548]	@ (10001230 <protothread_display+0x2f4>)
1000100a:	681b      	ldr	r3, [r3, #0]
1000100c:	019b      	lsls	r3, r3, #6
1000100e:	f103 43a0 	add.w	r3, r3, #1342177280	@ 0x50000000
10001012:	691a      	ldr	r2, [r3, #16]
10001014:	f012 6280 	ands.w	r2, r2, #67108864	@ 0x4000000
10001018:	d105      	bne.n	10001026 <protothread_display+0xea>
1000101a:	700a      	strb	r2, [r1, #0]
1000101c:	f44f 6200 	mov.w	r2, #2048	@ 0x800
10001020:	4984      	ldr	r1, [pc, #528]	@ (10001234 <protothread_display+0x2f8>)
10001022:	6019      	str	r1, [r3, #0]
10001024:	61da      	str	r2, [r3, #28]
10001026:	f7ff fd81 	bl	10000b2c <drawGaltonScene>
1000102a:	f8d8 3000 	ldr.w	r3, [r8]
1000102e:	9e03      	ldr	r6, [sp, #12]
10001030:	9300      	str	r3, [sp, #0]
10001032:	6832      	ldr	r2, [r6, #0]
10001034:	2400      	movs	r4, #0
10001036:	4b77      	ldr	r3, [pc, #476]	@ (10001214 <protothread_display+0x2d8>)
10001038:	2a00      	cmp	r2, #0
1000103a:	bf14      	ite	ne
1000103c:	2220      	movne	r2, #32
1000103e:	223e      	moveq	r2, #62	@ 0x3e
10001040:	497d      	ldr	r1, [pc, #500]	@ (10001238 <protothread_display+0x2fc>)
10001042:	681b      	ldr	r3, [r3, #0]
10001044:	487d      	ldr	r0, [pc, #500]	@ (1000123c <protothread_display+0x300>)
10001046:	f004 fad5 	bl	100055f4 <__wrap_sprintf>
1000104a:	2114      	movs	r1, #20
1000104c:	f04f 0864 	mov.w	r8, #100	@ 0x64
10001050:	9400      	str	r4, [sp, #0]
10001052:	6833      	ldr	r3, [r6, #0]
10001054:	4608      	mov	r0, r1
10001056:	42a3      	cmp	r3, r4
10001058:	bf14      	ite	ne
1000105a:	230f      	movne	r3, #15
1000105c:	230a      	moveq	r3, #10
1000105e:	4a77      	ldr	r2, [pc, #476]	@ (1000123c <protothread_display+0x300>)
10001060:	f000 fda0 	bl	10001ba4 <drawTextAscii>
10001064:	4b76      	ldr	r3, [pc, #472]	@ (10001240 <protothread_display+0x304>)
10001066:	4977      	ldr	r1, [pc, #476]	@ (10001244 <protothread_display+0x308>)
10001068:	681a      	ldr	r2, [r3, #0]
1000106a:	4877      	ldr	r0, [pc, #476]	@ (10001248 <protothread_display+0x30c>)
1000106c:	fb81 3102 	smull	r3, r1, r1, r2
10001070:	17d3      	asrs	r3, r2, #31
10001072:	ebc3 1361 	rsb	r3, r3, r1, asr #5
10001076:	fb08 2213 	mls	r2, r8, r3, r2
1000107a:	9200      	str	r2, [sp, #0]
1000107c:	6832      	ldr	r2, [r6, #0]
1000107e:	4973      	ldr	r1, [pc, #460]	@ (1000124c <protothread_display+0x310>)
10001080:	2a01      	cmp	r2, #1
10001082:	bf14      	ite	ne
10001084:	2220      	movne	r2, #32
10001086:	223e      	moveq	r2, #62	@ 0x3e
10001088:	f004 fab4 	bl	100055f4 <__wrap_sprintf>
1000108c:	6833      	ldr	r3, [r6, #0]
1000108e:	2123      	movs	r1, #35	@ 0x23
10001090:	2b01      	cmp	r3, #1
10001092:	bf14      	ite	ne
10001094:	230f      	movne	r3, #15
10001096:	230a      	moveq	r3, #10
10001098:	4a6b      	ldr	r2, [pc, #428]	@ (10001248 <protothread_display+0x30c>)
1000109a:	2014      	movs	r0, #20
1000109c:	9400      	str	r4, [sp, #0]
1000109e:	f000 fd81 	bl	10001ba4 <drawTextAscii>
100010a2:	2307      	movs	r3, #7
100010a4:	4a6a      	ldr	r2, [pc, #424]	@ (10001250 <protothread_display+0x314>)
100010a6:	2132      	movs	r1, #50	@ 0x32
100010a8:	2014      	movs	r0, #20
100010aa:	9400      	str	r4, [sp, #0]
100010ac:	f000 fd7a 	bl	10001ba4 <drawTextAscii>
100010b0:	f001 ff26 	bl	10002f00 <time_us_64>
100010b4:	2300      	movs	r3, #0
100010b6:	4a67      	ldr	r2, [pc, #412]	@ (10001254 <protothread_display+0x318>)
100010b8:	f005 fa36 	bl	10006528 <____aeabi_uldivmod_veneer>
100010bc:	4966      	ldr	r1, [pc, #408]	@ (10001258 <protothread_display+0x31c>)
100010be:	4602      	mov	r2, r0
100010c0:	4866      	ldr	r0, [pc, #408]	@ (1000125c <protothread_display+0x320>)
100010c2:	f004 fa97 	bl	100055f4 <__wrap_sprintf>
100010c6:	230c      	movs	r3, #12
100010c8:	2146      	movs	r1, #70	@ 0x46
100010ca:	4a64      	ldr	r2, [pc, #400]	@ (1000125c <protothread_display+0x320>)
100010cc:	2014      	movs	r0, #20
100010ce:	9400      	str	r4, [sp, #0]
100010d0:	f000 fd68 	bl	10001ba4 <drawTextAscii>
100010d4:	4b62      	ldr	r3, [pc, #392]	@ (10001260 <protothread_display+0x324>)
100010d6:	4963      	ldr	r1, [pc, #396]	@ (10001264 <protothread_display+0x328>)
100010d8:	681a      	ldr	r2, [r3, #0]
100010da:	f8df 91d0 	ldr.w	r9, [pc, #464]	@ 100012ac <protothread_display+0x370>
100010de:	4862      	ldr	r0, [pc, #392]	@ (10001268 <protothread_display+0x32c>)
100010e0:	4e62      	ldr	r6, [pc, #392]	@ (1000126c <protothread_display+0x330>)
100010e2:	f004 fa87 	bl	100055f4 <__wrap_sprintf>
100010e6:	2303      	movs	r3, #3
100010e8:	2155      	movs	r1, #85	@ 0x55
100010ea:	4a5f      	ldr	r2, [pc, #380]	@ (10001268 <protothread_display+0x32c>)
100010ec:	2014      	movs	r0, #20
100010ee:	9400      	str	r4, [sp, #0]
100010f0:	f000 fd58 	bl	10001ba4 <drawTextAscii>
100010f4:	6833      	ldr	r3, [r6, #0]
100010f6:	f8d9 2000 	ldr.w	r2, [r9]
100010fa:	495d      	ldr	r1, [pc, #372]	@ (10001270 <protothread_display+0x334>)
100010fc:	485d      	ldr	r0, [pc, #372]	@ (10001274 <protothread_display+0x338>)
100010fe:	f004 fa79 	bl	100055f4 <__wrap_sprintf>
10001102:	230b      	movs	r3, #11
10001104:	4641      	mov	r1, r8
10001106:	4a5b      	ldr	r2, [pc, #364]	@ (10001274 <protothread_display+0x338>)
10001108:	2014      	movs	r0, #20
1000110a:	9400      	str	r4, [sp, #0]
1000110c:	f000 fd4a 	bl	10001ba4 <drawTextAscii>
10001110:	4a44      	ldr	r2, [pc, #272]	@ (10001224 <protothread_display+0x2e8>)
10001112:	4959      	ldr	r1, [pc, #356]	@ (10001278 <protothread_display+0x33c>)
10001114:	683b      	ldr	r3, [r7, #0]
10001116:	6812      	ldr	r2, [r2, #0]
10001118:	4858      	ldr	r0, [pc, #352]	@ (1000127c <protothread_display+0x340>)
1000111a:	f004 fa6b 	bl	100055f4 <__wrap_sprintf>
1000111e:	230b      	movs	r3, #11
10001120:	2173      	movs	r1, #115	@ 0x73
10001122:	2014      	movs	r0, #20
10001124:	4a55      	ldr	r2, [pc, #340]	@ (1000127c <protothread_display+0x340>)
10001126:	9400      	str	r4, [sp, #0]
10001128:	f000 fd3c 	bl	10001ba4 <drawTextAscii>
1000112c:	4b36      	ldr	r3, [pc, #216]	@ (10001208 <protothread_display+0x2cc>)
1000112e:	6a9b      	ldr	r3, [r3, #40]	@ 0x28
10001130:	eba3 030b 	sub.w	r3, r3, fp
10001134:	f8c9 3000 	str.w	r3, [r9]
10001138:	4b51      	ldr	r3, [pc, #324]	@ (10001280 <protothread_display+0x344>)
1000113a:	681b      	ldr	r3, [r3, #0]
1000113c:	2b01      	cmp	r3, #1
1000113e:	d03c      	beq.n	100011ba <protothread_display+0x27e>
10001140:	4a50      	ldr	r2, [pc, #320]	@ (10001284 <protothread_display+0x348>)
10001142:	6813      	ldr	r3, [r2, #0]
10001144:	2b00      	cmp	r3, #0
10001146:	dc57      	bgt.n	100011f8 <protothread_display+0x2bc>
10001148:	2319      	movs	r3, #25
1000114a:	ec44 3040 	gpioc_bit_out_put r3, r4
1000114e:	e6ff      	b.n	10000f50 <protothread_display+0x14>
10001150:	4b2b      	ldr	r3, [pc, #172]	@ (10001200 <protothread_display+0x2c4>)
10001152:	6003      	str	r3, [r0, #0]
10001154:	2001      	movs	r0, #1
10001156:	4770      	bx	lr
10001158:	f04f 0919 	mov.w	r9, #25
1000115c:	4f4a      	ldr	r7, [pc, #296]	@ (10001288 <protothread_display+0x34c>)
1000115e:	42a6      	cmp	r6, r4
10001160:	f77f af33 	ble.w	10000fca <protothread_display+0x8e>
10001164:	f44f 0320 	mov.w	r3, #10485760	@ 0xa00000
10001168:	f847 3024 	str.w	r3, [r7, r4, lsl #2]
1000116c:	f44f 2370 	mov.w	r3, #983040	@ 0xf0000
10001170:	4a46      	ldr	r2, [pc, #280]	@ (1000128c <protothread_display+0x350>)
10001172:	f842 3024 	str.w	r3, [r2, r4, lsl #2]
10001176:	f004 fef1 	bl	10005f5c <get_rand_32>
1000117a:	f04f 32ff 	mov.w	r2, #4294967295	@ 0xffffffff
1000117e:	2300      	movs	r3, #0
10001180:	f3c0 000e 	ubfx	r0, r0, #0, #15
10001184:	f5b0 4080 	subs.w	r0, r0, #16384	@ 0x4000
10001188:	bf08      	it	eq
1000118a:	2001      	moveq	r0, #1
1000118c:	4940      	ldr	r1, [pc, #256]	@ (10001290 <protothread_display+0x354>)
1000118e:	f845 3024 	str.w	r3, [r5, r4, lsl #2]
10001192:	f841 2024 	str.w	r2, [r1, r4, lsl #2]
10001196:	4a3f      	ldr	r2, [pc, #252]	@ (10001294 <protothread_display+0x358>)
10001198:	f1b9 0901 	subs.w	r9, r9, #1
1000119c:	5513      	strb	r3, [r2, r4]
1000119e:	4b3e      	ldr	r3, [pc, #248]	@ (10001298 <protothread_display+0x35c>)
100011a0:	f843 0024 	str.w	r0, [r3, r4, lsl #2]
100011a4:	f8d8 4000 	ldr.w	r4, [r8]
100011a8:	f104 0401 	add.w	r4, r4, #1
100011ac:	f8c8 4000 	str.w	r4, [r8]
100011b0:	d1d5      	bne.n	1000115e <protothread_display+0x222>
100011b2:	e70a      	b.n	10000fca <protothread_display+0x8e>
100011b4:	4a39      	ldr	r2, [pc, #228]	@ (1000129c <protothread_display+0x360>)
100011b6:	6013      	str	r3, [r2, #0]
100011b8:	e6df      	b.n	10000f7a <protothread_display+0x3e>
100011ba:	6833      	ldr	r3, [r6, #0]
100011bc:	4a31      	ldr	r2, [pc, #196]	@ (10001284 <protothread_display+0x348>)
100011be:	3301      	adds	r3, #1
100011c0:	6033      	str	r3, [r6, #0]
100011c2:	231d      	movs	r3, #29
100011c4:	2119      	movs	r1, #25
100011c6:	f04f 0001 	mov.w	r0, #1
100011ca:	ec40 1040 	gpioc_bit_out_put r1, r0
100011ce:	2400      	movs	r4, #0
100011d0:	6013      	str	r3, [r2, #0]
100011d2:	e6bd      	b.n	10000f50 <protothread_display+0x14>
100011d4:	4c32      	ldr	r4, [pc, #200]	@ (100012a0 <protothread_display+0x364>)
100011d6:	4e33      	ldr	r6, [pc, #204]	@ (100012a4 <protothread_display+0x368>)
100011d8:	6820      	ldr	r0, [r4, #0]
100011da:	1a08      	subs	r0, r1, r0
100011dc:	42b0      	cmp	r0, r6
100011de:	f67f aee3 	bls.w	10000fa8 <protothread_display+0x6c>
100011e2:	480b      	ldr	r0, [pc, #44]	@ (10001210 <protothread_display+0x2d4>)
100011e4:	6021      	str	r1, [r4, #0]
100011e6:	6801      	ldr	r1, [r0, #0]
100011e8:	9003      	str	r0, [sp, #12]
100011ea:	3101      	adds	r1, #1
100011ec:	f001 0101 	and.w	r1, r1, #1
100011f0:	bf48      	it	mi
100011f2:	4249      	negmi	r1, r1
100011f4:	6001      	str	r1, [r0, #0]
100011f6:	e6d9      	b.n	10000fac <protothread_display+0x70>
100011f8:	3b01      	subs	r3, #1
100011fa:	e7e3      	b.n	100011c4 <protothread_display+0x288>
100011fc:	20005850 	.word	0x20005850
10001200:	10001148 	.word	0x10001148
10001204:	2001a81c 	.word	0x2001a81c
10001208:	400b0000 	.word	0x400b0000
1000120c:	200669e8 	.word	0x200669e8
10001210:	2001a5d8 	.word	0x2001a5d8
10001214:	200006a8 	.word	0x200006a8
10001218:	2001571c 	.word	0x2001571c
1000121c:	20014324 	.word	0x20014324
10001220:	20014328 	.word	0x20014328
10001224:	20014320 	.word	0x20014320
10001228:	200669e6 	.word	0x200669e6
1000122c:	2001432c 	.word	0x2001432c
10001230:	20000a2c 	.word	0x20000a2c
10001234:	2001a990 	.word	0x2001a990
10001238:	10006598 	.word	0x10006598
1000123c:	200156f0 	.word	0x200156f0
10001240:	200006b0 	.word	0x200006b0
10001244:	51eb851f 	.word	0x51eb851f
10001248:	200142b4 	.word	0x200142b4
1000124c:	100065b4 	.word	0x100065b4
10001250:	100065cc 	.word	0x100065cc
10001254:	000f4240 	.word	0x000f4240
10001258:	100065e8 	.word	0x100065e8
1000125c:	2001b994 	.word	0x2001b994
10001260:	2001b9bc 	.word	0x2001b9bc
10001264:	10006600 	.word	0x10006600
10001268:	2001574c 	.word	0x2001574c
1000126c:	2001a5cc 	.word	0x2001a5cc
10001270:	10006618 	.word	0x10006618
10001274:	20015720 	.word	0x20015720
10001278:	10006630 	.word	0x10006630
1000127c:	20014334 	.word	0x20014334
10001280:	2001b990 	.word	0x2001b990
10001284:	2001a5d4 	.word	0x2001a5d4
10001288:	2000a670 	.word	0x2000a670
1000128c:	2000f490 	.word	0x2000f490
10001290:	200157a8 	.word	0x200157a8
10001294:	2001435c 	.word	0x2001435c
10001298:	20000a30 	.word	0x20000a30
1000129c:	2001a820 	.word	0x2001a820
100012a0:	2001a5c8 	.word	0x2001a5c8
100012a4:	00030d40 	.word	0x00030d40
100012a8:	200142b0 	.word	0x200142b0
100012ac:	20015748 	.word	0x20015748

100012b0 <overclock>:
100012b0:	b500      	push	{lr}
100012b2:	200f      	movs	r0, #15
100012b4:	b085      	sub	sp, #20
100012b6:	f002 f921 	bl	100034fc <vreg_set_voltage>
100012ba:	2100      	movs	r1, #0
100012bc:	f242 7010 	movw	r0, #10000	@ 0x2710
100012c0:	f001 fe28 	bl	10002f14 <busy_wait_us>
100012c4:	f005 f92c 	bl	10006520 <__slowFlashClock_veneer>
100012c8:	4808      	ldr	r0, [pc, #32]	@ (100012ec <overclock+0x3c>)
100012ca:	ab03      	add	r3, sp, #12
100012cc:	aa02      	add	r2, sp, #8
100012ce:	a901      	add	r1, sp, #4
100012d0:	f002 f810 	bl	100032f4 <check_sys_clock_khz>
100012d4:	b918      	cbnz	r0, 100012de <overclock+0x2e>
100012d6:	4905      	ldr	r1, [pc, #20]	@ (100012ec <overclock+0x3c>)
100012d8:	4805      	ldr	r0, [pc, #20]	@ (100012f0 <overclock+0x40>)
100012da:	f000 ff2d 	bl	10002138 <panic>
100012de:	9801      	ldr	r0, [sp, #4]
100012e0:	e9dd 1202 	ldrd	r1, r2, [sp, #8]
100012e4:	f001 ff42 	bl	1000316c <set_sys_clock_pll>
100012e8:	b005      	add	sp, #20
100012ea:	bd00      	pop	{pc}
100012ec:	000493e0 	.word	0x000493e0
100012f0:	10006650 	.word	0x10006650

100012f4 <main>:
100012f4:	b538      	push	{r3, r4, r5, lr}
100012f6:	f7ff ffdb 	bl	100012b0 <overclock>
100012fa:	f004 fab3 	bl	10005864 <stdio_init_all>
100012fe:	2002      	movs	r0, #2
10001300:	f000 fef4 	bl	100020ec <gpio_init>
10001304:	2402      	movs	r4, #2
10001306:	f04f 0300 	mov.w	r3, #0
1000130a:	ec43 4044 	gpioc_bit_oe_put r4, r3
1000130e:	2101      	movs	r1, #1
10001310:	2200      	movs	r2, #0
10001312:	4620      	mov	r0, r4
10001314:	f000 fe64 	bl	10001fe0 <gpio_set_pulls>
10001318:	2003      	movs	r0, #3
1000131a:	f000 fee7 	bl	100020ec <gpio_init>
1000131e:	2003      	movs	r0, #3
10001320:	f04f 0300 	mov.w	r3, #0
10001324:	ec43 0044 	gpioc_bit_oe_put r0, r3
10001328:	2101      	movs	r1, #1
1000132a:	2200      	movs	r2, #0
1000132c:	f000 fe58 	bl	10001fe0 <gpio_set_pulls>
10001330:	2201      	movs	r2, #1
10001332:	2104      	movs	r1, #4
10001334:	4620      	mov	r0, r4
10001336:	4b2d      	ldr	r3, [pc, #180]	@ (100013ec <main+0xf8>)
10001338:	f000 fe64 	bl	10002004 <gpio_set_irq_enabled_with_callback>
1000133c:	2004      	movs	r0, #4
1000133e:	f000 fed5 	bl	100020ec <gpio_init>
10001342:	2004      	movs	r0, #4
10001344:	f04f 0300 	mov.w	r3, #0
10001348:	ec43 0044 	gpioc_bit_oe_put r0, r3
1000134c:	2101      	movs	r1, #1
1000134e:	2200      	movs	r2, #0
10001350:	f000 fe46 	bl	10001fe0 <gpio_set_pulls>
10001354:	2019      	movs	r0, #25
10001356:	f000 fec9 	bl	100020ec <gpio_init>
1000135a:	2319      	movs	r3, #25
1000135c:	f04f 0201 	mov.w	r2, #1
10001360:	ec42 3044 	gpioc_bit_oe_put r3, r2
10001364:	f04f 0200 	mov.w	r2, #0
10001368:	ec42 3040 	gpioc_bit_out_put r3, r2
1000136c:	f000 f8da 	bl	10001524 <initVGA>
10001370:	f7ff f87c 	bl	1000046c <initAudio>
10001374:	f7ff f914 	bl	100005a0 <buildPegs>
10001378:	481d      	ldr	r0, [pc, #116]	@ (100013f0 <main+0xfc>)
1000137a:	f004 fc4b 	bl	10005c14 <multicore_launch_core1>
1000137e:	f04f 4350 	mov.w	r3, #3489660928	@ 0xd0000000
10001382:	681b      	ldr	r3, [r3, #0]
10001384:	2b01      	cmp	r3, #1
10001386:	d019      	beq.n	100013bc <main+0xc8>
10001388:	4a1a      	ldr	r2, [pc, #104]	@ (100013f4 <main+0x100>)
1000138a:	6813      	ldr	r3, [r2, #0]
1000138c:	2b09      	cmp	r3, #9
1000138e:	dd06      	ble.n	1000139e <main+0xaa>
10001390:	2200      	movs	r2, #0
10001392:	4b19      	ldr	r3, [pc, #100]	@ (100013f8 <main+0x104>)
10001394:	601a      	str	r2, [r3, #0]
10001396:	f7fe ff41 	bl	1000021c <protothread_sched.constprop.0.isra.0>
1000139a:	2000      	movs	r0, #0
1000139c:	bd38      	pop	{r3, r4, r5, pc}
1000139e:	200c      	movs	r0, #12
100013a0:	f103 0c01 	add.w	ip, r3, #1
100013a4:	f8c2 c000 	str.w	ip, [r2]
100013a8:	fb00 f203 	mul.w	r2, r0, r3
100013ac:	2000      	movs	r0, #0
100013ae:	4913      	ldr	r1, [pc, #76]	@ (100013fc <main+0x108>)
100013b0:	4c13      	ldr	r4, [pc, #76]	@ (10001400 <main+0x10c>)
100013b2:	5088      	str	r0, [r1, r2]
100013b4:	440a      	add	r2, r1
100013b6:	e9c2 3401 	strd	r3, r4, [r2, #4]
100013ba:	e7e9      	b.n	10001390 <main+0x9c>
100013bc:	4a11      	ldr	r2, [pc, #68]	@ (10001404 <main+0x110>)
100013be:	6813      	ldr	r3, [r2, #0]
100013c0:	2b09      	cmp	r3, #9
100013c2:	dc0d      	bgt.n	100013e0 <main+0xec>
100013c4:	200c      	movs	r0, #12
100013c6:	f103 0c01 	add.w	ip, r3, #1
100013ca:	f8c2 c000 	str.w	ip, [r2]
100013ce:	fb00 f203 	mul.w	r2, r0, r3
100013d2:	2000      	movs	r0, #0
100013d4:	490c      	ldr	r1, [pc, #48]	@ (10001408 <main+0x114>)
100013d6:	4c0a      	ldr	r4, [pc, #40]	@ (10001400 <main+0x10c>)
100013d8:	5088      	str	r0, [r1, r2]
100013da:	440a      	add	r2, r1
100013dc:	e9c2 3401 	strd	r3, r4, [r2, #4]
100013e0:	2200      	movs	r2, #0
100013e2:	4b0a      	ldr	r3, [pc, #40]	@ (1000140c <main+0x118>)
100013e4:	601a      	str	r2, [r3, #0]
100013e6:	f7fe ffad 	bl	10000344 <protothread_sched1.constprop.0.isra.0>
100013ea:	e7d6      	b.n	1000139a <main+0xa6>
100013ec:	100001e1 	.word	0x100001e1
100013f0:	10000f11 	.word	0x10000f11
100013f4:	2001a830 	.word	0x2001a830
100013f8:	2001a824 	.word	0x2001a824
100013fc:	2001a838 	.word	0x2001a838
10001400:	10000f3d 	.word	0x10000f3d
10001404:	2001a834 	.word	0x2001a834
10001408:	2001a8b0 	.word	0x2001a8b0
1000140c:	2001a828 	.word	0x2001a828

10001410 <drawHLine.part.0>:
10001410:	b530      	push	{r4, r5, lr}
10001412:	f240 2e7f 	movw	lr, #639	@ 0x27f
10001416:	1884      	adds	r4, r0, r2
10001418:	ebae 0c00 	sub.w	ip, lr, r0
1000141c:	f5b4 7f20 	cmp.w	r4, #640	@ 0x280
10001420:	bfc8      	it	gt
10001422:	4662      	movgt	r2, ip
10001424:	2a00      	cmp	r2, #0
10001426:	dd50      	ble.n	100014ca <drawHLine.part.0+0xba>
10001428:	2a01      	cmp	r2, #1
1000142a:	d05e      	beq.n	100014ea <drawHLine.part.0+0xda>
1000142c:	07c5      	lsls	r5, r0, #31
1000142e:	d522      	bpl.n	10001476 <drawHLine.part.0+0x66>
10001430:	b284      	uxth	r4, r0
10001432:	4574      	cmp	r4, lr
10001434:	d81d      	bhi.n	10001472 <drawHLine.part.0+0x62>
10001436:	b28c      	uxth	r4, r1
10001438:	f5b4 7ff0 	cmp.w	r4, #480	@ 0x1e0
1000143c:	d219      	bcs.n	10001472 <drawHLine.part.0+0x62>
1000143e:	f44f 7420 	mov.w	r4, #640	@ 0x280
10001442:	fa0f fe80 	sxth.w	lr, r0
10001446:	fb11 e404 	smlabb	r4, r1, r4, lr
1000144a:	f8df c0d4 	ldr.w	ip, [pc, #212]	@ 10001520 <drawHLine.part.0+0x110>
1000144e:	1064      	asrs	r4, r4, #1
10001450:	f8dc 5000 	ldr.w	r5, [ip]
10001454:	f01e 0f01 	tst.w	lr, #1
10001458:	f815 c004 	ldrb.w	ip, [r5, r4]
1000145c:	bf15      	itete	ne
1000145e:	f00c 0c0f 	andne.w	ip, ip, #15
10001462:	f02c 0c0f 	biceq.w	ip, ip, #15
10001466:	ea4c 1c03 	orrne.w	ip, ip, r3, lsl #4
1000146a:	ea43 0c0c 	orreq.w	ip, r3, ip
1000146e:	f805 c004 	strb.w	ip, [r5, r4]
10001472:	3001      	adds	r0, #1
10001474:	3a01      	subs	r2, #1
10001476:	07d4      	lsls	r4, r2, #31
10001478:	d528      	bpl.n	100014cc <drawHLine.part.0+0xbc>
1000147a:	eb00 0e02 	add.w	lr, r0, r2
1000147e:	f10e 3eff 	add.w	lr, lr, #4294967295	@ 0xffffffff
10001482:	fa1f fe8e 	uxth.w	lr, lr
10001486:	f5be 7f20 	cmp.w	lr, #640	@ 0x280
1000148a:	d21b      	bcs.n	100014c4 <drawHLine.part.0+0xb4>
1000148c:	b28c      	uxth	r4, r1
1000148e:	f5b4 7ff0 	cmp.w	r4, #480	@ 0x1e0
10001492:	d217      	bcs.n	100014c4 <drawHLine.part.0+0xb4>
10001494:	f44f 7420 	mov.w	r4, #640	@ 0x280
10001498:	fb11 e404 	smlabb	r4, r1, r4, lr
1000149c:	f8df c080 	ldr.w	ip, [pc, #128]	@ 10001520 <drawHLine.part.0+0x110>
100014a0:	1064      	asrs	r4, r4, #1
100014a2:	f8dc 5000 	ldr.w	r5, [ip]
100014a6:	f01e 0f01 	tst.w	lr, #1
100014aa:	f815 c004 	ldrb.w	ip, [r5, r4]
100014ae:	bf15      	itete	ne
100014b0:	f00c 0c0f 	andne.w	ip, ip, #15
100014b4:	f02c 0c0f 	biceq.w	ip, ip, #15
100014b8:	ea4c 1c03 	orrne.w	ip, ip, r3, lsl #4
100014bc:	ea43 0c0c 	orreq.w	ip, r3, ip
100014c0:	f805 c004 	strb.w	ip, [r5, r4]
100014c4:	3a01      	subs	r2, #1
100014c6:	1052      	asrs	r2, r2, #1
100014c8:	d101      	bne.n	100014ce <drawHLine.part.0+0xbe>
100014ca:	bd30      	pop	{r4, r5, pc}
100014cc:	1052      	asrs	r2, r2, #1
100014ce:	4c14      	ldr	r4, [pc, #80]	@ (10001520 <drawHLine.part.0+0x110>)
100014d0:	eb01 0c81 	add.w	ip, r1, r1, lsl #2
100014d4:	6824      	ldr	r4, [r4, #0]
100014d6:	1040      	asrs	r0, r0, #1
100014d8:	eb00 108c 	add.w	r0, r0, ip, lsl #6
100014dc:	4420      	add	r0, r4
100014de:	ea43 1103 	orr.w	r1, r3, r3, lsl #4
100014e2:	e8bd 4030 	ldmia.w	sp!, {r4, r5, lr}
100014e6:	f004 bf33 	b.w	10006350 <memset>
100014ea:	b282      	uxth	r2, r0
100014ec:	4572      	cmp	r2, lr
100014ee:	d8ec      	bhi.n	100014ca <drawHLine.part.0+0xba>
100014f0:	b28a      	uxth	r2, r1
100014f2:	f5b2 7ff0 	cmp.w	r2, #480	@ 0x1e0
100014f6:	d2e8      	bcs.n	100014ca <drawHLine.part.0+0xba>
100014f8:	f44f 7220 	mov.w	r2, #640	@ 0x280
100014fc:	b200      	sxth	r0, r0
100014fe:	fb11 0202 	smlabb	r2, r1, r2, r0
10001502:	4c07      	ldr	r4, [pc, #28]	@ (10001520 <drawHLine.part.0+0x110>)
10001504:	1052      	asrs	r2, r2, #1
10001506:	6824      	ldr	r4, [r4, #0]
10001508:	07c0      	lsls	r0, r0, #31
1000150a:	5ca1      	ldrb	r1, [r4, r2]
1000150c:	bf4b      	itete	mi
1000150e:	f001 010f 	andmi.w	r1, r1, #15
10001512:	f021 010f 	bicpl.w	r1, r1, #15
10001516:	ea41 1103 	orrmi.w	r1, r1, r3, lsl #4
1000151a:	4319      	orrpl	r1, r3
1000151c:	54a1      	strb	r1, [r4, r2]
1000151e:	bd30      	pop	{r4, r5, pc}
10001520:	200156e4 	.word	0x200156e4

10001524 <initVGA>:
10001524:	e92d 4ff0 	stmdb	sp!, {r4, r5, r6, r7, r8, r9, sl, fp, lr}
10001528:	49d7      	ldr	r1, [pc, #860]	@ (10001888 <initVGA+0x364>)
1000152a:	b08d      	sub	sp, #52	@ 0x34
1000152c:	48d7      	ldr	r0, [pc, #860]	@ (1000188c <initVGA+0x368>)
1000152e:	f004 fd75 	bl	1000601c <pio_add_program>
10001532:	49d7      	ldr	r1, [pc, #860]	@ (10001890 <initVGA+0x36c>)
10001534:	4607      	mov	r7, r0
10001536:	48d5      	ldr	r0, [pc, #852]	@ (1000188c <initVGA+0x368>)
10001538:	f004 fd70 	bl	1000601c <pio_add_program>
1000153c:	49d5      	ldr	r1, [pc, #852]	@ (10001894 <initVGA+0x370>)
1000153e:	4604      	mov	r4, r0
10001540:	48d2      	ldr	r0, [pc, #840]	@ (1000188c <initVGA+0x368>)
10001542:	f004 fd6b 	bl	1000601c <pio_add_program>
10001546:	2100      	movs	r1, #0
10001548:	4606      	mov	r6, r0
1000154a:	48d0      	ldr	r0, [pc, #832]	@ (1000188c <initVGA+0x368>)
1000154c:	f004 fd42 	bl	10005fd4 <pio_sm_claim>
10001550:	2101      	movs	r1, #1
10001552:	48ce      	ldr	r0, [pc, #824]	@ (1000188c <initVGA+0x368>)
10001554:	f004 fd3e 	bl	10005fd4 <pio_sm_claim>
10001558:	2102      	movs	r1, #2
1000155a:	48cc      	ldr	r0, [pc, #816]	@ (1000188c <initVGA+0x368>)
1000155c:	f004 fd3a 	bl	10005fd4 <pio_sm_claim>
10001560:	f44f 3080 	mov.w	r0, #65536	@ 0x10000
10001564:	f44f 31f8 	mov.w	r1, #126976	@ 0x1f000
10001568:	2200      	movs	r2, #0
1000156a:	f44f 2340 	mov.w	r3, #786432	@ 0xc0000
1000156e:	e9cd 0104 	strd	r0, r1, [sp, #16]
10001572:	f107 0c08 	add.w	ip, r7, #8
10001576:	9207      	str	r2, [sp, #28]
10001578:	9306      	str	r3, [sp, #24]
1000157a:	ad04      	add	r5, sp, #16
1000157c:	1c7a      	adds	r2, r7, #1
1000157e:	f10d 0820 	add.w	r8, sp, #32
10001582:	ea4f 3c0c 	mov.w	ip, ip, lsl #12
10001586:	ea4c 1cc2 	orr.w	ip, ip, r2, lsl #7
1000158a:	e895 000f 	ldmia.w	r5, {r0, r1, r2, r3}
1000158e:	e888 000f 	stmia.w	r8, {r0, r1, r2, r3}
10001592:	f8df e340 	ldr.w	lr, [pc, #832]	@ 100018d4 <initVGA+0x3b0>
10001596:	f8cd c024 	str.w	ip, [sp, #36]	@ 0x24
1000159a:	e898 000f 	ldmia.w	r8, {r0, r1, r2, r3}
1000159e:	e885 000f 	stmia.w	r5, {r0, r1, r2, r3}
100015a2:	2005      	movs	r0, #5
100015a4:	f8cd e01c 	str.w	lr, [sp, #28]
100015a8:	f001 fdda 	bl	10003160 <clock_get_hz>
100015ac:	4aba      	ldr	r2, [pc, #744]	@ (10001898 <initVGA+0x374>)
100015ae:	09c3      	lsrs	r3, r0, #7
100015b0:	fba2 2303 	umull	r2, r3, r2, r3
100015b4:	0b1b      	lsrs	r3, r3, #12
100015b6:	eb03 0343 	add.w	r3, r3, r3, lsl #1
100015ba:	005b      	lsls	r3, r3, #1
100015bc:	ee07 3a90 	vmov	s15, r3
100015c0:	ed9f 7ab6 	vldr	s14, [pc, #728]	@ 1000189c <initVGA+0x378>
100015c4:	eef8 7ae7 	vcvt.f32.s32	s15, s15
100015c8:	ee77 7a87 	vadd.f32	s15, s15, s14
100015cc:	eebc 7ae7 	vcvt.u32.f32	s14, s15
100015d0:	ee17 3a10 	vmov	r3, s14
100015d4:	b29a      	uxth	r2, r3
100015d6:	2a00      	cmp	r2, #0
100015d8:	f000 81b6 	beq.w	10001948 <initVGA+0x424>
100015dc:	ee07 2a10 	vmov	s14, r2
100015e0:	eeb8 7a47 	vcvt.f32.u32	s14, s14
100015e4:	eddf 6aae 	vldr	s13, [pc, #696]	@ 100018a0 <initVGA+0x37c>
100015e8:	ee77 7ac7 	vsub.f32	s15, s15, s14
100015ec:	ee67 7aa6 	vmul.f32	s15, s15, s13
100015f0:	eefc 7ae7 	vcvt.u32.f32	s15, s15
100015f4:	edcd 7a02 	vstr	s15, [sp, #8]
100015f8:	f89d 3008 	ldrb.w	r3, [sp, #8]
100015fc:	021b      	lsls	r3, r3, #8
100015fe:	ea43 4302 	orr.w	r3, r3, r2, lsl #16
10001602:	2106      	movs	r1, #6
10001604:	2010      	movs	r0, #16
10001606:	9304      	str	r3, [sp, #16]
10001608:	f000 fccc 	bl	10001fa4 <gpio_set_function>
1000160c:	2301      	movs	r3, #1
1000160e:	2210      	movs	r2, #16
10001610:	2100      	movs	r1, #0
10001612:	9300      	str	r3, [sp, #0]
10001614:	489d      	ldr	r0, [pc, #628]	@ (1000188c <initVGA+0x368>)
10001616:	f004 fd73 	bl	10006100 <pio_sm_set_consecutive_pindirs>
1000161a:	462b      	mov	r3, r5
1000161c:	463a      	mov	r2, r7
1000161e:	2100      	movs	r1, #0
10001620:	489a      	ldr	r0, [pc, #616]	@ (1000188c <initVGA+0x368>)
10001622:	f004 fdb1 	bl	10006188 <pio_sm_init>
10001626:	f44f 3380 	mov.w	r3, #65536	@ 0x10000
1000162a:	f44f 2240 	mov.w	r2, #786432	@ 0xc0000
1000162e:	9308      	str	r3, [sp, #32]
10001630:	f104 030d 	add.w	r3, r4, #13
10001634:	920a      	str	r2, [sp, #40]	@ 0x28
10001636:	031b      	lsls	r3, r3, #12
10001638:	1c62      	adds	r2, r4, #1
1000163a:	ea43 13c2 	orr.w	r3, r3, r2, lsl #7
1000163e:	f023 43c0 	bic.w	r3, r3, #1610612736	@ 0x60000000
10001642:	f043 4380 	orr.w	r3, r3, #1073741824	@ 0x40000000
10001646:	9309      	str	r3, [sp, #36]	@ 0x24
10001648:	4b96      	ldr	r3, [pc, #600]	@ (100018a4 <initVGA+0x380>)
1000164a:	2005      	movs	r0, #5
1000164c:	930b      	str	r3, [sp, #44]	@ 0x2c
1000164e:	f001 fd87 	bl	10003160 <clock_get_hz>
10001652:	4a91      	ldr	r2, [pc, #580]	@ (10001898 <initVGA+0x374>)
10001654:	09c3      	lsrs	r3, r0, #7
10001656:	fba2 2303 	umull	r2, r3, r2, r3
1000165a:	0b1b      	lsrs	r3, r3, #12
1000165c:	eb03 0343 	add.w	r3, r3, r3, lsl #1
10001660:	005b      	lsls	r3, r3, #1
10001662:	ee07 3a90 	vmov	s15, r3
10001666:	ed9f 7a8d 	vldr	s14, [pc, #564]	@ 1000189c <initVGA+0x378>
1000166a:	eef8 7ae7 	vcvt.f32.s32	s15, s15
1000166e:	ee77 7a87 	vadd.f32	s15, s15, s14
10001672:	eebc 7ae7 	vcvt.u32.f32	s14, s15
10001676:	ee17 3a10 	vmov	r3, s14
1000167a:	b29a      	uxth	r2, r3
1000167c:	2a00      	cmp	r2, #0
1000167e:	f000 8161 	beq.w	10001944 <initVGA+0x420>
10001682:	ee07 2a10 	vmov	s14, r2
10001686:	eeb8 7a47 	vcvt.f32.u32	s14, s14
1000168a:	eddf 6a85 	vldr	s13, [pc, #532]	@ 100018a0 <initVGA+0x37c>
1000168e:	ee77 7ac7 	vsub.f32	s15, s15, s14
10001692:	ee67 7aa6 	vmul.f32	s15, s15, s13
10001696:	eefc 7ae7 	vcvt.u32.f32	s15, s15
1000169a:	edcd 7a02 	vstr	s15, [sp, #8]
1000169e:	f89d 3008 	ldrb.w	r3, [sp, #8]
100016a2:	021b      	lsls	r3, r3, #8
100016a4:	2701      	movs	r7, #1
100016a6:	ea43 4302 	orr.w	r3, r3, r2, lsl #16
100016aa:	2106      	movs	r1, #6
100016ac:	2011      	movs	r0, #17
100016ae:	9308      	str	r3, [sp, #32]
100016b0:	f000 fc78 	bl	10001fa4 <gpio_set_function>
100016b4:	463b      	mov	r3, r7
100016b6:	4639      	mov	r1, r7
100016b8:	2211      	movs	r2, #17
100016ba:	9700      	str	r7, [sp, #0]
100016bc:	4873      	ldr	r0, [pc, #460]	@ (1000188c <initVGA+0x368>)
100016be:	f004 fd1f 	bl	10006100 <pio_sm_set_consecutive_pindirs>
100016c2:	4622      	mov	r2, r4
100016c4:	4639      	mov	r1, r7
100016c6:	ab08      	add	r3, sp, #32
100016c8:	4870      	ldr	r0, [pc, #448]	@ (1000188c <initVGA+0x368>)
100016ca:	f004 fd5d 	bl	10006188 <pio_sm_init>
100016ce:	f44f 3080 	mov.w	r0, #65536	@ 0x10000
100016d2:	f44f 31f8 	mov.w	r1, #126976	@ 0x1f000
100016d6:	2200      	movs	r2, #0
100016d8:	f44f 2340 	mov.w	r3, #786432	@ 0xc0000
100016dc:	e9cd 0104 	strd	r0, r1, [sp, #16]
100016e0:	f106 0408 	add.w	r4, r6, #8
100016e4:	9207      	str	r2, [sp, #28]
100016e6:	9306      	str	r3, [sp, #24]
100016e8:	f10d 0c20 	add.w	ip, sp, #32
100016ec:	1cb2      	adds	r2, r6, #2
100016ee:	0324      	lsls	r4, r4, #12
100016f0:	ea44 14c2 	orr.w	r4, r4, r2, lsl #7
100016f4:	e895 000f 	ldmia.w	r5, {r0, r1, r2, r3}
100016f8:	e88c 000f 	stmia.w	ip, {r0, r1, r2, r3}
100016fc:	4f6a      	ldr	r7, [pc, #424]	@ (100018a8 <initVGA+0x384>)
100016fe:	9409      	str	r4, [sp, #36]	@ 0x24
10001700:	e89c 000f 	ldmia.w	ip, {r0, r1, r2, r3}
10001704:	e885 000f 	stmia.w	r5, {r0, r1, r2, r3}
10001708:	2005      	movs	r0, #5
1000170a:	9707      	str	r7, [sp, #28]
1000170c:	f001 fd28 	bl	10003160 <clock_get_hz>
10001710:	4b61      	ldr	r3, [pc, #388]	@ (10001898 <initVGA+0x374>)
10001712:	09c0      	lsrs	r0, r0, #7
10001714:	fba3 3000 	umull	r3, r0, r3, r0
10001718:	0b03      	lsrs	r3, r0, #12
1000171a:	ee07 3a90 	vmov	s15, r3
1000171e:	ed9f 7a5f 	vldr	s14, [pc, #380]	@ 1000189c <initVGA+0x378>
10001722:	eef8 7ae7 	vcvt.f32.s32	s15, s15
10001726:	ee77 7a87 	vadd.f32	s15, s15, s14
1000172a:	eebc 7ae7 	vcvt.u32.f32	s14, s15
1000172e:	ee17 3a10 	vmov	r3, s14
10001732:	b299      	uxth	r1, r3
10001734:	2900      	cmp	r1, #0
10001736:	f000 8103 	beq.w	10001940 <initVGA+0x41c>
1000173a:	ee07 1a10 	vmov	s14, r1
1000173e:	eeb8 7a47 	vcvt.f32.u32	s14, s14
10001742:	eddf 6a57 	vldr	s13, [pc, #348]	@ 100018a0 <initVGA+0x37c>
10001746:	ee77 7ac7 	vsub.f32	s15, s15, s14
1000174a:	ee67 7aa6 	vmul.f32	s15, s15, s13
1000174e:	eefc 7ae7 	vcvt.u32.f32	s15, s15
10001752:	edcd 7a02 	vstr	s15, [sp, #8]
10001756:	f89d 2008 	ldrb.w	r2, [sp, #8]
1000175a:	0212      	lsls	r2, r2, #8
1000175c:	2401      	movs	r4, #1
1000175e:	9b06      	ldr	r3, [sp, #24]
10001760:	ea42 4201 	orr.w	r2, r2, r1, lsl #16
10001764:	f023 23c0 	bic.w	r3, r3, #3221274624	@ 0xc000c000
10001768:	f043 4380 	orr.w	r3, r3, #1073741824	@ 0x40000000
1000176c:	2106      	movs	r1, #6
1000176e:	2012      	movs	r0, #18
10001770:	9204      	str	r2, [sp, #16]
10001772:	9306      	str	r3, [sp, #24]
10001774:	f000 fc16 	bl	10001fa4 <gpio_set_function>
10001778:	2106      	movs	r1, #6
1000177a:	2013      	movs	r0, #19
1000177c:	f000 fc12 	bl	10001fa4 <gpio_set_function>
10001780:	2106      	movs	r1, #6
10001782:	2014      	movs	r0, #20
10001784:	f000 fc0e 	bl	10001fa4 <gpio_set_function>
10001788:	2106      	movs	r1, #6
1000178a:	2015      	movs	r0, #21
1000178c:	f000 fc0a 	bl	10001fa4 <gpio_set_function>
10001790:	2304      	movs	r3, #4
10001792:	2212      	movs	r2, #18
10001794:	2102      	movs	r1, #2
10001796:	483d      	ldr	r0, [pc, #244]	@ (1000188c <initVGA+0x368>)
10001798:	9400      	str	r4, [sp, #0]
1000179a:	f004 fcb1 	bl	10006100 <pio_sm_set_consecutive_pindirs>
1000179e:	462b      	mov	r3, r5
100017a0:	4632      	mov	r2, r6
100017a2:	2102      	movs	r1, #2
100017a4:	4839      	ldr	r0, [pc, #228]	@ (1000188c <initVGA+0x368>)
100017a6:	f004 fcef 	bl	10006188 <pio_sm_init>
100017aa:	4a40      	ldr	r2, [pc, #256]	@ (100018ac <initVGA+0x388>)
100017ac:	4b40      	ldr	r3, [pc, #256]	@ (100018b0 <initVGA+0x38c>)
100017ae:	6812      	ldr	r2, [r2, #0]
100017b0:	681b      	ldr	r3, [r3, #0]
100017b2:	f8df 8124 	ldr.w	r8, [pc, #292]	@ 100018d8 <initVGA+0x3b4>
100017b6:	4f3f      	ldr	r7, [pc, #252]	@ (100018b4 <initVGA+0x390>)
100017b8:	e9c8 3201 	strd	r3, r2, [r8, #4]
100017bc:	f8c8 300c 	str.w	r3, [r8, #12]
100017c0:	4b3d      	ldr	r3, [pc, #244]	@ (100018b8 <initVGA+0x394>)
100017c2:	493e      	ldr	r1, [pc, #248]	@ (100018bc <initVGA+0x398>)
100017c4:	f8df a114 	ldr.w	sl, [pc, #276]	@ 100018dc <initVGA+0x3b8>
100017c8:	4e3d      	ldr	r6, [pc, #244]	@ (100018c0 <initVGA+0x39c>)
100017ca:	603b      	str	r3, [r7, #0]
100017cc:	60bb      	str	r3, [r7, #8]
100017ce:	4b3d      	ldr	r3, [pc, #244]	@ (100018c4 <initVGA+0x3a0>)
100017d0:	4620      	mov	r0, r4
100017d2:	f8c1 a000 	str.w	sl, [r1]
100017d6:	f8c8 2000 	str.w	r2, [r8]
100017da:	601c      	str	r4, [r3, #0]
100017dc:	e9c6 4400 	strd	r4, r4, [r6]
100017e0:	e9c6 4402 	strd	r4, r4, [r6, #8]
100017e4:	f8c7 a004 	str.w	sl, [r7, #4]
100017e8:	f8c7 a00c 	str.w	sl, [r7, #12]
100017ec:	f004 fd20 	bl	10006230 <dma_claim_unused_channel>
100017f0:	4681      	mov	r9, r0
100017f2:	4620      	mov	r0, r4
100017f4:	f004 fd1c 	bl	10006230 <dma_claim_unused_channel>
100017f8:	4683      	mov	fp, r0
100017fa:	4620      	mov	r0, r4
100017fc:	f004 fd18 	bl	10006230 <dma_claim_unused_channel>
10001800:	4605      	mov	r5, r0
10001802:	4620      	mov	r0, r4
10001804:	f004 fd14 	bl	10006230 <dma_claim_unused_channel>
10001808:	4a2f      	ldr	r2, [pc, #188]	@ (100018c8 <initVGA+0x3a4>)
1000180a:	f8df c0d4 	ldr.w	ip, [pc, #212]	@ 100018e0 <initVGA+0x3bc>
1000180e:	ea02 3249 	and.w	r2, r2, r9, lsl #13
10001812:	ea42 324b 	orr.w	r2, r2, fp, lsl #13
10001816:	492d      	ldr	r1, [pc, #180]	@ (100018cc <initVGA+0x3a8>)
10001818:	ea0c 3e4b 	and.w	lr, ip, fp, lsl #13
1000181c:	f442 2280 	orr.w	r2, r2, #262144	@ 0x40000
10001820:	ea4e 3e45 	orr.w	lr, lr, r5, lsl #13
10001824:	f042 0211 	orr.w	r2, r2, #17
10001828:	9203      	str	r2, [sp, #12]
1000182a:	ea4f 128b 	mov.w	r2, fp, lsl #6
1000182e:	ea4e 0b01 	orr.w	fp, lr, r1
10001832:	ea0c 3e45 	and.w	lr, ip, r5, lsl #13
10001836:	ea4e 3e40 	orr.w	lr, lr, r0, lsl #13
1000183a:	ea0c 3c40 	and.w	ip, ip, r0, lsl #13
1000183e:	0180      	lsls	r0, r0, #6
10001840:	f100 40a0 	add.w	r0, r0, #1342177280	@ 0x50000000
10001844:	ea4c 3c49 	orr.w	ip, ip, r9, lsl #13
10001848:	9002      	str	r0, [sp, #8]
1000184a:	ea4e 0e01 	orr.w	lr, lr, r1
1000184e:	4820      	ldr	r0, [pc, #128]	@ (100018d0 <initVGA+0x3ac>)
10001850:	ea4c 0c01 	orr.w	ip, ip, r1
10001854:	ea4f 1189 	mov.w	r1, r9, lsl #6
10001858:	f101 41a0 	add.w	r1, r1, #1342177280	@ 0x50000000
1000185c:	f8c1 a000 	str.w	sl, [r1]
10001860:	6048      	str	r0, [r1, #4]
10001862:	f44f 3016 	mov.w	r0, #153600	@ 0x25800
10001866:	6088      	str	r0, [r1, #8]
10001868:	9803      	ldr	r0, [sp, #12]
1000186a:	f102 42a0 	add.w	r2, r2, #1342177280	@ 0x50000000
1000186e:	6108      	str	r0, [r1, #16]
10001870:	01ad      	lsls	r5, r5, #6
10001872:	f8c2 8000 	str.w	r8, [r2]
10001876:	6051      	str	r1, [r2, #4]
10001878:	4910      	ldr	r1, [pc, #64]	@ (100018bc <initVGA+0x398>)
1000187a:	f105 45a0 	add.w	r5, r5, #1342177280	@ 0x50000000
1000187e:	6094      	str	r4, [r2, #8]
10001880:	f8c2 b010 	str.w	fp, [r2, #16]
10001884:	602f      	str	r7, [r5, #0]
10001886:	e02d      	b.n	100018e4 <initVGA+0x3c0>
10001888:	10006bc0 	.word	0x10006bc0
1000188c:	50200000 	.word	0x50200000
10001890:	10006b9c 	.word	0x10006b9c
10001894:	10006b80 	.word	0x10006b80
10001898:	00e5109f 	.word	0x00e5109f
1000189c:	3b000000 	.word	0x3b000000
100018a0:	43800000 	.word	0x43800000
100018a4:	44004620 	.word	0x44004620
100018a8:	10400252 	.word	0x10400252
100018ac:	200006b8 	.word	0x200006b8
100018b0:	200006b4 	.word	0x200006b4
100018b4:	20000750 	.word	0x20000750
100018b8:	200411e0 	.word	0x200411e0
100018bc:	200156e4 	.word	0x200156e4
100018c0:	20000770 	.word	0x20000770
100018c4:	200142dc 	.word	0x200142dc
100018c8:	fc001fff 	.word	0xfc001fff
100018cc:	007e0419 	.word	0x007e0419
100018d0:	50200018 	.word	0x50200018
100018d4:	04000200 	.word	0x04000200
100018d8:	20000760 	.word	0x20000760
100018dc:	2001b9e0 	.word	0x2001b9e0
100018e0:	fc7e1fff 	.word	0xfc7e1fff
100018e4:	4a19      	ldr	r2, [pc, #100]	@ (1000194c <initVGA+0x428>)
100018e6:	6069      	str	r1, [r5, #4]
100018e8:	9902      	ldr	r1, [sp, #8]
100018ea:	4b19      	ldr	r3, [pc, #100]	@ (10001950 <initVGA+0x42c>)
100018ec:	60ac      	str	r4, [r5, #8]
100018ee:	f8c5 e010 	str.w	lr, [r5, #16]
100018f2:	600e      	str	r6, [r1, #0]
100018f4:	604a      	str	r2, [r1, #4]
100018f6:	608c      	str	r4, [r1, #8]
100018f8:	f8c1 c010 	str.w	ip, [r1, #16]
100018fc:	685a      	ldr	r2, [r3, #4]
100018fe:	03d1      	lsls	r1, r2, #15
10001900:	d4fc      	bmi.n	100018fc <initVGA+0x3d8>
10001902:	f240 228f 	movw	r2, #655	@ 0x28f
10001906:	4912      	ldr	r1, [pc, #72]	@ (10001950 <initVGA+0x42c>)
10001908:	611a      	str	r2, [r3, #16]
1000190a:	684b      	ldr	r3, [r1, #4]
1000190c:	039a      	lsls	r2, r3, #14
1000190e:	d4fc      	bmi.n	1000190a <initVGA+0x3e6>
10001910:	f240 13df 	movw	r3, #479	@ 0x1df
10001914:	4a0e      	ldr	r2, [pc, #56]	@ (10001950 <initVGA+0x42c>)
10001916:	614b      	str	r3, [r1, #20]
10001918:	6853      	ldr	r3, [r2, #4]
1000191a:	035b      	lsls	r3, r3, #13
1000191c:	d4fc      	bmi.n	10001918 <initVGA+0x3f4>
1000191e:	f240 143f 	movw	r4, #319	@ 0x13f
10001922:	2301      	movs	r3, #1
10001924:	6194      	str	r4, [r2, #24]
10001926:	f240 7007 	movw	r0, #1799	@ 0x707
1000192a:	f04f 42a0 	mov.w	r2, #1342177280	@ 0x50000000
1000192e:	4909      	ldr	r1, [pc, #36]	@ (10001954 <initVGA+0x430>)
10001930:	fa03 f309 	lsl.w	r3, r3, r9
10001934:	6008      	str	r0, [r1, #0]
10001936:	f8c2 3450 	str.w	r3, [r2, #1104]	@ 0x450
1000193a:	b00d      	add	sp, #52	@ 0x34
1000193c:	e8bd 8ff0 	ldmia.w	sp!, {r4, r5, r6, r7, r8, r9, sl, fp, pc}
10001940:	460a      	mov	r2, r1
10001942:	e70b      	b.n	1000175c <initVGA+0x238>
10001944:	4613      	mov	r3, r2
10001946:	e6ad      	b.n	100016a4 <initVGA+0x180>
10001948:	4613      	mov	r3, r2
1000194a:	e658      	b.n	100015fe <initVGA+0xda>
1000194c:	2001b990 	.word	0x2001b990
10001950:	50200000 	.word	0x50200000
10001954:	50202000 	.word	0x50202000

10001958 <fillCircle>:
10001958:	4291      	cmp	r1, r2
1000195a:	db4e      	blt.n	100019fa <fillCircle+0xa2>
1000195c:	e92d 4ff0 	stmdb	sp!, {r4, r5, r6, r7, r8, r9, sl, fp, lr}
10001960:	1854      	adds	r4, r2, r1
10001962:	f5b4 7ff0 	cmp.w	r4, #480	@ 0x1e0
10001966:	b083      	sub	sp, #12
10001968:	da3d      	bge.n	100019e6 <fillCircle+0x8e>
1000196a:	2a00      	cmp	r2, #0
1000196c:	db3b      	blt.n	100019e6 <fillCircle+0x8e>
1000196e:	4699      	mov	r9, r3
10001970:	4680      	mov	r8, r0
10001972:	460d      	mov	r5, r1
10001974:	2400      	movs	r4, #0
10001976:	460e      	mov	r6, r1
10001978:	fb02 2702 	mla	r7, r2, r2, r2
1000197c:	f102 0a01 	add.w	sl, r2, #1
10001980:	fb14 f304 	smulbb	r3, r4, r4
10001984:	1afb      	subs	r3, r7, r3
10001986:	f1b3 4f80 	cmp.w	r3, #1073741824	@ 0x40000000
1000198a:	f04f 4280 	mov.w	r2, #1073741824	@ 0x40000000
1000198e:	d203      	bcs.n	10001998 <fillCircle+0x40>
10001990:	0892      	lsrs	r2, r2, #2
10001992:	4293      	cmp	r3, r2
10001994:	d3fc      	bcc.n	10001990 <fillCircle+0x38>
10001996:	b36a      	cbz	r2, 100019f4 <fillCircle+0x9c>
10001998:	2000      	movs	r0, #0
1000199a:	1881      	adds	r1, r0, r2
1000199c:	4299      	cmp	r1, r3
1000199e:	ea4f 0050 	mov.w	r0, r0, lsr #1
100019a2:	bf9c      	itt	ls
100019a4:	1880      	addls	r0, r0, r2
100019a6:	1a5b      	subls	r3, r3, r1
100019a8:	0892      	lsrs	r2, r2, #2
100019aa:	d1f6      	bne.n	1000199a <fillCircle+0x42>
100019ac:	ea4f 0b40 	mov.w	fp, r0, lsl #1
100019b0:	eba8 0000 	sub.w	r0, r8, r0
100019b4:	f5b0 7f20 	cmp.w	r0, #640	@ 0x280
100019b8:	da0e      	bge.n	100019d8 <fillCircle+0x80>
100019ba:	f5b6 7ff0 	cmp.w	r6, #480	@ 0x1e0
100019be:	da15      	bge.n	100019ec <fillCircle+0x94>
100019c0:	464b      	mov	r3, r9
100019c2:	465a      	mov	r2, fp
100019c4:	4631      	mov	r1, r6
100019c6:	9001      	str	r0, [sp, #4]
100019c8:	f7ff fd22 	bl	10001410 <drawHLine.part.0>
100019cc:	9801      	ldr	r0, [sp, #4]
100019ce:	465a      	mov	r2, fp
100019d0:	464b      	mov	r3, r9
100019d2:	4629      	mov	r1, r5
100019d4:	f7ff fd1c 	bl	10001410 <drawHLine.part.0>
100019d8:	3401      	adds	r4, #1
100019da:	4554      	cmp	r4, sl
100019dc:	f105 35ff 	add.w	r5, r5, #4294967295	@ 0xffffffff
100019e0:	f106 0601 	add.w	r6, r6, #1
100019e4:	d1cc      	bne.n	10001980 <fillCircle+0x28>
100019e6:	b003      	add	sp, #12
100019e8:	e8bd 8ff0 	ldmia.w	sp!, {r4, r5, r6, r7, r8, r9, sl, fp, pc}
100019ec:	f5b5 7ff0 	cmp.w	r5, #480	@ 0x1e0
100019f0:	daf2      	bge.n	100019d8 <fillCircle+0x80>
100019f2:	e7ec      	b.n	100019ce <fillCircle+0x76>
100019f4:	4693      	mov	fp, r2
100019f6:	4610      	mov	r0, r2
100019f8:	e7da      	b.n	100019b0 <fillCircle+0x58>
100019fa:	4770      	bx	lr

100019fc <fillRect>:
100019fc:	e92d 47f0 	stmdb	sp!, {r4, r5, r6, r7, r8, r9, sl, lr}
10001a00:	eb03 0c01 	add.w	ip, r3, r1
10001a04:	b082      	sub	sp, #8
10001a06:	f5bc 7ff0 	cmp.w	ip, #480	@ 0x1e0
10001a0a:	460c      	mov	r4, r1
10001a0c:	f89d 7028 	ldrb.w	r7, [sp, #40]	@ 0x28
10001a10:	dd05      	ble.n	10001a1e <fillRect+0x22>
10001a12:	f5c1 73ef 	rsb	r3, r1, #478	@ 0x1de
10001a16:	3301      	adds	r3, #1
10001a18:	b21b      	sxth	r3, r3
10001a1a:	eb03 0c01 	add.w	ip, r3, r1
10001a1e:	2b00      	cmp	r3, #0
10001a20:	dd1a      	ble.n	10001a58 <fillRect+0x5c>
10001a22:	f5b0 7f20 	cmp.w	r0, #640	@ 0x280
10001a26:	da17      	bge.n	10001a58 <fillRect+0x5c>
10001a28:	f240 237f 	movw	r3, #639	@ 0x27f
10001a2c:	1816      	adds	r6, r2, r0
10001a2e:	1a1d      	subs	r5, r3, r0
10001a30:	f5b6 7f20 	cmp.w	r6, #640	@ 0x280
10001a34:	bfd8      	it	le
10001a36:	4615      	movle	r5, r2
10001a38:	2d00      	cmp	r5, #0
10001a3a:	dd0d      	ble.n	10001a58 <fillRect+0x5c>
10001a3c:	b282      	uxth	r2, r0
10001a3e:	429a      	cmp	r2, r3
10001a40:	bf94      	ite	ls
10001a42:	f04f 0a00 	movls.w	sl, #0
10001a46:	f04f 0a01 	movhi.w	sl, #1
10001a4a:	2d01      	cmp	r5, #1
10001a4c:	f000 0301 	and.w	r3, r0, #1
10001a50:	d05e      	beq.n	10001b10 <fillRect+0x114>
10001a52:	f5b1 7ff0 	cmp.w	r1, #480	@ 0x1e0
10001a56:	db02      	blt.n	10001a5e <fillRect+0x62>
10001a58:	b002      	add	sp, #8
10001a5a:	e8bd 87f0 	ldmia.w	sp!, {r4, r5, r6, r7, r8, r9, sl, pc}
10001a5e:	f240 12df 	movw	r2, #479	@ 0x1df
10001a62:	f10c 36ff 	add.w	r6, ip, #4294967295	@ 0xffffffff
10001a66:	4296      	cmp	r6, r2
10001a68:	bfa8      	it	ge
10001a6a:	4616      	movge	r6, r2
10001a6c:	46b0      	mov	r8, r6
10001a6e:	f44f 7620 	mov.w	r6, #640	@ 0x280
10001a72:	4681      	mov	r9, r0
10001a74:	fb11 0606 	smlabb	r6, r1, r6, r0
10001a78:	2b00      	cmp	r3, #0
10001a7a:	d035      	beq.n	10001ae8 <fillRect+0xec>
10001a7c:	2c00      	cmp	r4, #0
10001a7e:	db0b      	blt.n	10001a98 <fillRect+0x9c>
10001a80:	f1ba 0f00 	cmp.w	sl, #0
10001a84:	d108      	bne.n	10001a98 <fillRect+0x9c>
10001a86:	4a46      	ldr	r2, [pc, #280]	@ (10001ba0 <fillRect+0x1a4>)
10001a88:	1071      	asrs	r1, r6, #1
10001a8a:	6810      	ldr	r0, [r2, #0]
10001a8c:	5c42      	ldrb	r2, [r0, r1]
10001a8e:	f002 020f 	and.w	r2, r2, #15
10001a92:	ea42 1207 	orr.w	r2, r2, r7, lsl #4
10001a96:	5442      	strb	r2, [r0, r1]
10001a98:	1e6a      	subs	r2, r5, #1
10001a9a:	07d1      	lsls	r1, r2, #31
10001a9c:	f109 0001 	add.w	r0, r9, #1
10001aa0:	d526      	bpl.n	10001af0 <fillRect+0xf4>
10001aa2:	1881      	adds	r1, r0, r2
10001aa4:	3901      	subs	r1, #1
10001aa6:	b289      	uxth	r1, r1
10001aa8:	f5b1 7f20 	cmp.w	r1, #640	@ 0x280
10001aac:	d212      	bcs.n	10001ad4 <fillRect+0xd8>
10001aae:	2c00      	cmp	r4, #0
10001ab0:	db10      	blt.n	10001ad4 <fillRect+0xd8>
10001ab2:	f8df c0ec 	ldr.w	ip, [pc, #236]	@ 10001ba0 <fillRect+0x1a4>
10001ab6:	eb04 0e84 	add.w	lr, r4, r4, lsl #2
10001aba:	f8dc c000 	ldr.w	ip, [ip]
10001abe:	eb01 11ce 	add.w	r1, r1, lr, lsl #7
10001ac2:	1049      	asrs	r1, r1, #1
10001ac4:	f81c e001 	ldrb.w	lr, [ip, r1]
10001ac8:	f02e 0e0f 	bic.w	lr, lr, #15
10001acc:	ea47 0e0e 	orr.w	lr, r7, lr
10001ad0:	f80c e001 	strb.w	lr, [ip, r1]
10001ad4:	3a01      	subs	r2, #1
10001ad6:	1052      	asrs	r2, r2, #1
10001ad8:	d10b      	bne.n	10001af2 <fillRect+0xf6>
10001ada:	3401      	adds	r4, #1
10001adc:	45a0      	cmp	r8, r4
10001ade:	f506 7620 	add.w	r6, r6, #640	@ 0x280
10001ae2:	dbb9      	blt.n	10001a58 <fillRect+0x5c>
10001ae4:	2b00      	cmp	r3, #0
10001ae6:	d1c9      	bne.n	10001a7c <fillRect+0x80>
10001ae8:	462a      	mov	r2, r5
10001aea:	07d1      	lsls	r1, r2, #31
10001aec:	4648      	mov	r0, r9
10001aee:	d4d8      	bmi.n	10001aa2 <fillRect+0xa6>
10001af0:	1052      	asrs	r2, r2, #1
10001af2:	1041      	asrs	r1, r0, #1
10001af4:	482a      	ldr	r0, [pc, #168]	@ (10001ba0 <fillRect+0x1a4>)
10001af6:	eb04 0c84 	add.w	ip, r4, r4, lsl #2
10001afa:	6800      	ldr	r0, [r0, #0]
10001afc:	eb01 118c 	add.w	r1, r1, ip, lsl #6
10001b00:	4408      	add	r0, r1
10001b02:	ea47 1107 	orr.w	r1, r7, r7, lsl #4
10001b06:	9301      	str	r3, [sp, #4]
10001b08:	f004 fc22 	bl	10006350 <memset>
10001b0c:	9b01      	ldr	r3, [sp, #4]
10001b0e:	e7e4      	b.n	10001ada <fillRect+0xde>
10001b10:	bb0b      	cbnz	r3, 10001b56 <fillRect+0x15a>
10001b12:	f5b1 7ff0 	cmp.w	r1, #480	@ 0x1e0
10001b16:	da9f      	bge.n	10001a58 <fillRect+0x5c>
10001b18:	f240 13df 	movw	r3, #479	@ 0x1df
10001b1c:	f10c 3cff 	add.w	ip, ip, #4294967295	@ 0xffffffff
10001b20:	459c      	cmp	ip, r3
10001b22:	bfa8      	it	ge
10001b24:	469c      	movge	ip, r3
10001b26:	f44f 7320 	mov.w	r3, #640	@ 0x280
10001b2a:	fb11 0303 	smlabb	r3, r1, r3, r0
10001b2e:	2c00      	cmp	r4, #0
10001b30:	f104 0401 	add.w	r4, r4, #1
10001b34:	db0a      	blt.n	10001b4c <fillRect+0x150>
10001b36:	f1ba 0f00 	cmp.w	sl, #0
10001b3a:	d107      	bne.n	10001b4c <fillRect+0x150>
10001b3c:	4a18      	ldr	r2, [pc, #96]	@ (10001ba0 <fillRect+0x1a4>)
10001b3e:	1059      	asrs	r1, r3, #1
10001b40:	6810      	ldr	r0, [r2, #0]
10001b42:	5c42      	ldrb	r2, [r0, r1]
10001b44:	f022 020f 	bic.w	r2, r2, #15
10001b48:	433a      	orrs	r2, r7
10001b4a:	5442      	strb	r2, [r0, r1]
10001b4c:	45a4      	cmp	ip, r4
10001b4e:	f503 7320 	add.w	r3, r3, #640	@ 0x280
10001b52:	daec      	bge.n	10001b2e <fillRect+0x132>
10001b54:	e780      	b.n	10001a58 <fillRect+0x5c>
10001b56:	f5b1 7ff0 	cmp.w	r1, #480	@ 0x1e0
10001b5a:	f6bf af7d 	bge.w	10001a58 <fillRect+0x5c>
10001b5e:	f240 13df 	movw	r3, #479	@ 0x1df
10001b62:	f10c 3cff 	add.w	ip, ip, #4294967295	@ 0xffffffff
10001b66:	459c      	cmp	ip, r3
10001b68:	bfa8      	it	ge
10001b6a:	469c      	movge	ip, r3
10001b6c:	f44f 7320 	mov.w	r3, #640	@ 0x280
10001b70:	fb11 0103 	smlabb	r1, r1, r3, r0
10001b74:	2c00      	cmp	r4, #0
10001b76:	f104 0401 	add.w	r4, r4, #1
10001b7a:	db0b      	blt.n	10001b94 <fillRect+0x198>
10001b7c:	f1ba 0f00 	cmp.w	sl, #0
10001b80:	d108      	bne.n	10001b94 <fillRect+0x198>
10001b82:	4b07      	ldr	r3, [pc, #28]	@ (10001ba0 <fillRect+0x1a4>)
10001b84:	104a      	asrs	r2, r1, #1
10001b86:	6818      	ldr	r0, [r3, #0]
10001b88:	5c83      	ldrb	r3, [r0, r2]
10001b8a:	f003 030f 	and.w	r3, r3, #15
10001b8e:	ea43 1307 	orr.w	r3, r3, r7, lsl #4
10001b92:	5483      	strb	r3, [r0, r2]
10001b94:	45a4      	cmp	ip, r4
10001b96:	f501 7120 	add.w	r1, r1, #640	@ 0x280
10001b9a:	daeb      	bge.n	10001b74 <fillRect+0x178>
10001b9c:	e75c      	b.n	10001a58 <fillRect+0x5c>
10001b9e:	bf00      	nop
10001ba0:	200156e4 	.word	0x200156e4

10001ba4 <drawTextAscii>:
10001ba4:	e92d 4ff0 	stmdb	sp!, {r4, r5, r6, r7, r8, r9, sl, fp, lr}
10001ba8:	2800      	cmp	r0, #0
10001baa:	b083      	sub	sp, #12
10001bac:	f89d 5030 	ldrb.w	r5, [sp, #48]	@ 0x30
10001bb0:	f2c0 80ef 	blt.w	10001d92 <drawTextAscii+0x1ee>
10001bb4:	b28c      	uxth	r4, r1
10001bb6:	f5b4 7feb 	cmp.w	r4, #470	@ 0x1d6
10001bba:	bf94      	ite	ls
10001bbc:	2400      	movls	r4, #0
10001bbe:	2401      	movhi	r4, #1
10001bc0:	2c00      	cmp	r4, #0
10001bc2:	f040 80e6 	bne.w	10001d92 <drawTextAscii+0x1ee>
10001bc6:	4626      	mov	r6, r4
10001bc8:	46a4      	mov	ip, r4
10001bca:	ea4f 1805 	mov.w	r8, r5, lsl #4
10001bce:	fa5f f888 	uxtb.w	r8, r8
10001bd2:	ea4f 1e03 	mov.w	lr, r3, lsl #4
10001bd6:	fa5f fe8e 	uxtb.w	lr, lr
10001bda:	f365 0607 	bfi	r6, r5, #0, #8
10001bde:	f368 0c07 	bfi	ip, r8, #0, #8
10001be2:	4f6e      	ldr	r7, [pc, #440]	@ (10001d9c <drawTextAscii+0x1f8>)
10001be4:	f365 260f 	bfi	r6, r5, #8, #8
10001be8:	f36e 2c0f 	bfi	ip, lr, #8, #8
10001bec:	f368 4c17 	bfi	ip, r8, #16, #8
10001bf0:	f363 4617 	bfi	r6, r3, #16, #8
10001bf4:	f8d7 9000 	ldr.w	r9, [r7]
10001bf8:	f36e 6c1f 	bfi	ip, lr, #24, #8
10001bfc:	f363 661f 	bfi	r6, r3, #24, #8
10001c00:	7817      	ldrb	r7, [r2, #0]
10001c02:	ea46 060c 	orr.w	r6, r6, ip
10001c06:	9601      	str	r6, [sp, #4]
10001c08:	2f00      	cmp	r7, #0
10001c0a:	f000 80c2 	beq.w	10001d92 <drawTextAscii+0x1ee>
10001c0e:	f44f 7320 	mov.w	r3, #640	@ 0x280
10001c12:	fb11 0103 	smlabb	r1, r1, r3, r0
10001c16:	eb09 0361 	add.w	r3, r9, r1, asr #1
10001c1a:	4615      	mov	r5, r2
10001c1c:	f240 2979 	movw	r9, #633	@ 0x279
10001c20:	f04f 0e07 	mov.w	lr, #7
10001c24:	f04f 0b01 	mov.w	fp, #1
10001c28:	f04f 0a02 	mov.w	sl, #2
10001c2c:	4a5c      	ldr	r2, [pc, #368]	@ (10001da0 <drawTextAscii+0x1fc>)
10001c2e:	3303      	adds	r3, #3
10001c30:	e0a6      	b.n	10001d80 <drawTextAscii+0x1dc>
10001c32:	ebc7 01c7 	rsb	r1, r7, r7, lsl #3
10001c36:	5c51      	ldrb	r1, [r2, r1]
10001c38:	f10d 0808 	add.w	r8, sp, #8
10001c3c:	f3c1 1601 	ubfx	r6, r1, #4, #2
10001c40:	446e      	add	r6, sp
10001c42:	7936      	ldrb	r6, [r6, #4]
10001c44:	fb17 bc0e 	smlabb	ip, r7, lr, fp
10001c48:	f803 6c02 	strb.w	r6, [r3, #-2]
10001c4c:	f3c1 0681 	ubfx	r6, r1, #2, #2
10001c50:	eb08 1191 	add.w	r1, r8, r1, lsr #6
10001c54:	f811 1c04 	ldrb.w	r1, [r1, #-4]
10001c58:	446e      	add	r6, sp
10001c5a:	f803 1c03 	strb.w	r1, [r3, #-3]
10001c5e:	7931      	ldrb	r1, [r6, #4]
10001c60:	3303      	adds	r3, #3
10001c62:	f803 1c04 	strb.w	r1, [r3, #-4]
10001c66:	f812 100c 	ldrb.w	r1, [r2, ip]
10001c6a:	fb17 ac0e 	smlabb	ip, r7, lr, sl
10001c6e:	f3c1 1601 	ubfx	r6, r1, #4, #2
10001c72:	446e      	add	r6, sp
10001c74:	7936      	ldrb	r6, [r6, #4]
10001c76:	3401      	adds	r4, #1
10001c78:	f883 613b 	strb.w	r6, [r3, #315]	@ 0x13b
10001c7c:	f3c1 0681 	ubfx	r6, r1, #2, #2
10001c80:	eb08 1191 	add.w	r1, r8, r1, lsr #6
10001c84:	f811 1c04 	ldrb.w	r1, [r1, #-4]
10001c88:	446e      	add	r6, sp
10001c8a:	f883 113a 	strb.w	r1, [r3, #314]	@ 0x13a
10001c8e:	7931      	ldrb	r1, [r6, #4]
10001c90:	2603      	movs	r6, #3
10001c92:	f883 113c 	strb.w	r1, [r3, #316]	@ 0x13c
10001c96:	f812 100c 	ldrb.w	r1, [r2, ip]
10001c9a:	fb17 6c0e 	smlabb	ip, r7, lr, r6
10001c9e:	f3c1 1601 	ubfx	r6, r1, #4, #2
10001ca2:	446e      	add	r6, sp
10001ca4:	7936      	ldrb	r6, [r6, #4]
10001ca6:	b200      	sxth	r0, r0
10001ca8:	f883 627b 	strb.w	r6, [r3, #635]	@ 0x27b
10001cac:	f3c1 0681 	ubfx	r6, r1, #2, #2
10001cb0:	eb08 1191 	add.w	r1, r8, r1, lsr #6
10001cb4:	f811 1c04 	ldrb.w	r1, [r1, #-4]
10001cb8:	446e      	add	r6, sp
10001cba:	f883 127a 	strb.w	r1, [r3, #634]	@ 0x27a
10001cbe:	7931      	ldrb	r1, [r6, #4]
10001cc0:	2604      	movs	r6, #4
10001cc2:	f883 127c 	strb.w	r1, [r3, #636]	@ 0x27c
10001cc6:	f812 100c 	ldrb.w	r1, [r2, ip]
10001cca:	fb17 6c0e 	smlabb	ip, r7, lr, r6
10001cce:	f3c1 1601 	ubfx	r6, r1, #4, #2
10001cd2:	446e      	add	r6, sp
10001cd4:	7936      	ldrb	r6, [r6, #4]
10001cd6:	f883 63bb 	strb.w	r6, [r3, #955]	@ 0x3bb
10001cda:	f3c1 0681 	ubfx	r6, r1, #2, #2
10001cde:	eb08 1191 	add.w	r1, r8, r1, lsr #6
10001ce2:	f811 1c04 	ldrb.w	r1, [r1, #-4]
10001ce6:	446e      	add	r6, sp
10001ce8:	f883 13ba 	strb.w	r1, [r3, #954]	@ 0x3ba
10001cec:	7931      	ldrb	r1, [r6, #4]
10001cee:	2605      	movs	r6, #5
10001cf0:	f883 13bc 	strb.w	r1, [r3, #956]	@ 0x3bc
10001cf4:	f812 100c 	ldrb.w	r1, [r2, ip]
10001cf8:	f04f 0c06 	mov.w	ip, #6
10001cfc:	fb17 660e 	smlabb	r6, r7, lr, r6
10001d00:	fb17 c70e 	smlabb	r7, r7, lr, ip
10001d04:	f3c1 1c01 	ubfx	ip, r1, #4, #2
10001d08:	eb08 1891 	add.w	r8, r8, r1, lsr #6
10001d0c:	44ec      	add	ip, sp
10001d0e:	f89c c004 	ldrb.w	ip, [ip, #4]
10001d12:	f818 8c04 	ldrb.w	r8, [r8, #-4]
10001d16:	f3c1 0181 	ubfx	r1, r1, #2, #2
10001d1a:	4469      	add	r1, sp
10001d1c:	f883 84fa 	strb.w	r8, [r3, #1274]	@ 0x4fa
10001d20:	f883 c4fb 	strb.w	ip, [r3, #1275]	@ 0x4fb
10001d24:	7909      	ldrb	r1, [r1, #4]
10001d26:	f10d 0c08 	add.w	ip, sp, #8
10001d2a:	f883 14fc 	strb.w	r1, [r3, #1276]	@ 0x4fc
10001d2e:	5d91      	ldrb	r1, [r2, r6]
10001d30:	f3c1 1601 	ubfx	r6, r1, #4, #2
10001d34:	446e      	add	r6, sp
10001d36:	7936      	ldrb	r6, [r6, #4]
10001d38:	f883 663b 	strb.w	r6, [r3, #1595]	@ 0x63b
10001d3c:	f3c1 0681 	ubfx	r6, r1, #2, #2
10001d40:	eb0c 1191 	add.w	r1, ip, r1, lsr #6
10001d44:	f811 1c04 	ldrb.w	r1, [r1, #-4]
10001d48:	446e      	add	r6, sp
10001d4a:	f883 163a 	strb.w	r1, [r3, #1594]	@ 0x63a
10001d4e:	7931      	ldrb	r1, [r6, #4]
10001d50:	f883 163c 	strb.w	r1, [r3, #1596]	@ 0x63c
10001d54:	5dd1      	ldrb	r1, [r2, r7]
10001d56:	f3c1 1601 	ubfx	r6, r1, #4, #2
10001d5a:	446e      	add	r6, sp
10001d5c:	7936      	ldrb	r6, [r6, #4]
10001d5e:	f883 677b 	strb.w	r6, [r3, #1915]	@ 0x77b
10001d62:	f3c1 0681 	ubfx	r6, r1, #2, #2
10001d66:	eb0c 1191 	add.w	r1, ip, r1, lsr #6
10001d6a:	f811 1c04 	ldrb.w	r1, [r1, #-4]
10001d6e:	446e      	add	r6, sp
10001d70:	f883 177a 	strb.w	r1, [r3, #1914]	@ 0x77a
10001d74:	7931      	ldrb	r1, [r6, #4]
10001d76:	f883 177c 	strb.w	r1, [r3, #1916]	@ 0x77c
10001d7a:	f815 7f01 	ldrb.w	r7, [r5, #1]!
10001d7e:	b127      	cbz	r7, 10001d8a <drawTextAscii+0x1e6>
10001d80:	4548      	cmp	r0, r9
10001d82:	f100 0006 	add.w	r0, r0, #6
10001d86:	f77f af54 	ble.w	10001c32 <drawTextAscii+0x8e>
10001d8a:	4620      	mov	r0, r4
10001d8c:	b003      	add	sp, #12
10001d8e:	e8bd 8ff0 	ldmia.w	sp!, {r4, r5, r6, r7, r8, r9, sl, fp, pc}
10001d92:	2400      	movs	r4, #0
10001d94:	4620      	mov	r0, r4
10001d96:	b003      	add	sp, #12
10001d98:	e8bd 8ff0 	ldmia.w	sp!, {r4, r5, r6, r7, r8, r9, sl, fp, pc}
10001d9c:	200156e4 	.word	0x200156e4
10001da0:	10006800 	.word	0x10006800

10001da4 <clearLowFrame>:
10001da4:	4b06      	ldr	r3, [pc, #24]	@ (10001dc0 <clearLowFrame+0x1c>)
10001da6:	eb00 0080 	add.w	r0, r0, r0, lsl #2
10001daa:	681b      	ldr	r3, [r3, #0]
10001dac:	0182      	lsls	r2, r0, #6
10001dae:	f5c2 3216 	rsb	r2, r2, #153600	@ 0x25800
10001db2:	ea41 1101 	orr.w	r1, r1, r1, lsl #4
10001db6:	eb03 1080 	add.w	r0, r3, r0, lsl #6
10001dba:	f004 bac9 	b.w	10006350 <memset>
10001dbe:	bf00      	nop
10001dc0:	200156e4 	.word	0x200156e4

10001dc4 <draw_start_signal>:
10001dc4:	4b03      	ldr	r3, [pc, #12]	@ (10001dd4 <draw_start_signal+0x10>)
10001dc6:	6818      	ldr	r0, [r3, #0]
10001dc8:	2801      	cmp	r0, #1
10001dca:	bf0a      	itet	eq
10001dcc:	2200      	moveq	r2, #0
10001dce:	2000      	movne	r0, #0
10001dd0:	601a      	streq	r2, [r3, #0]
10001dd2:	4770      	bx	lr
10001dd4:	2001b990 	.word	0x2001b990

10001dd8 <gpio_default_irq_handler>:
10001dd8:	f04f 4150 	mov.w	r1, #3489660928	@ 0xd0000000
10001ddc:	e92d 4ff8 	stmdb	sp!, {r3, r4, r5, r6, r7, r8, r9, sl, fp, lr}
10001de0:	4a6c      	ldr	r2, [pc, #432]	@ (10001f94 <gpio_default_irq_handler+0x1bc>)
10001de2:	f8d1 a000 	ldr.w	sl, [r1]
10001de6:	4b6c      	ldr	r3, [pc, #432]	@ (10001f98 <gpio_default_irq_handler+0x1c0>)
10001de8:	f852 702a 	ldr.w	r7, [r2, sl, lsl #2]
10001dec:	eb0a 02ca 	add.w	r2, sl, sl, lsl #3
10001df0:	eb03 08c2 	add.w	r8, r3, r2, lsl #3
10001df4:	b347      	cbz	r7, 10001e48 <gpio_default_irq_handler+0x70>
10001df6:	2600      	movs	r6, #0
10001df8:	f8df b1a0 	ldr.w	fp, [pc, #416]	@ 10001f9c <gpio_default_irq_handler+0x1c4>
10001dfc:	f8df 91a0 	ldr.w	r9, [pc, #416]	@ 10001fa0 <gpio_default_irq_handler+0x1c8>
10001e00:	08f3      	lsrs	r3, r6, #3
10001e02:	330c      	adds	r3, #12
10001e04:	f858 5023 	ldr.w	r5, [r8, r3, lsl #2]
10001e08:	4634      	mov	r4, r6
10001e0a:	3608      	adds	r6, #8
10001e0c:	b1c5      	cbz	r5, 10001e40 <gpio_default_irq_handler+0x68>
10001e0e:	f005 010f 	and.w	r1, r5, #15
10001e12:	092d      	lsrs	r5, r5, #4
10001e14:	b189      	cbz	r1, 10001e3a <gpio_default_irq_handler+0x62>
10001e16:	f85b 202a 	ldr.w	r2, [fp, sl, lsl #2]
10001e1a:	f004 0307 	and.w	r3, r4, #7
10001e1e:	40e2      	lsrs	r2, r4
10001e20:	08e0      	lsrs	r0, r4, #3
10001e22:	009b      	lsls	r3, r3, #2
10001e24:	07d2      	lsls	r2, r2, #31
10001e26:	fa01 f303 	lsl.w	r3, r1, r3
10001e2a:	f100 0c8c 	add.w	ip, r0, #140	@ 0x8c
10001e2e:	d403      	bmi.n	10001e38 <gpio_default_irq_handler+0x60>
10001e30:	4620      	mov	r0, r4
10001e32:	f849 302c 	str.w	r3, [r9, ip, lsl #2]
10001e36:	47b8      	blx	r7
10001e38:	b115      	cbz	r5, 10001e40 <gpio_default_irq_handler+0x68>
10001e3a:	3401      	adds	r4, #1
10001e3c:	42b4      	cmp	r4, r6
10001e3e:	d3e6      	bcc.n	10001e0e <gpio_default_irq_handler+0x36>
10001e40:	2e20      	cmp	r6, #32
10001e42:	d1dd      	bne.n	10001e00 <gpio_default_irq_handler+0x28>
10001e44:	e8bd 8ff8 	ldmia.w	sp!, {r3, r4, r5, r6, r7, r8, r9, sl, fp, pc}
10001e48:	4d54      	ldr	r5, [pc, #336]	@ (10001f9c <gpio_default_irq_handler+0x1c4>)
10001e4a:	08fc      	lsrs	r4, r7, #3
10001e4c:	f104 030c 	add.w	r3, r4, #12
10001e50:	f858 3023 	ldr.w	r3, [r8, r3, lsl #2]
10001e54:	f107 0008 	add.w	r0, r7, #8
10001e58:	2b00      	cmp	r3, #0
10001e5a:	d07c      	beq.n	10001f56 <gpio_default_irq_handler+0x17e>
10001e5c:	f013 060f 	ands.w	r6, r3, #15
10001e60:	ea4f 1213 	mov.w	r2, r3, lsr #4
10001e64:	d00a      	beq.n	10001e7c <gpio_default_irq_handler+0xa4>
10001e66:	f855 102a 	ldr.w	r1, [r5, sl, lsl #2]
10001e6a:	40f9      	lsrs	r1, r7
10001e6c:	07c9      	lsls	r1, r1, #31
10001e6e:	d403      	bmi.n	10001e78 <gpio_default_irq_handler+0xa0>
10001e70:	494b      	ldr	r1, [pc, #300]	@ (10001fa0 <gpio_default_irq_handler+0x1c8>)
10001e72:	348c      	adds	r4, #140	@ 0x8c
10001e74:	f841 6024 	str.w	r6, [r1, r4, lsl #2]
10001e78:	2a00      	cmp	r2, #0
10001e7a:	d06c      	beq.n	10001f56 <gpio_default_irq_handler+0x17e>
10001e7c:	f012 020f 	ands.w	r2, r2, #15
10001e80:	ea4f 2113 	mov.w	r1, r3, lsr #8
10001e84:	d00d      	beq.n	10001ea2 <gpio_default_irq_handler+0xca>
10001e86:	f855 402a 	ldr.w	r4, [r5, sl, lsl #2]
10001e8a:	1c7e      	adds	r6, r7, #1
10001e8c:	40f4      	lsrs	r4, r6
10001e8e:	07e4      	lsls	r4, r4, #31
10001e90:	d405      	bmi.n	10001e9e <gpio_default_irq_handler+0xc6>
10001e92:	08f4      	lsrs	r4, r6, #3
10001e94:	4e42      	ldr	r6, [pc, #264]	@ (10001fa0 <gpio_default_irq_handler+0x1c8>)
10001e96:	0112      	lsls	r2, r2, #4
10001e98:	348c      	adds	r4, #140	@ 0x8c
10001e9a:	f846 2024 	str.w	r2, [r6, r4, lsl #2]
10001e9e:	2900      	cmp	r1, #0
10001ea0:	d059      	beq.n	10001f56 <gpio_default_irq_handler+0x17e>
10001ea2:	f011 010f 	ands.w	r1, r1, #15
10001ea6:	ea4f 3413 	mov.w	r4, r3, lsr #12
10001eaa:	d007      	beq.n	10001ebc <gpio_default_irq_handler+0xe4>
10001eac:	f855 202a 	ldr.w	r2, [r5, sl, lsl #2]
10001eb0:	1cbe      	adds	r6, r7, #2
10001eb2:	40f2      	lsrs	r2, r6
10001eb4:	07d2      	lsls	r2, r2, #31
10001eb6:	d558      	bpl.n	10001f6a <gpio_default_irq_handler+0x192>
10001eb8:	2c00      	cmp	r4, #0
10001eba:	d04c      	beq.n	10001f56 <gpio_default_irq_handler+0x17e>
10001ebc:	f014 040f 	ands.w	r4, r4, #15
10001ec0:	ea4f 4113 	mov.w	r1, r3, lsr #16
10001ec4:	d007      	beq.n	10001ed6 <gpio_default_irq_handler+0xfe>
10001ec6:	f855 202a 	ldr.w	r2, [r5, sl, lsl #2]
10001eca:	1cfe      	adds	r6, r7, #3
10001ecc:	40f2      	lsrs	r2, r6
10001ece:	07d2      	lsls	r2, r2, #31
10001ed0:	d552      	bpl.n	10001f78 <gpio_default_irq_handler+0x1a0>
10001ed2:	2900      	cmp	r1, #0
10001ed4:	d03f      	beq.n	10001f56 <gpio_default_irq_handler+0x17e>
10001ed6:	f011 010f 	ands.w	r1, r1, #15
10001eda:	ea4f 5213 	mov.w	r2, r3, lsr #20
10001ede:	d007      	beq.n	10001ef0 <gpio_default_irq_handler+0x118>
10001ee0:	4c2e      	ldr	r4, [pc, #184]	@ (10001f9c <gpio_default_irq_handler+0x1c4>)
10001ee2:	f854 602a 	ldr.w	r6, [r4, sl, lsl #2]
10001ee6:	1d3c      	adds	r4, r7, #4
10001ee8:	40e6      	lsrs	r6, r4
10001eea:	07f6      	lsls	r6, r6, #31
10001eec:	d54b      	bpl.n	10001f86 <gpio_default_irq_handler+0x1ae>
10001eee:	b392      	cbz	r2, 10001f56 <gpio_default_irq_handler+0x17e>
10001ef0:	f012 020f 	ands.w	r2, r2, #15
10001ef4:	ea4f 6113 	mov.w	r1, r3, lsr #24
10001ef8:	d00d      	beq.n	10001f16 <gpio_default_irq_handler+0x13e>
10001efa:	4c28      	ldr	r4, [pc, #160]	@ (10001f9c <gpio_default_irq_handler+0x1c4>)
10001efc:	f854 602a 	ldr.w	r6, [r4, sl, lsl #2]
10001f00:	1d7c      	adds	r4, r7, #5
10001f02:	40e6      	lsrs	r6, r4
10001f04:	07f6      	lsls	r6, r6, #31
10001f06:	d405      	bmi.n	10001f14 <gpio_default_irq_handler+0x13c>
10001f08:	4e25      	ldr	r6, [pc, #148]	@ (10001fa0 <gpio_default_irq_handler+0x1c8>)
10001f0a:	08e4      	lsrs	r4, r4, #3
10001f0c:	0512      	lsls	r2, r2, #20
10001f0e:	348c      	adds	r4, #140	@ 0x8c
10001f10:	f846 2024 	str.w	r2, [r6, r4, lsl #2]
10001f14:	b1f9      	cbz	r1, 10001f56 <gpio_default_irq_handler+0x17e>
10001f16:	f011 010f 	ands.w	r1, r1, #15
10001f1a:	ea4f 7313 	mov.w	r3, r3, lsr #28
10001f1e:	d01f      	beq.n	10001f60 <gpio_default_irq_handler+0x188>
10001f20:	4c1e      	ldr	r4, [pc, #120]	@ (10001f9c <gpio_default_irq_handler+0x1c4>)
10001f22:	1dbe      	adds	r6, r7, #6
10001f24:	f854 202a 	ldr.w	r2, [r4, sl, lsl #2]
10001f28:	40f2      	lsrs	r2, r6
10001f2a:	07d2      	lsls	r2, r2, #31
10001f2c:	d405      	bmi.n	10001f3a <gpio_default_irq_handler+0x162>
10001f2e:	08f2      	lsrs	r2, r6, #3
10001f30:	4e1b      	ldr	r6, [pc, #108]	@ (10001fa0 <gpio_default_irq_handler+0x1c8>)
10001f32:	0609      	lsls	r1, r1, #24
10001f34:	328c      	adds	r2, #140	@ 0x8c
10001f36:	f846 1022 	str.w	r1, [r6, r2, lsl #2]
10001f3a:	3707      	adds	r7, #7
10001f3c:	b15b      	cbz	r3, 10001f56 <gpio_default_irq_handler+0x17e>
10001f3e:	f854 202a 	ldr.w	r2, [r4, sl, lsl #2]
10001f42:	40fa      	lsrs	r2, r7
10001f44:	07d1      	lsls	r1, r2, #31
10001f46:	d406      	bmi.n	10001f56 <gpio_default_irq_handler+0x17e>
10001f48:	4915      	ldr	r1, [pc, #84]	@ (10001fa0 <gpio_default_irq_handler+0x1c8>)
10001f4a:	08ff      	lsrs	r7, r7, #3
10001f4c:	071b      	lsls	r3, r3, #28
10001f4e:	f107 028c 	add.w	r2, r7, #140	@ 0x8c
10001f52:	f841 3022 	str.w	r3, [r1, r2, lsl #2]
10001f56:	2820      	cmp	r0, #32
10001f58:	f43f af74 	beq.w	10001e44 <gpio_default_irq_handler+0x6c>
10001f5c:	4607      	mov	r7, r0
10001f5e:	e774      	b.n	10001e4a <gpio_default_irq_handler+0x72>
10001f60:	2b00      	cmp	r3, #0
10001f62:	d0f8      	beq.n	10001f56 <gpio_default_irq_handler+0x17e>
10001f64:	4c0d      	ldr	r4, [pc, #52]	@ (10001f9c <gpio_default_irq_handler+0x1c4>)
10001f66:	3707      	adds	r7, #7
10001f68:	e7e9      	b.n	10001f3e <gpio_default_irq_handler+0x166>
10001f6a:	08f2      	lsrs	r2, r6, #3
10001f6c:	4e0c      	ldr	r6, [pc, #48]	@ (10001fa0 <gpio_default_irq_handler+0x1c8>)
10001f6e:	0209      	lsls	r1, r1, #8
10001f70:	328c      	adds	r2, #140	@ 0x8c
10001f72:	f846 1022 	str.w	r1, [r6, r2, lsl #2]
10001f76:	e79f      	b.n	10001eb8 <gpio_default_irq_handler+0xe0>
10001f78:	08f2      	lsrs	r2, r6, #3
10001f7a:	4e09      	ldr	r6, [pc, #36]	@ (10001fa0 <gpio_default_irq_handler+0x1c8>)
10001f7c:	0324      	lsls	r4, r4, #12
10001f7e:	328c      	adds	r2, #140	@ 0x8c
10001f80:	f846 4022 	str.w	r4, [r6, r2, lsl #2]
10001f84:	e7a5      	b.n	10001ed2 <gpio_default_irq_handler+0xfa>
10001f86:	4e06      	ldr	r6, [pc, #24]	@ (10001fa0 <gpio_default_irq_handler+0x1c8>)
10001f88:	08e4      	lsrs	r4, r4, #3
10001f8a:	0409      	lsls	r1, r1, #16
10001f8c:	348c      	adds	r4, #140	@ 0x8c
10001f8e:	f846 1024 	str.w	r1, [r6, r4, lsl #2]
10001f92:	e7ac      	b.n	10001eee <gpio_default_irq_handler+0x116>
10001f94:	200142e0 	.word	0x200142e0
10001f98:	40028248 	.word	0x40028248
10001f9c:	2001a928 	.word	0x2001a928
10001fa0:	40028000 	.word	0x40028000

10001fa4 <gpio_set_function>:
10001fa4:	f44f 7c80 	mov.w	ip, #256	@ 0x100
10001fa8:	4b0c      	ldr	r3, [pc, #48]	@ (10001fdc <gpio_set_function+0x38>)
10001faa:	b500      	push	{lr}
10001fac:	f853 2020 	ldr.w	r2, [r3, r0, lsl #2]
10001fb0:	eb03 0380 	add.w	r3, r3, r0, lsl #2
10001fb4:	00c0      	lsls	r0, r0, #3
10001fb6:	f082 0240 	eor.w	r2, r2, #64	@ 0x40
10001fba:	f100 4080 	add.w	r0, r0, #1073741824	@ 0x40000000
10001fbe:	f503 5e80 	add.w	lr, r3, #4096	@ 0x1000
10001fc2:	f002 02c0 	and.w	r2, r2, #192	@ 0xc0
10001fc6:	f500 3020 	add.w	r0, r0, #163840	@ 0x28000
10001fca:	f503 5340 	add.w	r3, r3, #12288	@ 0x3000
10001fce:	f8ce 2000 	str.w	r2, [lr]
10001fd2:	6041      	str	r1, [r0, #4]
10001fd4:	f8c3 c000 	str.w	ip, [r3]
10001fd8:	bd00      	pop	{pc}
10001fda:	bf00      	nop
10001fdc:	40038004 	.word	0x40038004

10001fe0 <gpio_set_pulls>:
10001fe0:	f8df c01c 	ldr.w	ip, [pc, #28]	@ 10002000 <gpio_set_pulls+0x20>
10001fe4:	00c9      	lsls	r1, r1, #3
10001fe6:	ea41 0182 	orr.w	r1, r1, r2, lsl #2
10001fea:	f85c 2020 	ldr.w	r2, [ip, r0, lsl #2]
10001fee:	eb0c 0380 	add.w	r3, ip, r0, lsl #2
10001ff2:	4051      	eors	r1, r2
10001ff4:	f503 5380 	add.w	r3, r3, #4096	@ 0x1000
10001ff8:	f001 010c 	and.w	r1, r1, #12
10001ffc:	6019      	str	r1, [r3, #0]
10001ffe:	4770      	bx	lr
10002000:	40038004 	.word	0x40038004

10002004 <gpio_set_irq_enabled_with_callback>:
10002004:	e92d 43f0 	stmdb	sp!, {r4, r5, r6, r7, r8, r9, lr}
10002008:	f04f 4750 	mov.w	r7, #3489660928	@ 0xd0000000
1000200c:	f000 0c07 	and.w	ip, r0, #7
10002010:	461e      	mov	r6, r3
10002012:	ea4f 0c8c 	mov.w	ip, ip, lsl #2
10002016:	08c3      	lsrs	r3, r0, #3
10002018:	683d      	ldr	r5, [r7, #0]
1000201a:	b083      	sub	sp, #12
1000201c:	fa01 f40c 	lsl.w	r4, r1, ip
10002020:	ea4f 0883 	mov.w	r8, r3, lsl #2
10002024:	b9c2      	cbnz	r2, 10002058 <gpio_set_irq_enabled_with_callback+0x54>
10002026:	f103 018c 	add.w	r1, r3, #140	@ 0x8c
1000202a:	482b      	ldr	r0, [pc, #172]	@ (100020d8 <gpio_set_irq_enabled_with_callback+0xd4>)
1000202c:	4b2b      	ldr	r3, [pc, #172]	@ (100020dc <gpio_set_irq_enabled_with_callback+0xd8>)
1000202e:	eb05 05c5 	add.w	r5, r5, r5, lsl #3
10002032:	eb08 08c5 	add.w	r8, r8, r5, lsl #3
10002036:	f840 4021 	str.w	r4, [r0, r1, lsl #2]
1000203a:	f843 4008 	str.w	r4, [r3, r8]
1000203e:	683c      	ldr	r4, [r7, #0]
10002040:	f8df 90a4 	ldr.w	r9, [pc, #164]	@ 100020e8 <gpio_set_irq_enabled_with_callback+0xe4>
10002044:	f859 3024 	ldr.w	r3, [r9, r4, lsl #2]
10002048:	b30b      	cbz	r3, 1000208e <gpio_set_irq_enabled_with_callback+0x8a>
1000204a:	2e00      	cmp	r6, #0
1000204c:	d035      	beq.n	100020ba <gpio_set_irq_enabled_with_callback+0xb6>
1000204e:	f849 6024 	str.w	r6, [r9, r4, lsl #2]
10002052:	b003      	add	sp, #12
10002054:	e8bd 83f0 	ldmia.w	sp!, {r4, r5, r6, r7, r8, r9, pc}
10002058:	f8df 908c 	ldr.w	r9, [pc, #140]	@ 100020e8 <gpio_set_irq_enabled_with_callback+0xe4>
1000205c:	f859 2025 	ldr.w	r2, [r9, r5, lsl #2]
10002060:	b302      	cbz	r2, 100020a4 <gpio_set_irq_enabled_with_callback+0xa0>
10002062:	b37e      	cbz	r6, 100020c4 <gpio_set_irq_enabled_with_callback+0xc0>
10002064:	462a      	mov	r2, r5
10002066:	f849 6025 	str.w	r6, [r9, r5, lsl #2]
1000206a:	491b      	ldr	r1, [pc, #108]	@ (100020d8 <gpio_set_irq_enabled_with_callback+0xd4>)
1000206c:	338c      	adds	r3, #140	@ 0x8c
1000206e:	f841 4023 	str.w	r4, [r1, r3, lsl #2]
10002072:	2015      	movs	r0, #21
10002074:	2101      	movs	r1, #1
10002076:	4d1a      	ldr	r5, [pc, #104]	@ (100020e0 <gpio_set_irq_enabled_with_callback+0xdc>)
10002078:	eb02 02c2 	add.w	r2, r2, r2, lsl #3
1000207c:	eb08 02c2 	add.w	r2, r8, r2, lsl #3
10002080:	1955      	adds	r5, r2, r5
10002082:	602c      	str	r4, [r5, #0]
10002084:	b003      	add	sp, #12
10002086:	e8bd 43f0 	ldmia.w	sp!, {r4, r5, r6, r7, r8, r9, lr}
1000208a:	f000 b937 	b.w	100022fc <irq_set_enabled>
1000208e:	2e00      	cmp	r6, #0
10002090:	d0df      	beq.n	10002052 <gpio_set_irq_enabled_with_callback+0x4e>
10002092:	2015      	movs	r0, #21
10002094:	4913      	ldr	r1, [pc, #76]	@ (100020e4 <gpio_set_irq_enabled_with_callback+0xe0>)
10002096:	f849 6024 	str.w	r6, [r9, r4, lsl #2]
1000209a:	b003      	add	sp, #12
1000209c:	e8bd 43f0 	ldmia.w	sp!, {r4, r5, r6, r7, r8, r9, lr}
100020a0:	f000 b984 	b.w	100023ac <irq_add_shared_handler>
100020a4:	b1b6      	cbz	r6, 100020d4 <gpio_set_irq_enabled_with_callback+0xd0>
100020a6:	2015      	movs	r0, #21
100020a8:	490e      	ldr	r1, [pc, #56]	@ (100020e4 <gpio_set_irq_enabled_with_callback+0xe0>)
100020aa:	9301      	str	r3, [sp, #4]
100020ac:	f849 6025 	str.w	r6, [r9, r5, lsl #2]
100020b0:	f000 f97c 	bl	100023ac <irq_add_shared_handler>
100020b4:	683a      	ldr	r2, [r7, #0]
100020b6:	9b01      	ldr	r3, [sp, #4]
100020b8:	e7d7      	b.n	1000206a <gpio_set_irq_enabled_with_callback+0x66>
100020ba:	2015      	movs	r0, #21
100020bc:	4909      	ldr	r1, [pc, #36]	@ (100020e4 <gpio_set_irq_enabled_with_callback+0xe0>)
100020be:	f000 fa57 	bl	10002570 <irq_remove_handler>
100020c2:	e7c4      	b.n	1000204e <gpio_set_irq_enabled_with_callback+0x4a>
100020c4:	2015      	movs	r0, #21
100020c6:	4907      	ldr	r1, [pc, #28]	@ (100020e4 <gpio_set_irq_enabled_with_callback+0xe0>)
100020c8:	9301      	str	r3, [sp, #4]
100020ca:	f000 fa51 	bl	10002570 <irq_remove_handler>
100020ce:	683a      	ldr	r2, [r7, #0]
100020d0:	9b01      	ldr	r3, [sp, #4]
100020d2:	e7c8      	b.n	10002066 <gpio_set_irq_enabled_with_callback+0x62>
100020d4:	462a      	mov	r2, r5
100020d6:	e7c8      	b.n	1000206a <gpio_set_irq_enabled_with_callback+0x66>
100020d8:	40028000 	.word	0x40028000
100020dc:	4002b248 	.word	0x4002b248
100020e0:	4002a248 	.word	0x4002a248
100020e4:	10001dd9 	.word	0x10001dd9
100020e8:	200142e0 	.word	0x200142e0

100020ec <gpio_init>:
100020ec:	f04f 0300 	mov.w	r3, #0
100020f0:	b500      	push	{lr}
100020f2:	ec43 0044 	gpioc_bit_oe_put r0, r3
100020f6:	ec43 0040 	gpioc_bit_out_put r0, r3
100020fa:	f04f 0e05 	mov.w	lr, #5
100020fe:	f44f 7c80 	mov.w	ip, #256	@ 0x100
10002102:	4b0c      	ldr	r3, [pc, #48]	@ (10002134 <gpio_init+0x48>)
10002104:	00c2      	lsls	r2, r0, #3
10002106:	f853 1020 	ldr.w	r1, [r3, r0, lsl #2]
1000210a:	eb03 0080 	add.w	r0, r3, r0, lsl #2
1000210e:	f081 0140 	eor.w	r1, r1, #64	@ 0x40
10002112:	f102 4380 	add.w	r3, r2, #1073741824	@ 0x40000000
10002116:	f503 3320 	add.w	r3, r3, #163840	@ 0x28000
1000211a:	f001 02c0 	and.w	r2, r1, #192	@ 0xc0
1000211e:	f500 5180 	add.w	r1, r0, #4096	@ 0x1000
10002122:	f500 5040 	add.w	r0, r0, #12288	@ 0x3000
10002126:	600a      	str	r2, [r1, #0]
10002128:	f8c3 e004 	str.w	lr, [r3, #4]
1000212c:	f8c0 c000 	str.w	ip, [r0]
10002130:	bd00      	pop	{pc}
10002132:	bf00      	nop
10002134:	40038004 	.word	0x40038004

10002138 <panic>:
10002138:	b40f      	push	{r0, r1, r2, r3}
1000213a:	b500      	push	{lr}
1000213c:	4808      	ldr	r0, [pc, #32]	@ (10002160 <panic+0x28>)
1000213e:	b083      	sub	sp, #12
10002140:	f003 fbd8 	bl	100058f4 <__wrap_puts>
10002144:	9b04      	ldr	r3, [sp, #16]
10002146:	b13b      	cbz	r3, 10002158 <panic+0x20>
10002148:	a905      	add	r1, sp, #20
1000214a:	4618      	mov	r0, r3
1000214c:	9101      	str	r1, [sp, #4]
1000214e:	f003 fa69 	bl	10005624 <weak_raw_vprintf>
10002152:	4804      	ldr	r0, [pc, #16]	@ (10002164 <panic+0x2c>)
10002154:	f003 fbce 	bl	100058f4 <__wrap_puts>
10002158:	2001      	movs	r0, #1
1000215a:	f003 fa7b 	bl	10005654 <_exit>
1000215e:	bf00      	nop
10002160:	10006684 	.word	0x10006684
10002164:	10006710 	.word	0x10006710

10002168 <hw_claim_lock>:
10002168:	f3ef 8010 	mrs	r0, PRIMASK
1000216c:	b672      	cpsid	i
1000216e:	4b06      	ldr	r3, [pc, #24]	@ (10002188 <hw_claim_lock+0x20>)
10002170:	e8d3 1fcf 	ldaexb	r1, [r3]
10002174:	2201      	movs	r2, #1
10002176:	2900      	cmp	r1, #0
10002178:	d1fa      	bne.n	10002170 <hw_claim_lock+0x8>
1000217a:	e8c3 2f41 	strexb	r1, r2, [r3]
1000217e:	2900      	cmp	r1, #0
10002180:	d1f6      	bne.n	10002170 <hw_claim_lock+0x8>
10002182:	f3bf 8f5f 	dmb	sy
10002186:	4770      	bx	lr
10002188:	20000a0b 	.word	0x20000a0b

1000218c <hw_claim_unlock>:
1000218c:	2300      	movs	r3, #0
1000218e:	4a03      	ldr	r2, [pc, #12]	@ (1000219c <hw_claim_unlock+0x10>)
10002190:	e8c2 3f8f 	stlb	r3, [r2]
10002194:	f380 8810 	msr	PRIMASK, r0
10002198:	4770      	bx	lr
1000219a:	bf00      	nop
1000219c:	20000a0b 	.word	0x20000a0b

100021a0 <hw_claim_or_assert>:
100021a0:	b570      	push	{r4, r5, r6, lr}
100021a2:	4616      	mov	r6, r2
100021a4:	f3ef 8410 	mrs	r4, PRIMASK
100021a8:	b672      	cpsid	i
100021aa:	f8df e048 	ldr.w	lr, [pc, #72]	@ 100021f4 <hw_claim_or_assert+0x54>
100021ae:	e8de 2fcf 	ldaexb	r2, [lr]
100021b2:	2301      	movs	r3, #1
100021b4:	2a00      	cmp	r2, #0
100021b6:	d1fa      	bne.n	100021ae <hw_claim_or_assert+0xe>
100021b8:	e8ce 3f42 	strexb	r2, r3, [lr]
100021bc:	2a00      	cmp	r2, #0
100021be:	d1f6      	bne.n	100021ae <hw_claim_or_assert+0xe>
100021c0:	f3bf 8f5f 	dmb	sy
100021c4:	2301      	movs	r3, #1
100021c6:	f001 0c07 	and.w	ip, r1, #7
100021ca:	08ca      	lsrs	r2, r1, #3
100021cc:	fa03 f30c 	lsl.w	r3, r3, ip
100021d0:	f810 c002 	ldrb.w	ip, [r0, r2]
100021d4:	ea1c 0503 	ands.w	r5, ip, r3
100021d8:	d108      	bne.n	100021ec <hw_claim_or_assert+0x4c>
100021da:	ea4c 0c03 	orr.w	ip, ip, r3
100021de:	f800 c002 	strb.w	ip, [r0, r2]
100021e2:	e8ce 5f8f 	stlb	r5, [lr]
100021e6:	f384 8810 	msr	PRIMASK, r4
100021ea:	bd70      	pop	{r4, r5, r6, pc}
100021ec:	4630      	mov	r0, r6
100021ee:	f7ff ffa3 	bl	10002138 <panic>
100021f2:	bf00      	nop
100021f4:	20000a0b 	.word	0x20000a0b

100021f8 <hw_claim_unused_from_range>:
100021f8:	b5f8      	push	{r3, r4, r5, r6, r7, lr}
100021fa:	460f      	mov	r7, r1
100021fc:	4619      	mov	r1, r3
100021fe:	f3ef 8610 	mrs	r6, PRIMASK
10002202:	b672      	cpsid	i
10002204:	4d1c      	ldr	r5, [pc, #112]	@ (10002278 <hw_claim_unused_from_range+0x80>)
10002206:	e8d5 4fcf 	ldaexb	r4, [r5]
1000220a:	2301      	movs	r3, #1
1000220c:	2c00      	cmp	r4, #0
1000220e:	d1fa      	bne.n	10002206 <hw_claim_unused_from_range+0xe>
10002210:	e8c5 3f44 	strexb	r4, r3, [r5]
10002214:	2c00      	cmp	r4, #0
10002216:	d1f6      	bne.n	10002206 <hw_claim_unused_from_range+0xe>
10002218:	f3bf 8f5f 	dmb	sy
1000221c:	428a      	cmp	r2, r1
1000221e:	d81b      	bhi.n	10002258 <hw_claim_unused_from_range+0x60>
10002220:	2401      	movs	r4, #1
10002222:	e002      	b.n	1000222a <hw_claim_unused_from_range+0x32>
10002224:	3201      	adds	r2, #1
10002226:	4291      	cmp	r1, r2
10002228:	d322      	bcc.n	10002270 <hw_claim_unused_from_range+0x78>
1000222a:	08d3      	lsrs	r3, r2, #3
1000222c:	f810 e003 	ldrb.w	lr, [r0, r3]
10002230:	f002 0c07 	and.w	ip, r2, #7
10002234:	fa04 fc0c 	lsl.w	ip, r4, ip
10002238:	ea1e 0f0c 	tst.w	lr, ip
1000223c:	d1f2      	bne.n	10002224 <hw_claim_unused_from_range+0x2c>
1000223e:	ea4e 0e0c 	orr.w	lr, lr, ip
10002242:	f800 e003 	strb.w	lr, [r0, r3]
10002246:	4610      	mov	r0, r2
10002248:	2300      	movs	r3, #0
1000224a:	e8c5 3f8f 	stlb	r3, [r5]
1000224e:	f386 8810 	msr	PRIMASK, r6
10002252:	4298      	cmp	r0, r3
10002254:	db07      	blt.n	10002266 <hw_claim_unused_from_range+0x6e>
10002256:	bdf8      	pop	{r3, r4, r5, r6, r7, pc}
10002258:	2300      	movs	r3, #0
1000225a:	e8c5 3f8f 	stlb	r3, [r5]
1000225e:	f386 8810 	msr	PRIMASK, r6
10002262:	f04f 30ff 	mov.w	r0, #4294967295	@ 0xffffffff
10002266:	2f00      	cmp	r7, #0
10002268:	d0f5      	beq.n	10002256 <hw_claim_unused_from_range+0x5e>
1000226a:	9806      	ldr	r0, [sp, #24]
1000226c:	f7ff ff64 	bl	10002138 <panic>
10002270:	f04f 30ff 	mov.w	r0, #4294967295	@ 0xffffffff
10002274:	e7e8      	b.n	10002248 <hw_claim_unused_from_range+0x50>
10002276:	bf00      	nop
10002278:	20000a0b 	.word	0x20000a0b

1000227c <next_striped_spin_lock_num>:
1000227c:	4a04      	ldr	r2, [pc, #16]	@ (10002290 <next_striped_spin_lock_num+0x14>)
1000227e:	7810      	ldrb	r0, [r2, #0]
10002280:	1c43      	adds	r3, r0, #1
10002282:	b2db      	uxtb	r3, r3
10002284:	2b18      	cmp	r3, #24
10002286:	bf28      	it	cs
10002288:	2310      	movcs	r3, #16
1000228a:	7013      	strb	r3, [r2, #0]
1000228c:	4770      	bx	lr
1000228e:	bf00      	nop
10002290:	200006bc 	.word	0x200006bc

10002294 <spinlock_set_extexclall>:
10002294:	f04f 22e0 	mov.w	r2, #3758153728	@ 0xe000e000
10002298:	6893      	ldr	r3, [r2, #8]
1000229a:	f043 5300 	orr.w	r3, r3, #536870912	@ 0x20000000
1000229e:	6093      	str	r3, [r2, #8]
100022a0:	4770      	bx	lr
100022a2:	bf00      	nop

100022a4 <spin_locks_reset>:
100022a4:	2100      	movs	r1, #0
100022a6:	4b04      	ldr	r3, [pc, #16]	@ (100022b8 <spin_locks_reset+0x14>)
100022a8:	f103 0220 	add.w	r2, r3, #32
100022ac:	e8c3 1f8f 	stlb	r1, [r3]
100022b0:	3301      	adds	r3, #1
100022b2:	4293      	cmp	r3, r2
100022b4:	d1fa      	bne.n	100022ac <spin_locks_reset+0x8>
100022b6:	4770      	bx	lr
100022b8:	20000a00 	.word	0x20000a00

100022bc <runtime_init_per_core_irq_priorities>:
100022bc:	f04f 23e0 	mov.w	r3, #3758153728	@ 0xe000e000
100022c0:	f04f 3280 	mov.w	r2, #2155905152	@ 0x80808080
100022c4:	f8c3 2400 	str.w	r2, [r3, #1024]	@ 0x400
100022c8:	f8c3 2404 	str.w	r2, [r3, #1028]	@ 0x404
100022cc:	f8c3 2408 	str.w	r2, [r3, #1032]	@ 0x408
100022d0:	f8c3 240c 	str.w	r2, [r3, #1036]	@ 0x40c
100022d4:	f8c3 2410 	str.w	r2, [r3, #1040]	@ 0x410
100022d8:	f8c3 2414 	str.w	r2, [r3, #1044]	@ 0x414
100022dc:	f8c3 2418 	str.w	r2, [r3, #1048]	@ 0x418
100022e0:	f8c3 241c 	str.w	r2, [r3, #1052]	@ 0x41c
100022e4:	f8c3 2420 	str.w	r2, [r3, #1056]	@ 0x420
100022e8:	f8c3 2424 	str.w	r2, [r3, #1060]	@ 0x424
100022ec:	f8c3 2428 	str.w	r2, [r3, #1064]	@ 0x428
100022f0:	f8c3 242c 	str.w	r2, [r3, #1068]	@ 0x42c
100022f4:	f8c3 2430 	str.w	r2, [r3, #1072]	@ 0x430
100022f8:	b662      	cpsie	i
100022fa:	4770      	bx	lr

100022fc <irq_set_enabled>:
100022fc:	2301      	movs	r3, #1
100022fe:	f000 021f 	and.w	r2, r0, #31
10002302:	4093      	lsls	r3, r2
10002304:	0940      	lsrs	r0, r0, #5
10002306:	b141      	cbz	r1, 1000231a <irq_set_enabled+0x1e>
10002308:	0080      	lsls	r0, r0, #2
1000230a:	f100 4060 	add.w	r0, r0, #3758096384	@ 0xe0000000
1000230e:	f500 4061 	add.w	r0, r0, #57600	@ 0xe100
10002312:	f8c0 3180 	str.w	r3, [r0, #384]	@ 0x180
10002316:	6003      	str	r3, [r0, #0]
10002318:	4770      	bx	lr
1000231a:	4a02      	ldr	r2, [pc, #8]	@ (10002324 <irq_set_enabled+0x28>)
1000231c:	3020      	adds	r0, #32
1000231e:	f842 3020 	str.w	r3, [r2, r0, lsl #2]
10002322:	4770      	bx	lr
10002324:	e000e100 	.word	0xe000e100

10002328 <irq_is_enabled>:
10002328:	2301      	movs	r3, #1
1000232a:	4a06      	ldr	r2, [pc, #24]	@ (10002344 <irq_is_enabled+0x1c>)
1000232c:	0941      	lsrs	r1, r0, #5
1000232e:	f852 2021 	ldr.w	r2, [r2, r1, lsl #2]
10002332:	f000 001f 	and.w	r0, r0, #31
10002336:	4083      	lsls	r3, r0
10002338:	4213      	tst	r3, r2
1000233a:	bf14      	ite	ne
1000233c:	2001      	movne	r0, #1
1000233e:	2000      	moveq	r0, #0
10002340:	4770      	bx	lr
10002342:	bf00      	nop
10002344:	e000e100 	.word	0xe000e100

10002348 <irq_set_exclusive_handler>:
10002348:	b508      	push	{r3, lr}
1000234a:	f3ef 8e10 	mrs	lr, PRIMASK
1000234e:	b672      	cpsid	i
10002350:	4b13      	ldr	r3, [pc, #76]	@ (100023a0 <irq_set_exclusive_handler+0x58>)
10002352:	e8d3 cfcf 	ldaexb	ip, [r3]
10002356:	2201      	movs	r2, #1
10002358:	f1bc 0f00 	cmp.w	ip, #0
1000235c:	d1f9      	bne.n	10002352 <irq_set_exclusive_handler+0xa>
1000235e:	e8c3 2f4c 	strexb	ip, r2, [r3]
10002362:	f1bc 0f00 	cmp.w	ip, #0
10002366:	d1f4      	bne.n	10002352 <irq_set_exclusive_handler+0xa>
10002368:	f3bf 8f5f 	dmb	sy
1000236c:	4a0d      	ldr	r2, [pc, #52]	@ (100023a4 <irq_set_exclusive_handler+0x5c>)
1000236e:	3010      	adds	r0, #16
10002370:	6892      	ldr	r2, [r2, #8]
10002372:	f8df c034 	ldr.w	ip, [pc, #52]	@ 100023a8 <irq_set_exclusive_handler+0x60>
10002376:	f852 2020 	ldr.w	r2, [r2, r0, lsl #2]
1000237a:	4562      	cmp	r2, ip
1000237c:	d001      	beq.n	10002382 <irq_set_exclusive_handler+0x3a>
1000237e:	4291      	cmp	r1, r2
10002380:	d10b      	bne.n	1000239a <irq_set_exclusive_handler+0x52>
10002382:	4a08      	ldr	r2, [pc, #32]	@ (100023a4 <irq_set_exclusive_handler+0x5c>)
10002384:	6892      	ldr	r2, [r2, #8]
10002386:	f842 1020 	str.w	r1, [r2, r0, lsl #2]
1000238a:	f3bf 8f5f 	dmb	sy
1000238e:	2200      	movs	r2, #0
10002390:	e8c3 2f8f 	stlb	r2, [r3]
10002394:	f38e 8810 	msr	PRIMASK, lr
10002398:	bd08      	pop	{r3, pc}
1000239a:	f001 f975 	bl	10003688 <hard_assertion_failure>
1000239e:	bf00      	nop
100023a0:	20000a09 	.word	0x20000a09
100023a4:	e000ed00 	.word	0xe000ed00
100023a8:	10000111 	.word	0x10000111

100023ac <irq_add_shared_handler>:
100023ac:	e92d 4ff8 	stmdb	sp!, {r3, r4, r5, r6, r7, r8, r9, sl, fp, lr}
100023b0:	468b      	mov	fp, r1
100023b2:	4611      	mov	r1, r2
100023b4:	f3ef 8810 	mrs	r8, PRIMASK
100023b8:	b672      	cpsid	i
100023ba:	4f66      	ldr	r7, [pc, #408]	@ (10002554 <irq_add_shared_handler+0x1a8>)
100023bc:	e8d7 2fcf 	ldaexb	r2, [r7]
100023c0:	2301      	movs	r3, #1
100023c2:	2a00      	cmp	r2, #0
100023c4:	d1fa      	bne.n	100023bc <irq_add_shared_handler+0x10>
100023c6:	e8c7 3f42 	strexb	r2, r3, [r7]
100023ca:	2a00      	cmp	r2, #0
100023cc:	d1f6      	bne.n	100023bc <irq_add_shared_handler+0x10>
100023ce:	f3bf 8f5f 	dmb	sy
100023d2:	4b61      	ldr	r3, [pc, #388]	@ (10002558 <irq_add_shared_handler+0x1ac>)
100023d4:	f993 4000 	ldrsb.w	r4, [r3]
100023d8:	2c00      	cmp	r4, #0
100023da:	f2c0 80b8 	blt.w	1000254e <irq_add_shared_handler+0x1a2>
100023de:	f100 0510 	add.w	r5, r0, #16
100023e2:	485e      	ldr	r0, [pc, #376]	@ (1000255c <irq_add_shared_handler+0x1b0>)
100023e4:	eb04 0944 	add.w	r9, r4, r4, lsl #1
100023e8:	eb00 0289 	add.w	r2, r0, r9, lsl #2
100023ec:	7996      	ldrb	r6, [r2, #6]
100023ee:	ea4f 0989 	mov.w	r9, r9, lsl #2
100023f2:	701e      	strb	r6, [r3, #0]
100023f4:	4b5a      	ldr	r3, [pc, #360]	@ (10002560 <irq_add_shared_handler+0x1b4>)
100023f6:	689b      	ldr	r3, [r3, #8]
100023f8:	f853 6025 	ldr.w	r6, [r3, r5, lsl #2]
100023fc:	1a33      	subs	r3, r6, r0
100023fe:	2b2f      	cmp	r3, #47	@ 0x2f
10002400:	d835      	bhi.n	1000246e <irq_add_shared_handler+0xc2>
10002402:	f026 0e01 	bic.w	lr, r6, #1
10002406:	f89e 3007 	ldrb.w	r3, [lr, #7]
1000240a:	428b      	cmp	r3, r1
1000240c:	d809      	bhi.n	10002422 <irq_add_shared_handler+0x76>
1000240e:	e06f      	b.n	100024f0 <irq_add_shared_handler+0x144>
10002410:	eb0c 034c 	add.w	r3, ip, ip, lsl #1
10002414:	eb00 0383 	add.w	r3, r0, r3, lsl #2
10002418:	f893 a007 	ldrb.w	sl, [r3, #7]
1000241c:	458a      	cmp	sl, r1
1000241e:	d951      	bls.n	100024c4 <irq_add_shared_handler+0x118>
10002420:	469e      	mov	lr, r3
10002422:	f99e c006 	ldrsb.w	ip, [lr, #6]
10002426:	f1bc 0f00 	cmp.w	ip, #0
1000242a:	daf1      	bge.n	10002410 <irq_add_shared_handler+0x64>
1000242c:	f64b 5901 	movw	r9, #48385	@ 0xbd01
10002430:	f10e 0a04 	add.w	sl, lr, #4
10002434:	1f13      	subs	r3, r2, #4
10002436:	eba3 030a 	sub.w	r3, r3, sl
1000243a:	f3c3 034a 	ubfx	r3, r3, #1, #11
1000243e:	ea6f 43c3 	mvn.w	r3, r3, lsl #19
10002442:	ea6f 43d3 	mvn.w	r3, r3, lsr #19
10002446:	f88e 4006 	strb.w	r4, [lr, #6]
1000244a:	f8df a120 	ldr.w	sl, [pc, #288]	@ 1000256c <irq_add_shared_handler+0x1c0>
1000244e:	eb04 0444 	add.w	r4, r4, r4, lsl #1
10002452:	eb00 0284 	add.w	r2, r0, r4, lsl #2
10002456:	f8ae 3004 	strh.w	r3, [lr, #4]
1000245a:	f840 a024 	str.w	sl, [r0, r4, lsl #2]
1000245e:	f8a2 9004 	strh.w	r9, [r2, #4]
10002462:	f882 c006 	strb.w	ip, [r2, #6]
10002466:	71d1      	strb	r1, [r2, #7]
10002468:	f8c2 b008 	str.w	fp, [r2, #8]
1000246c:	e01d      	b.n	100024aa <irq_add_shared_handler+0xfe>
1000246e:	4b3d      	ldr	r3, [pc, #244]	@ (10002564 <irq_add_shared_handler+0x1b8>)
10002470:	429e      	cmp	r6, r3
10002472:	d16c      	bne.n	1000254e <irq_add_shared_handler+0x1a2>
10002474:	4b3c      	ldr	r3, [pc, #240]	@ (10002568 <irq_add_shared_handler+0x1bc>)
10002476:	71d1      	strb	r1, [r2, #7]
10002478:	f109 0102 	add.w	r1, r9, #2
1000247c:	4401      	add	r1, r0
1000247e:	3b04      	subs	r3, #4
10002480:	1a5b      	subs	r3, r3, r1
10002482:	f3c3 034a 	ubfx	r3, r3, #1, #11
10002486:	ea6f 43c3 	mvn.w	r3, r3, lsl #19
1000248a:	f44f 4121 	mov.w	r1, #41216	@ 0xa100
1000248e:	ea6f 43d3 	mvn.w	r3, r3, lsr #19
10002492:	f820 1009 	strh.w	r1, [r0, r9]
10002496:	8053      	strh	r3, [r2, #2]
10002498:	21ff      	movs	r1, #255	@ 0xff
1000249a:	f64b 5301 	movw	r3, #48385	@ 0xbd01
1000249e:	f8c2 b008 	str.w	fp, [r2, #8]
100024a2:	7191      	strb	r1, [r2, #6]
100024a4:	8093      	strh	r3, [r2, #4]
100024a6:	f042 0601 	orr.w	r6, r2, #1
100024aa:	4b2d      	ldr	r3, [pc, #180]	@ (10002560 <irq_add_shared_handler+0x1b4>)
100024ac:	689b      	ldr	r3, [r3, #8]
100024ae:	f843 6025 	str.w	r6, [r3, r5, lsl #2]
100024b2:	f3bf 8f5f 	dmb	sy
100024b6:	2300      	movs	r3, #0
100024b8:	e8c7 3f8f 	stlb	r3, [r7]
100024bc:	f388 8810 	msr	PRIMASK, r8
100024c0:	e8bd 8ff8 	ldmia.w	sp!, {r3, r4, r5, r6, r7, r8, r9, sl, fp, pc}
100024c4:	46f2      	mov	sl, lr
100024c6:	f06f 0307 	mvn.w	r3, #7
100024ca:	eba3 0309 	sub.w	r3, r3, r9
100024ce:	f83a 9f04 	ldrh.w	r9, [sl, #4]!
100024d2:	1a1b      	subs	r3, r3, r0
100024d4:	f349 090a 	sbfx	r9, r9, #0, #11
100024d8:	f109 0902 	add.w	r9, r9, #2
100024dc:	eb0a 0949 	add.w	r9, sl, r9, lsl #1
100024e0:	4499      	add	r9, r3
100024e2:	f3c9 094a 	ubfx	r9, r9, #1, #11
100024e6:	ea6f 49c9 	mvn.w	r9, r9, lsl #19
100024ea:	ea6f 49d9 	mvn.w	r9, r9, lsr #19
100024ee:	e7a1      	b.n	10002434 <irq_add_shared_handler+0x88>
100024f0:	f06f 0307 	mvn.w	r3, #7
100024f4:	71d1      	strb	r1, [r2, #7]
100024f6:	491c      	ldr	r1, [pc, #112]	@ (10002568 <irq_add_shared_handler+0x1bc>)
100024f8:	f109 0402 	add.w	r4, r9, #2
100024fc:	4404      	add	r4, r0
100024fe:	3904      	subs	r1, #4
10002500:	1b09      	subs	r1, r1, r4
10002502:	eba3 0309 	sub.w	r3, r3, r9
10002506:	f3c1 014a 	ubfx	r1, r1, #1, #11
1000250a:	1a1b      	subs	r3, r3, r0
1000250c:	ea6f 41c1 	mvn.w	r1, r1, lsl #19
10002510:	4473      	add	r3, lr
10002512:	f3c3 034a 	ubfx	r3, r3, #1, #11
10002516:	ea6f 43c3 	mvn.w	r3, r3, lsl #19
1000251a:	ea6f 41d1 	mvn.w	r1, r1, lsr #19
1000251e:	f44f 4621 	mov.w	r6, #41216	@ 0xa100
10002522:	ea6f 43d3 	mvn.w	r3, r3, lsr #19
10002526:	8051      	strh	r1, [r2, #2]
10002528:	4910      	ldr	r1, [pc, #64]	@ (1000256c <irq_add_shared_handler+0x1c0>)
1000252a:	f820 6009 	strh.w	r6, [r0, r9]
1000252e:	8093      	strh	r3, [r2, #4]
10002530:	f64a 24aa 	movw	r4, #43690	@ 0xaaaa
10002534:	4673      	mov	r3, lr
10002536:	1a1b      	subs	r3, r3, r0
10002538:	415b      	adcs	r3, r3
1000253a:	435c      	muls	r4, r3
1000253c:	0d24      	lsrs	r4, r4, #20
1000253e:	f8c2 b008 	str.w	fp, [r2, #8]
10002542:	7194      	strb	r4, [r2, #6]
10002544:	f042 0601 	orr.w	r6, r2, #1
10002548:	f8ce 1000 	str.w	r1, [lr]
1000254c:	e7ad      	b.n	100024aa <irq_add_shared_handler+0xfe>
1000254e:	f001 f89b 	bl	10003688 <hard_assertion_failure>
10002552:	bf00      	nop
10002554:	20000a09 	.word	0x20000a09
10002558:	200669e3 	.word	0x200669e3
1000255c:	200006c0 	.word	0x200006c0
10002560:	e000ed00 	.word	0xe000ed00
10002564:	10000111 	.word	0x10000111
10002568:	200006f0 	.word	0x200006f0
1000256c:	47804801 	.word	0x47804801

10002570 <irq_remove_handler>:
10002570:	e92d 47f0 	stmdb	sp!, {r4, r5, r6, r7, r8, r9, sl, lr}
10002574:	b082      	sub	sp, #8
10002576:	f3ef 8510 	mrs	r5, PRIMASK
1000257a:	b672      	cpsid	i
1000257c:	f8df c1a8 	ldr.w	ip, [pc, #424]	@ 10002728 <irq_remove_handler+0x1b8>
10002580:	e8dc 2fcf 	ldaexb	r2, [ip]
10002584:	2301      	movs	r3, #1
10002586:	2a00      	cmp	r2, #0
10002588:	d1fa      	bne.n	10002580 <irq_remove_handler+0x10>
1000258a:	e8cc 3f42 	strexb	r2, r3, [ip]
1000258e:	2a00      	cmp	r2, #0
10002590:	d1f6      	bne.n	10002580 <irq_remove_handler+0x10>
10002592:	f3bf 8f5f 	dmb	sy
10002596:	4b5e      	ldr	r3, [pc, #376]	@ (10002710 <irq_remove_handler+0x1a0>)
10002598:	f100 0410 	add.w	r4, r0, #16
1000259c:	689b      	ldr	r3, [r3, #8]
1000259e:	f853 2024 	ldr.w	r2, [r3, r4, lsl #2]
100025a2:	4b5c      	ldr	r3, [pc, #368]	@ (10002714 <irq_remove_handler+0x1a4>)
100025a4:	429a      	cmp	r2, r3
100025a6:	d03d      	beq.n	10002624 <irq_remove_handler+0xb4>
100025a8:	428a      	cmp	r2, r1
100025aa:	d049      	beq.n	10002640 <irq_remove_handler+0xd0>
100025ac:	f8df e17c 	ldr.w	lr, [pc, #380]	@ 1000272c <irq_remove_handler+0x1bc>
100025b0:	eba2 030e 	sub.w	r3, r2, lr
100025b4:	2b2f      	cmp	r3, #47	@ 0x2f
100025b6:	d835      	bhi.n	10002624 <irq_remove_handler+0xb4>
100025b8:	2701      	movs	r7, #1
100025ba:	0943      	lsrs	r3, r0, #5
100025bc:	009b      	lsls	r3, r3, #2
100025be:	f000 001f 	and.w	r0, r0, #31
100025c2:	f103 4360 	add.w	r3, r3, #3758096384	@ 0xe0000000
100025c6:	f503 4361 	add.w	r3, r3, #57600	@ 0xe100
100025ca:	4087      	lsls	r7, r0
100025cc:	681e      	ldr	r6, [r3, #0]
100025ce:	469a      	mov	sl, r3
100025d0:	46b9      	mov	r9, r7
100025d2:	f8c3 7080 	str.w	r7, [r3, #128]	@ 0x80
100025d6:	f3bf 8f5f 	dmb	sy
100025da:	f3ef 8305 	mrs	r3, IPSR
100025de:	b2db      	uxtb	r3, r3
100025e0:	461f      	mov	r7, r3
100025e2:	bb7b      	cbnz	r3, 10002644 <irq_remove_handler+0xd4>
100025e4:	2301      	movs	r3, #1
100025e6:	4083      	lsls	r3, r0
100025e8:	f022 0001 	bic.w	r0, r2, #1
100025ec:	ea03 0806 	and.w	r8, r3, r6
100025f0:	6886      	ldr	r6, [r0, #8]
100025f2:	42b1      	cmp	r1, r6
100025f4:	d108      	bne.n	10002608 <irq_remove_handler+0x98>
100025f6:	e081      	b.n	100026fc <irq_remove_handler+0x18c>
100025f8:	eb03 0343 	add.w	r3, r3, r3, lsl #1
100025fc:	eb0e 0383 	add.w	r3, lr, r3, lsl #2
10002600:	689e      	ldr	r6, [r3, #8]
10002602:	42b1      	cmp	r1, r6
10002604:	d025      	beq.n	10002652 <irq_remove_handler+0xe2>
10002606:	4618      	mov	r0, r3
10002608:	f990 3006 	ldrsb.w	r3, [r0, #6]
1000260c:	2b00      	cmp	r3, #0
1000260e:	daf3      	bge.n	100025f8 <irq_remove_handler+0x88>
10002610:	42b1      	cmp	r1, r6
10002612:	d04e      	beq.n	100026b2 <irq_remove_handler+0x142>
10002614:	4653      	mov	r3, sl
10002616:	f1b8 0f00 	cmp.w	r8, #0
1000261a:	d017      	beq.n	1000264c <irq_remove_handler+0xdc>
1000261c:	f8c3 9180 	str.w	r9, [r3, #384]	@ 0x180
10002620:	f8c3 9000 	str.w	r9, [r3]
10002624:	4b3a      	ldr	r3, [pc, #232]	@ (10002710 <irq_remove_handler+0x1a0>)
10002626:	689b      	ldr	r3, [r3, #8]
10002628:	f843 2024 	str.w	r2, [r3, r4, lsl #2]
1000262c:	f3bf 8f5f 	dmb	sy
10002630:	2300      	movs	r3, #0
10002632:	e8cc 3f8f 	stlb	r3, [ip]
10002636:	f385 8810 	msr	PRIMASK, r5
1000263a:	b002      	add	sp, #8
1000263c:	e8bd 87f0 	ldmia.w	sp!, {r4, r5, r6, r7, r8, r9, sl, pc}
10002640:	461a      	mov	r2, r3
10002642:	e7ef      	b.n	10002624 <irq_remove_handler+0xb4>
10002644:	429c      	cmp	r4, r3
10002646:	d0cd      	beq.n	100025e4 <irq_remove_handler+0x74>
10002648:	f001 f81e 	bl	10003688 <hard_assertion_failure>
1000264c:	f8c3 9080 	str.w	r9, [r3, #128]	@ 0x80
10002650:	e7e8      	b.n	10002624 <irq_remove_handler+0xb4>
10002652:	f993 6006 	ldrsb.w	r6, [r3, #6]
10002656:	2e00      	cmp	r6, #0
10002658:	db2c      	blt.n	100026b4 <irq_remove_handler+0x144>
1000265a:	eb06 0046 	add.w	r0, r6, r6, lsl #1
1000265e:	eb0e 0180 	add.w	r1, lr, r0, lsl #2
10002662:	0080      	lsls	r0, r0, #2
10002664:	9001      	str	r0, [sp, #4]
10002666:	79c8      	ldrb	r0, [r1, #7]
10002668:	688f      	ldr	r7, [r1, #8]
1000266a:	71d8      	strb	r0, [r3, #7]
1000266c:	f991 0006 	ldrsb.w	r0, [r1, #6]
10002670:	609f      	str	r7, [r3, #8]
10002672:	2800      	cmp	r0, #0
10002674:	7198      	strb	r0, [r3, #6]
10002676:	ea4f 0746 	mov.w	r7, r6, lsl #1
1000267a:	db2e      	blt.n	100026da <irq_remove_handler+0x16a>
1000267c:	8889      	ldrh	r1, [r1, #4]
1000267e:	9801      	ldr	r0, [sp, #4]
10002680:	f341 010a 	sbfx	r1, r1, #0, #11
10002684:	eb00 0141 	add.w	r1, r0, r1, lsl #1
10002688:	f06f 0007 	mvn.w	r0, #7
1000268c:	3108      	adds	r1, #8
1000268e:	4471      	add	r1, lr
10002690:	1ac0      	subs	r0, r0, r3
10002692:	4401      	add	r1, r0
10002694:	f3c1 014a 	ubfx	r1, r1, #1, #11
10002698:	ea6f 41c1 	mvn.w	r1, r1, lsl #19
1000269c:	ea6f 41d1 	mvn.w	r1, r1, lsr #19
100026a0:	8099      	strh	r1, [r3, #4]
100026a2:	491d      	ldr	r1, [pc, #116]	@ (10002718 <irq_remove_handler+0x1a8>)
100026a4:	19bb      	adds	r3, r7, r6
100026a6:	7808      	ldrb	r0, [r1, #0]
100026a8:	eb0e 0383 	add.w	r3, lr, r3, lsl #2
100026ac:	700e      	strb	r6, [r1, #0]
100026ae:	7198      	strb	r0, [r3, #6]
100026b0:	e7b0      	b.n	10002614 <irq_remove_handler+0xa4>
100026b2:	4603      	mov	r3, r0
100026b4:	b99f      	cbnz	r7, 100026de <irq_remove_handler+0x16e>
100026b6:	21ff      	movs	r1, #255	@ 0xff
100026b8:	7181      	strb	r1, [r0, #6]
100026ba:	f64b 5101 	movw	r1, #48385	@ 0xbd01
100026be:	8081      	strh	r1, [r0, #4]
100026c0:	4e15      	ldr	r6, [pc, #84]	@ (10002718 <irq_remove_handler+0x1a8>)
100026c2:	4618      	mov	r0, r3
100026c4:	7837      	ldrb	r7, [r6, #0]
100026c6:	f64a 21aa 	movw	r1, #43690	@ 0xaaaa
100026ca:	719f      	strb	r7, [r3, #6]
100026cc:	4673      	mov	r3, lr
100026ce:	1ac0      	subs	r0, r0, r3
100026d0:	4140      	adcs	r0, r0
100026d2:	4341      	muls	r1, r0
100026d4:	0d09      	lsrs	r1, r1, #20
100026d6:	7031      	strb	r1, [r6, #0]
100026d8:	e79c      	b.n	10002614 <irq_remove_handler+0xa4>
100026da:	4910      	ldr	r1, [pc, #64]	@ (1000271c <irq_remove_handler+0x1ac>)
100026dc:	e7e0      	b.n	100026a0 <irq_remove_handler+0x130>
100026de:	4910      	ldr	r1, [pc, #64]	@ (10002720 <irq_remove_handler+0x1b0>)
100026e0:	4e10      	ldr	r6, [pc, #64]	@ (10002724 <irq_remove_handler+0x1b4>)
100026e2:	1ac9      	subs	r1, r1, r3
100026e4:	3908      	subs	r1, #8
100026e6:	f3c1 300a 	ubfx	r0, r1, #12, #11
100026ea:	ea6f 5000 	mvn.w	r0, r0, lsl #20
100026ee:	ea6f 5010 	mvn.w	r0, r0, lsr #20
100026f2:	ea46 0151 	orr.w	r1, r6, r1, lsr #1
100026f6:	80d9      	strh	r1, [r3, #6]
100026f8:	8098      	strh	r0, [r3, #4]
100026fa:	e78b      	b.n	10002614 <irq_remove_handler+0xa4>
100026fc:	f990 6006 	ldrsb.w	r6, [r0, #6]
10002700:	4603      	mov	r3, r0
10002702:	2e00      	cmp	r6, #0
10002704:	daa9      	bge.n	1000265a <irq_remove_handler+0xea>
10002706:	2f00      	cmp	r7, #0
10002708:	d1e9      	bne.n	100026de <irq_remove_handler+0x16e>
1000270a:	4a02      	ldr	r2, [pc, #8]	@ (10002714 <irq_remove_handler+0x1a4>)
1000270c:	e7d8      	b.n	100026c0 <irq_remove_handler+0x150>
1000270e:	bf00      	nop
10002710:	e000ed00 	.word	0xe000ed00
10002714:	10000111 	.word	0x10000111
10002718:	200669e3 	.word	0x200669e3
1000271c:	ffffbd01 	.word	0xffffbd01
10002720:	200006fa 	.word	0x200006fa
10002724:	fffff800 	.word	0xfffff800
10002728:	20000a09 	.word	0x20000a09
1000272c:	200006c0 	.word	0x200006c0

10002730 <irq_add_tail_to_free_list>:
10002730:	e92d 41f0 	stmdb	sp!, {r4, r5, r6, r7, r8, lr}
10002734:	f3ef 8305 	mrs	r3, IPSR
10002738:	b2db      	uxtb	r3, r3
1000273a:	469e      	mov	lr, r3
1000273c:	f3ef 8510 	mrs	r5, PRIMASK
10002740:	b672      	cpsid	i
10002742:	4929      	ldr	r1, [pc, #164]	@ (100027e8 <irq_add_tail_to_free_list+0xb8>)
10002744:	e8d1 2fcf 	ldaexb	r2, [r1]
10002748:	2301      	movs	r3, #1
1000274a:	2a00      	cmp	r2, #0
1000274c:	d1fa      	bne.n	10002744 <irq_add_tail_to_free_list+0x14>
1000274e:	e8c1 3f42 	strexb	r2, r3, [r1]
10002752:	2a00      	cmp	r2, #0
10002754:	d1f6      	bne.n	10002744 <irq_add_tail_to_free_list+0x14>
10002756:	f3bf 8f5f 	dmb	sy
1000275a:	f8df 809c 	ldr.w	r8, [pc, #156]	@ 100027f8 <irq_add_tail_to_free_list+0xc8>
1000275e:	f040 0601 	orr.w	r6, r0, #1
10002762:	f8d8 7008 	ldr.w	r7, [r8, #8]
10002766:	f64a 23aa 	movw	r3, #43690	@ 0xaaaa
1000276a:	f857 702e 	ldr.w	r7, [r7, lr, lsl #2]
1000276e:	4604      	mov	r4, r0
10002770:	4a1e      	ldr	r2, [pc, #120]	@ (100027ec <irq_add_tail_to_free_list+0xbc>)
10002772:	1aa4      	subs	r4, r4, r2
10002774:	4164      	adcs	r4, r4
10002776:	4363      	muls	r3, r4
10002778:	0d1b      	lsrs	r3, r3, #20
1000277a:	42b7      	cmp	r7, r6
1000277c:	b25b      	sxtb	r3, r3
1000277e:	d01e      	beq.n	100027be <irq_add_tail_to_free_list+0x8e>
10002780:	f992 4006 	ldrsb.w	r4, [r2, #6]
10002784:	429c      	cmp	r4, r3
10002786:	d020      	beq.n	100027ca <irq_add_tail_to_free_list+0x9a>
10002788:	f992 4012 	ldrsb.w	r4, [r2, #18]
1000278c:	429c      	cmp	r4, r3
1000278e:	d027      	beq.n	100027e0 <irq_add_tail_to_free_list+0xb0>
10002790:	f992 401e 	ldrsb.w	r4, [r2, #30]
10002794:	429c      	cmp	r4, r3
10002796:	d025      	beq.n	100027e4 <irq_add_tail_to_free_list+0xb4>
10002798:	f992 402a 	ldrsb.w	r4, [r2, #42]	@ 0x2a
1000279c:	429c      	cmp	r4, r3
1000279e:	bf08      	it	eq
100027a0:	2403      	moveq	r4, #3
100027a2:	d013      	beq.n	100027cc <irq_add_tail_to_free_list+0x9c>
100027a4:	4a12      	ldr	r2, [pc, #72]	@ (100027f0 <irq_add_tail_to_free_list+0xc0>)
100027a6:	2400      	movs	r4, #0
100027a8:	f892 c000 	ldrb.w	ip, [r2]
100027ac:	7013      	strb	r3, [r2, #0]
100027ae:	f880 c006 	strb.w	ip, [r0, #6]
100027b2:	e8c1 4f8f 	stlb	r4, [r1]
100027b6:	f385 8810 	msr	PRIMASK, r5
100027ba:	e8bd 81f0 	ldmia.w	sp!, {r4, r5, r6, r7, r8, pc}
100027be:	f8d8 2008 	ldr.w	r2, [r8, #8]
100027c2:	4c0c      	ldr	r4, [pc, #48]	@ (100027f4 <irq_add_tail_to_free_list+0xc4>)
100027c4:	f842 402e 	str.w	r4, [r2, lr, lsl #2]
100027c8:	e7ec      	b.n	100027a4 <irq_add_tail_to_free_list+0x74>
100027ca:	2400      	movs	r4, #0
100027cc:	eb04 0444 	add.w	r4, r4, r4, lsl #1
100027d0:	eb02 0284 	add.w	r2, r2, r4, lsl #2
100027d4:	24ff      	movs	r4, #255	@ 0xff
100027d6:	7194      	strb	r4, [r2, #6]
100027d8:	f64b 5401 	movw	r4, #48385	@ 0xbd01
100027dc:	8094      	strh	r4, [r2, #4]
100027de:	e7e1      	b.n	100027a4 <irq_add_tail_to_free_list+0x74>
100027e0:	2401      	movs	r4, #1
100027e2:	e7f3      	b.n	100027cc <irq_add_tail_to_free_list+0x9c>
100027e4:	2402      	movs	r4, #2
100027e6:	e7f1      	b.n	100027cc <irq_add_tail_to_free_list+0x9c>
100027e8:	20000a09 	.word	0x20000a09
100027ec:	200006c0 	.word	0x200006c0
100027f0:	200669e3 	.word	0x200669e3
100027f4:	10000111 	.word	0x10000111
100027f8:	e000ed00 	.word	0xe000ed00

100027fc <lock_init>:
100027fc:	4b01      	ldr	r3, [pc, #4]	@ (10002804 <lock_init+0x8>)
100027fe:	440b      	add	r3, r1
10002800:	6003      	str	r3, [r0, #0]
10002802:	4770      	bx	lr
10002804:	20000a00 	.word	0x20000a00

10002808 <runtime_init_mutex>:
10002808:	b570      	push	{r4, r5, r6, lr}
1000280a:	4c10      	ldr	r4, [pc, #64]	@ (1000284c <runtime_init_mutex+0x44>)
1000280c:	4d10      	ldr	r5, [pc, #64]	@ (10002850 <runtime_init_mutex+0x48>)
1000280e:	42ac      	cmp	r4, r5
10002810:	d20e      	bcs.n	10002830 <runtime_init_mutex+0x28>
10002812:	26ff      	movs	r6, #255	@ 0xff
10002814:	6823      	ldr	r3, [r4, #0]
10002816:	b163      	cbz	r3, 10002832 <runtime_init_mutex+0x2a>
10002818:	f7ff fd30 	bl	1000227c <next_striped_spin_lock_num>
1000281c:	4601      	mov	r1, r0
1000281e:	4620      	mov	r0, r4
10002820:	f7ff ffec 	bl	100027fc <lock_init>
10002824:	80a6      	strh	r6, [r4, #4]
10002826:	f3bf 8f5f 	dmb	sy
1000282a:	3408      	adds	r4, #8
1000282c:	42ac      	cmp	r4, r5
1000282e:	d3f1      	bcc.n	10002814 <runtime_init_mutex+0xc>
10002830:	bd70      	pop	{r4, r5, r6, pc}
10002832:	f7ff fd23 	bl	1000227c <next_striped_spin_lock_num>
10002836:	4601      	mov	r1, r0
10002838:	4620      	mov	r0, r4
1000283a:	f7ff ffdf 	bl	100027fc <lock_init>
1000283e:	7126      	strb	r6, [r4, #4]
10002840:	f3bf 8f5f 	dmb	sy
10002844:	3408      	adds	r4, #8
10002846:	42ac      	cmp	r4, r5
10002848:	d3e4      	bcc.n	10002814 <runtime_init_mutex+0xc>
1000284a:	bd70      	pop	{r4, r5, r6, pc}
1000284c:	20000738 	.word	0x20000738
10002850:	20000748 	.word	0x20000748

10002854 <sleep_until_callback>:
10002854:	bf40      	sev
10002856:	2000      	movs	r0, #0
10002858:	2100      	movs	r1, #0
1000285a:	4770      	bx	lr

1000285c <alarm_pool_irq_handler>:
1000285c:	e92d 4ff0 	stmdb	sp!, {r4, r5, r6, r7, r8, r9, sl, fp, lr}
10002860:	b085      	sub	sp, #20
10002862:	f3ef 8305 	mrs	r3, IPSR
10002866:	b2db      	uxtb	r3, r3
10002868:	3b10      	subs	r3, #16
1000286a:	089a      	lsrs	r2, r3, #2
1000286c:	bf1a      	itte	ne
1000286e:	2201      	movne	r2, #1
10002870:	4999      	ldrne	r1, [pc, #612]	@ (10002ad8 <alarm_pool_irq_handler+0x27c>)
10002872:	499a      	ldreq	r1, [pc, #616]	@ (10002adc <alarm_pool_irq_handler+0x280>)
10002874:	f003 0a03 	and.w	sl, r3, #3
10002878:	9100      	str	r1, [sp, #0]
1000287a:	2101      	movs	r1, #1
1000287c:	4b98      	ldr	r3, [pc, #608]	@ (10002ae0 <alarm_pool_irq_handler+0x284>)
1000287e:	eb0a 0282 	add.w	r2, sl, r2, lsl #2
10002882:	f853 4022 	ldr.w	r4, [r3, r2, lsl #2]
10002886:	9b00      	ldr	r3, [sp, #0]
10002888:	fa01 f20a 	lsl.w	r2, r1, sl
1000288c:	f503 5341 	add.w	r3, r3, #12352	@ 0x3040
10002890:	f104 0b08 	add.w	fp, r4, #8
10002894:	9201      	str	r2, [sp, #4]
10002896:	605a      	str	r2, [r3, #4]
10002898:	f9b4 6008 	ldrsh.w	r6, [r4, #8]
1000289c:	e9dd 0300 	ldrd	r0, r3, [sp]
100028a0:	2e00      	cmp	r6, #0
100028a2:	63c3      	str	r3, [r0, #60]	@ 0x3c
100028a4:	da72      	bge.n	1000298c <alarm_pool_irq_handler+0x130>
100028a6:	88a3      	ldrh	r3, [r4, #4]
100028a8:	041b      	lsls	r3, r3, #16
100028aa:	f100 811b 	bmi.w	10002ae4 <alarm_pool_irq_handler+0x288>
100028ae:	6923      	ldr	r3, [r4, #16]
100028b0:	f3ef 8210 	mrs	r2, PRIMASK
100028b4:	b672      	cpsid	i
100028b6:	e8d3 0fcf 	ldaexb	r0, [r3]
100028ba:	2101      	movs	r1, #1
100028bc:	2800      	cmp	r0, #0
100028be:	d1fa      	bne.n	100028b6 <alarm_pool_irq_handler+0x5a>
100028c0:	e8c3 1f40 	strexb	r0, r1, [r3]
100028c4:	2800      	cmp	r0, #0
100028c6:	d1f6      	bne.n	100028b6 <alarm_pool_irq_handler+0x5a>
100028c8:	f3bf 8f5f 	dmb	sy
100028cc:	f64f 76ff 	movw	r6, #65535	@ 0xffff
100028d0:	88a0      	ldrh	r0, [r4, #4]
100028d2:	2100      	movs	r1, #0
100028d4:	6923      	ldr	r3, [r4, #16]
100028d6:	b200      	sxth	r0, r0
100028d8:	80a6      	strh	r6, [r4, #4]
100028da:	e8c3 1f8f 	stlb	r1, [r3]
100028de:	f382 8810 	msr	PRIMASK, r2
100028e2:	4288      	cmp	r0, r1
100028e4:	db28      	blt.n	10002938 <alarm_pool_irq_handler+0xdc>
100028e6:	46a6      	mov	lr, r4
100028e8:	4605      	mov	r5, r0
100028ea:	6967      	ldr	r7, [r4, #20]
100028ec:	f9be 3008 	ldrsh.w	r3, [lr, #8]
100028f0:	eb05 0645 	add.w	r6, r5, r5, lsl #1
100028f4:	2b00      	cmp	r3, #0
100028f6:	46dc      	mov	ip, fp
100028f8:	eb07 02c6 	add.w	r2, r7, r6, lsl #3
100028fc:	db13      	blt.n	10002926 <alarm_pool_irq_handler+0xca>
100028fe:	e9d2 4002 	ldrd	r4, r0, [r2, #8]
10002902:	46a9      	mov	r9, r5
10002904:	e004      	b.n	10002910 <alarm_pool_irq_handler+0xb4>
10002906:	f937 3038 	ldrsh.w	r3, [r7, r8, lsl #3]
1000290a:	4694      	mov	ip, r2
1000290c:	2b00      	cmp	r3, #0
1000290e:	db09      	blt.n	10002924 <alarm_pool_irq_handler+0xc8>
10002910:	eb03 0843 	add.w	r8, r3, r3, lsl #1
10002914:	eb07 02c8 	add.w	r2, r7, r8, lsl #3
10002918:	e9d2 5102 	ldrd	r5, r1, [r2, #8]
1000291c:	42ac      	cmp	r4, r5
1000291e:	eb70 0101 	sbcs.w	r1, r0, r1
10002922:	daf0      	bge.n	10002906 <alarm_pool_irq_handler+0xaa>
10002924:	464d      	mov	r5, r9
10002926:	f8ac 5000 	strh.w	r5, [ip]
1000292a:	f937 5036 	ldrsh.w	r5, [r7, r6, lsl #3]
1000292e:	f827 3036 	strh.w	r3, [r7, r6, lsl #3]
10002932:	2d00      	cmp	r5, #0
10002934:	dada      	bge.n	100028ec <alarm_pool_irq_handler+0x90>
10002936:	4674      	mov	r4, lr
10002938:	f9b4 3008 	ldrsh.w	r3, [r4, #8]
1000293c:	2b00      	cmp	r3, #0
1000293e:	f2c0 811b 	blt.w	10002b78 <alarm_pool_irq_handler+0x31c>
10002942:	6962      	ldr	r2, [r4, #20]
10002944:	9d00      	ldr	r5, [sp, #0]
10002946:	eb03 0343 	add.w	r3, r3, r3, lsl #1
1000294a:	eb02 03c3 	add.w	r3, r2, r3, lsl #3
1000294e:	eb05 008a 	add.w	r0, r5, sl, lsl #2
10002952:	6aa9      	ldr	r1, [r5, #40]	@ 0x28
10002954:	689e      	ldr	r6, [r3, #8]
10002956:	6902      	ldr	r2, [r0, #16]
10002958:	eba6 0c01 	sub.w	ip, r6, r1
1000295c:	1a52      	subs	r2, r2, r1
1000295e:	4594      	cmp	ip, r2
10002960:	68df      	ldr	r7, [r3, #12]
10002962:	d305      	bcc.n	10002970 <alarm_pool_irq_handler+0x114>
10002964:	2301      	movs	r3, #1
10002966:	6a2a      	ldr	r2, [r5, #32]
10002968:	fa03 f30a 	lsl.w	r3, r3, sl
1000296c:	4213      	tst	r3, r2
1000296e:	d100      	bne.n	10002972 <alarm_pool_irq_handler+0x116>
10002970:	6106      	str	r6, [r0, #16]
10002972:	79a3      	ldrb	r3, [r4, #6]
10002974:	2b00      	cmp	r3, #0
10002976:	d149      	bne.n	10002a0c <alarm_pool_irq_handler+0x1b0>
10002978:	9800      	ldr	r0, [sp, #0]
1000297a:	f000 fab9 	bl	10002ef0 <timer_time_us_64>
1000297e:	42b0      	cmp	r0, r6
10002980:	41b9      	sbcs	r1, r7
10002982:	da89      	bge.n	10002898 <alarm_pool_irq_handler+0x3c>
10002984:	bf40      	sev
10002986:	b005      	add	sp, #20
10002988:	e8bd 8ff0 	ldmia.w	sp!, {r4, r5, r6, r7, r8, r9, sl, fp, pc}
1000298c:	f8d4 9014 	ldr.w	r9, [r4, #20]
10002990:	eb06 0846 	add.w	r8, r6, r6, lsl #1
10002994:	eb09 07c8 	add.w	r7, r9, r8, lsl #3
10002998:	68bb      	ldr	r3, [r7, #8]
1000299a:	68fd      	ldr	r5, [r7, #12]
1000299c:	9302      	str	r3, [sp, #8]
1000299e:	f000 faa7 	bl	10002ef0 <timer_time_us_64>
100029a2:	9b02      	ldr	r3, [sp, #8]
100029a4:	4298      	cmp	r0, r3
100029a6:	41a9      	sbcs	r1, r5
100029a8:	db2b      	blt.n	10002a02 <alarm_pool_irq_handler+0x1a6>
100029aa:	e9d7 3104 	ldrd	r3, r1, [r7, #16]
100029ae:	2b02      	cmp	r3, #2
100029b0:	d06b      	beq.n	10002a8a <alarm_pool_irq_handler+0x22e>
100029b2:	887a      	ldrh	r2, [r7, #2]
100029b4:	f9b4 0008 	ldrsh.w	r0, [r4, #8]
100029b8:	b292      	uxth	r2, r2
100029ba:	ea42 4000 	orr.w	r0, r2, r0, lsl #16
100029be:	4798      	blx	r3
100029c0:	4602      	mov	r2, r0
100029c2:	460b      	mov	r3, r1
100029c4:	ea52 0103 	orrs.w	r1, r2, r3
100029c8:	d065      	beq.n	10002a96 <alarm_pool_irq_handler+0x23a>
100029ca:	2b00      	cmp	r3, #0
100029cc:	f280 80aa 	bge.w	10002b24 <alarm_pool_irq_handler+0x2c8>
100029d0:	9902      	ldr	r1, [sp, #8]
100029d2:	ebb1 0c02 	subs.w	ip, r1, r2
100029d6:	eb65 0e03 	sbc.w	lr, r5, r3
100029da:	f939 3038 	ldrsh.w	r3, [r9, r8, lsl #3]
100029de:	e9c7 ce02 	strd	ip, lr, [r7, #8]
100029e2:	2b00      	cmp	r3, #0
100029e4:	db0d      	blt.n	10002a02 <alarm_pool_irq_handler+0x1a6>
100029e6:	6960      	ldr	r0, [r4, #20]
100029e8:	eb03 0243 	add.w	r2, r3, r3, lsl #1
100029ec:	eb00 02c2 	add.w	r2, r0, r2, lsl #3
100029f0:	e9d2 7102 	ldrd	r7, r1, [r2, #8]
100029f4:	45bc      	cmp	ip, r7
100029f6:	eb7e 0501 	sbcs.w	r5, lr, r1
100029fa:	ea4f 0243 	mov.w	r2, r3, lsl #1
100029fe:	f280 809d 	bge.w	10002b3c <alarm_pool_irq_handler+0x2e0>
10002a02:	88a3      	ldrh	r3, [r4, #4]
10002a04:	0418      	lsls	r0, r3, #16
10002a06:	f57f af52 	bpl.w	100028ae <alarm_pool_irq_handler+0x52>
10002a0a:	e795      	b.n	10002938 <alarm_pool_irq_handler+0xdc>
10002a0c:	f04f 0800 	mov.w	r8, #0
10002a10:	f884 8006 	strb.w	r8, [r4, #6]
10002a14:	f9b4 3008 	ldrsh.w	r3, [r4, #8]
10002a18:	1c59      	adds	r1, r3, #1
10002a1a:	d0ad      	beq.n	10002978 <alarm_pool_irq_handler+0x11c>
10002a1c:	46dc      	mov	ip, fp
10002a1e:	f8cd a008 	str.w	sl, [sp, #8]
10002a22:	e002      	b.n	10002a2a <alarm_pool_irq_handler+0x1ce>
10002a24:	1c5a      	adds	r2, r3, #1
10002a26:	46ac      	mov	ip, r5
10002a28:	d02c      	beq.n	10002a84 <alarm_pool_irq_handler+0x228>
10002a2a:	6962      	ldr	r2, [r4, #20]
10002a2c:	eb03 0143 	add.w	r1, r3, r3, lsl #1
10002a30:	eb02 05c1 	add.w	r5, r2, r1, lsl #3
10002a34:	f8b5 e002 	ldrh.w	lr, [r5, #2]
10002a38:	4618      	mov	r0, r3
10002a3a:	f41e 4f00 	tst.w	lr, #32768	@ 0x8000
10002a3e:	f932 3031 	ldrsh.w	r3, [r2, r1, lsl #3]
10002a42:	d0ef      	beq.n	10002a24 <alarm_pool_irq_handler+0x1c8>
10002a44:	6925      	ldr	r5, [r4, #16]
10002a46:	f8ac 3000 	strh.w	r3, [ip]
10002a4a:	f3ef 8e10 	mrs	lr, PRIMASK
10002a4e:	b672      	cpsid	i
10002a50:	e8d5 afcf 	ldaexb	sl, [r5]
10002a54:	f05f 0901 	movs.w	r9, #1
10002a58:	f1ba 0f00 	cmp.w	sl, #0
10002a5c:	d1f8      	bne.n	10002a50 <alarm_pool_irq_handler+0x1f4>
10002a5e:	e8c5 9f4a 	strexb	sl, r9, [r5]
10002a62:	f1ba 0f00 	cmp.w	sl, #0
10002a66:	d1f3      	bne.n	10002a50 <alarm_pool_irq_handler+0x1f4>
10002a68:	f3bf 8f5f 	dmb	sy
10002a6c:	f8b4 9002 	ldrh.w	r9, [r4, #2]
10002a70:	6925      	ldr	r5, [r4, #16]
10002a72:	f822 9031 	strh.w	r9, [r2, r1, lsl #3]
10002a76:	8060      	strh	r0, [r4, #2]
10002a78:	e8c5 8f8f 	stlb	r8, [r5]
10002a7c:	f38e 8810 	msr	PRIMASK, lr
10002a80:	1c5a      	adds	r2, r3, #1
10002a82:	d1d2      	bne.n	10002a2a <alarm_pool_irq_handler+0x1ce>
10002a84:	f8dd a008 	ldr.w	sl, [sp, #8]
10002a88:	e776      	b.n	10002978 <alarm_pool_irq_handler+0x11c>
10002a8a:	4608      	mov	r0, r1
10002a8c:	690b      	ldr	r3, [r1, #16]
10002a8e:	9103      	str	r1, [sp, #12]
10002a90:	4798      	blx	r3
10002a92:	2800      	cmp	r0, #0
10002a94:	d139      	bne.n	10002b0a <alarm_pool_irq_handler+0x2ae>
10002a96:	f839 3038 	ldrh.w	r3, [r9, r8, lsl #3]
10002a9a:	8123      	strh	r3, [r4, #8]
10002a9c:	6923      	ldr	r3, [r4, #16]
10002a9e:	f3ef 8210 	mrs	r2, PRIMASK
10002aa2:	b672      	cpsid	i
10002aa4:	e8d3 0fcf 	ldaexb	r0, [r3]
10002aa8:	2101      	movs	r1, #1
10002aaa:	2800      	cmp	r0, #0
10002aac:	d1fa      	bne.n	10002aa4 <alarm_pool_irq_handler+0x248>
10002aae:	e8c3 1f40 	strexb	r0, r1, [r3]
10002ab2:	2800      	cmp	r0, #0
10002ab4:	d1f6      	bne.n	10002aa4 <alarm_pool_irq_handler+0x248>
10002ab6:	f3bf 8f5f 	dmb	sy
10002aba:	8863      	ldrh	r3, [r4, #2]
10002abc:	6921      	ldr	r1, [r4, #16]
10002abe:	f829 3038 	strh.w	r3, [r9, r8, lsl #3]
10002ac2:	2300      	movs	r3, #0
10002ac4:	8066      	strh	r6, [r4, #2]
10002ac6:	e8c1 3f8f 	stlb	r3, [r1]
10002aca:	f382 8810 	msr	PRIMASK, r2
10002ace:	88a3      	ldrh	r3, [r4, #4]
10002ad0:	0418      	lsls	r0, r3, #16
10002ad2:	f57f aeec 	bpl.w	100028ae <alarm_pool_irq_handler+0x52>
10002ad6:	e72f      	b.n	10002938 <alarm_pool_irq_handler+0xdc>
10002ad8:	400b8000 	.word	0x400b8000
10002adc:	400b0000 	.word	0x400b0000
10002ae0:	2001a7fc 	.word	0x2001a7fc
10002ae4:	4604      	mov	r4, r0
10002ae6:	4620      	mov	r0, r4
10002ae8:	f000 fa02 	bl	10002ef0 <timer_time_us_64>
10002aec:	f100 4200 	add.w	r2, r0, #2147483648	@ 0x80000000
10002af0:	eb04 008a 	add.w	r0, r4, sl, lsl #2
10002af4:	6aa3      	ldr	r3, [r4, #40]	@ 0x28
10002af6:	6901      	ldr	r1, [r0, #16]
10002af8:	1ac9      	subs	r1, r1, r3
10002afa:	1ad3      	subs	r3, r2, r3
10002afc:	428b      	cmp	r3, r1
10002afe:	d208      	bcs.n	10002b12 <alarm_pool_irq_handler+0x2b6>
10002b00:	6102      	str	r2, [r0, #16]
10002b02:	bf40      	sev
10002b04:	b005      	add	sp, #20
10002b06:	e8bd 8ff0 	ldmia.w	sp!, {r4, r5, r6, r7, r8, r9, sl, fp, pc}
10002b0a:	9903      	ldr	r1, [sp, #12]
10002b0c:	e9d1 2300 	ldrd	r2, r3, [r1]
10002b10:	e758      	b.n	100029c4 <alarm_pool_irq_handler+0x168>
10002b12:	2301      	movs	r3, #1
10002b14:	6a21      	ldr	r1, [r4, #32]
10002b16:	fa03 f30a 	lsl.w	r3, r3, sl
10002b1a:	420b      	tst	r3, r1
10002b1c:	f47f af32 	bne.w	10002984 <alarm_pool_irq_handler+0x128>
10002b20:	6102      	str	r2, [r0, #16]
10002b22:	e7ee      	b.n	10002b02 <alarm_pool_irq_handler+0x2a6>
10002b24:	9800      	ldr	r0, [sp, #0]
10002b26:	e9cd 2302 	strd	r2, r3, [sp, #8]
10002b2a:	f000 f9e1 	bl	10002ef0 <timer_time_us_64>
10002b2e:	9a02      	ldr	r2, [sp, #8]
10002b30:	9b03      	ldr	r3, [sp, #12]
10002b32:	eb10 0c02 	adds.w	ip, r0, r2
10002b36:	eb43 0e01 	adc.w	lr, r3, r1
10002b3a:	e74e      	b.n	100029da <alarm_pool_irq_handler+0x17e>
10002b3c:	4625      	mov	r5, r4
10002b3e:	f825 3f08 	strh.w	r3, [r5, #8]!
10002b42:	e006      	b.n	10002b52 <alarm_pool_irq_handler+0x2f6>
10002b44:	eb03 0243 	add.w	r2, r3, r3, lsl #1
10002b48:	eb00 02c2 	add.w	r2, r0, r2, lsl #3
10002b4c:	e9d2 7102 	ldrd	r7, r1, [r2, #8]
10002b50:	005a      	lsls	r2, r3, #1
10002b52:	45bc      	cmp	ip, r7
10002b54:	eb7e 0101 	sbcs.w	r1, lr, r1
10002b58:	441a      	add	r2, r3
10002b5a:	db05      	blt.n	10002b68 <alarm_pool_irq_handler+0x30c>
10002b5c:	f930 3032 	ldrsh.w	r3, [r0, r2, lsl #3]
10002b60:	eb00 05c2 	add.w	r5, r0, r2, lsl #3
10002b64:	2b00      	cmp	r3, #0
10002b66:	daed      	bge.n	10002b44 <alarm_pool_irq_handler+0x2e8>
10002b68:	f829 3038 	strh.w	r3, [r9, r8, lsl #3]
10002b6c:	802e      	strh	r6, [r5, #0]
10002b6e:	88a3      	ldrh	r3, [r4, #4]
10002b70:	0418      	lsls	r0, r3, #16
10002b72:	f57f ae9c 	bpl.w	100028ae <alarm_pool_irq_handler+0x52>
10002b76:	e6df      	b.n	10002938 <alarm_pool_irq_handler+0xdc>
10002b78:	9c00      	ldr	r4, [sp, #0]
10002b7a:	e7b4      	b.n	10002ae6 <alarm_pool_irq_handler+0x28a>

10002b7c <runtime_init_default_alarm_pool>:
10002b7c:	b538      	push	{r3, r4, r5, lr}
10002b7e:	4b33      	ldr	r3, [pc, #204]	@ (10002c4c <runtime_init_default_alarm_pool+0xd0>)
10002b80:	691c      	ldr	r4, [r3, #16]
10002b82:	b104      	cbz	r4, 10002b86 <runtime_init_default_alarm_pool+0xa>
10002b84:	bd38      	pop	{r3, r4, r5, pc}
10002b86:	2103      	movs	r1, #3
10002b88:	4831      	ldr	r0, [pc, #196]	@ (10002c50 <runtime_init_default_alarm_pool+0xd4>)
10002b8a:	f000 f99f 	bl	10002ecc <timer_hardware_alarm_claim>
10002b8e:	4d30      	ldr	r5, [pc, #192]	@ (10002c50 <runtime_init_default_alarm_pool+0xd4>)
10002b90:	4b2e      	ldr	r3, [pc, #184]	@ (10002c4c <runtime_init_default_alarm_pool+0xd0>)
10002b92:	60dd      	str	r5, [r3, #12]
10002b94:	f7ff fb72 	bl	1000227c <next_striped_spin_lock_num>
10002b98:	4a2e      	ldr	r2, [pc, #184]	@ (10002c54 <runtime_init_default_alarm_pool+0xd8>)
10002b9a:	f04f 4e50 	mov.w	lr, #3489660928	@ 0xd0000000
10002b9e:	4402      	add	r2, r0
10002ba0:	2003      	movs	r0, #3
10002ba2:	4b2a      	ldr	r3, [pc, #168]	@ (10002c4c <runtime_init_default_alarm_pool+0xd0>)
10002ba4:	f04f 0c0f 	mov.w	ip, #15
10002ba8:	7018      	strb	r0, [r3, #0]
10002baa:	611a      	str	r2, [r3, #16]
10002bac:	f8de 2000 	ldr.w	r2, [lr]
10002bb0:	f64f 71ff 	movw	r1, #65535	@ 0xffff
10002bb4:	705a      	strb	r2, [r3, #1]
10002bb6:	695a      	ldr	r2, [r3, #20]
10002bb8:	f8a3 c002 	strh.w	ip, [r3, #2]
10002bbc:	8314      	strh	r4, [r2, #24]
10002bbe:	f04f 0402 	mov.w	r4, #2
10002bc2:	f8a2 4048 	strh.w	r4, [r2, #72]	@ 0x48
10002bc6:	f04f 0404 	mov.w	r4, #4
10002bca:	f8a2 4078 	strh.w	r4, [r2, #120]	@ 0x78
10002bce:	f04f 0405 	mov.w	r4, #5
10002bd2:	f8a2 4090 	strh.w	r4, [r2, #144]	@ 0x90
10002bd6:	f04f 0406 	mov.w	r4, #6
10002bda:	f8a2 40a8 	strh.w	r4, [r2, #168]	@ 0xa8
10002bde:	f04f 0407 	mov.w	r4, #7
10002be2:	f8a2 40c0 	strh.w	r4, [r2, #192]	@ 0xc0
10002be6:	f04f 0409 	mov.w	r4, #9
10002bea:	f8a2 40f0 	strh.w	r4, [r2, #240]	@ 0xf0
10002bee:	f04f 040a 	mov.w	r4, #10
10002bf2:	f8a2 4108 	strh.w	r4, [r2, #264]	@ 0x108
10002bf6:	f04f 040b 	mov.w	r4, #11
10002bfa:	f8a2 4120 	strh.w	r4, [r2, #288]	@ 0x120
10002bfe:	f04f 040c 	mov.w	r4, #12
10002c02:	f8a2 4138 	strh.w	r4, [r2, #312]	@ 0x138
10002c06:	f04f 0401 	mov.w	r4, #1
10002c0a:	8614      	strh	r4, [r2, #48]	@ 0x30
10002c0c:	f04f 0408 	mov.w	r4, #8
10002c10:	f8a2 40d8 	strh.w	r4, [r2, #216]	@ 0xd8
10002c14:	4c10      	ldr	r4, [pc, #64]	@ (10002c58 <runtime_init_default_alarm_pool+0xdc>)
10002c16:	f04f 0e0d 	mov.w	lr, #13
10002c1a:	f04f 0c0e 	mov.w	ip, #14
10002c1e:	609c      	str	r4, [r3, #8]
10002c20:	2408      	movs	r4, #8
10002c22:	8099      	strh	r1, [r3, #4]
10002c24:	f8a2 e150 	strh.w	lr, [r2, #336]	@ 0x150
10002c28:	f8a2 c168 	strh.w	ip, [r2, #360]	@ 0x168
10002c2c:	f8a2 0060 	strh.w	r0, [r2, #96]	@ 0x60
10002c30:	8011      	strh	r1, [r2, #0]
10002c32:	4a0a      	ldr	r2, [pc, #40]	@ (10002c5c <runtime_init_default_alarm_pool+0xe0>)
10002c34:	490a      	ldr	r1, [pc, #40]	@ (10002c60 <runtime_init_default_alarm_pool+0xe4>)
10002c36:	622c      	str	r4, [r5, #32]
10002c38:	60d3      	str	r3, [r2, #12]
10002c3a:	f7ff fb85 	bl	10002348 <irq_set_exclusive_handler>
10002c3e:	2101      	movs	r1, #1
10002c40:	2003      	movs	r0, #3
10002c42:	f7ff fb5b 	bl	100022fc <irq_set_enabled>
10002c46:	4b07      	ldr	r3, [pc, #28]	@ (10002c64 <runtime_init_default_alarm_pool+0xe8>)
10002c48:	641c      	str	r4, [r3, #64]	@ 0x40
10002c4a:	bd38      	pop	{r3, r4, r5, pc}
10002c4c:	20000708 	.word	0x20000708
10002c50:	400b0000 	.word	0x400b0000
10002c54:	20000a00 	.word	0x20000a00
10002c58:	0010ffff 	.word	0x0010ffff
10002c5c:	2001a7fc 	.word	0x2001a7fc
10002c60:	1000285d 	.word	0x1000285d
10002c64:	400b2000 	.word	0x400b2000

10002c68 <alarm_pool_add_alarm_at_force_in_context>:
10002c68:	b5f0      	push	{r4, r5, r6, r7, lr}
10002c6a:	4616      	mov	r6, r2
10002c6c:	461f      	mov	r7, r3
10002c6e:	6902      	ldr	r2, [r0, #16]
10002c70:	4603      	mov	r3, r0
10002c72:	f3ef 8010 	mrs	r0, PRIMASK
10002c76:	b672      	cpsid	i
10002c78:	e8d2 4fcf 	ldaexb	r4, [r2]
10002c7c:	2101      	movs	r1, #1
10002c7e:	2c00      	cmp	r4, #0
10002c80:	d1fa      	bne.n	10002c78 <alarm_pool_add_alarm_at_force_in_context+0x10>
10002c82:	e8c2 1f44 	strexb	r4, r1, [r2]
10002c86:	2c00      	cmp	r4, #0
10002c88:	d1f6      	bne.n	10002c78 <alarm_pool_add_alarm_at_force_in_context+0x10>
10002c8a:	f3bf 8f5f 	dmb	sy
10002c8e:	f9b3 1002 	ldrsh.w	r1, [r3, #2]
10002c92:	691d      	ldr	r5, [r3, #16]
10002c94:	2900      	cmp	r1, #0
10002c96:	db45      	blt.n	10002d24 <alarm_pool_add_alarm_at_force_in_context+0xbc>
10002c98:	f8d3 e014 	ldr.w	lr, [r3, #20]
10002c9c:	eb01 0241 	add.w	r2, r1, r1, lsl #1
10002ca0:	f83e 4032 	ldrh.w	r4, [lr, r2, lsl #3]
10002ca4:	eb0e 0cc2 	add.w	ip, lr, r2, lsl #3
10002ca8:	805c      	strh	r4, [r3, #2]
10002caa:	2400      	movs	r4, #0
10002cac:	e8c5 4f8f 	stlb	r4, [r5]
10002cb0:	f380 8810 	msr	PRIMASK, r0
10002cb4:	9805      	ldr	r0, [sp, #20]
10002cb6:	4635      	mov	r5, r6
10002cb8:	f8cc 0010 	str.w	r0, [ip, #16]
10002cbc:	9806      	ldr	r0, [sp, #24]
10002cbe:	463e      	mov	r6, r7
10002cc0:	f8cc 0014 	str.w	r0, [ip, #20]
10002cc4:	f8bc 0002 	ldrh.w	r0, [ip, #2]
10002cc8:	e9cc 5602 	strd	r5, r6, [ip, #8]
10002ccc:	3001      	adds	r0, #1
10002cce:	f3c0 000e 	ubfx	r0, r0, #0, #15
10002cd2:	2801      	cmp	r0, #1
10002cd4:	bf38      	it	cc
10002cd6:	2001      	movcc	r0, #1
10002cd8:	f8ac 0002 	strh.w	r0, [ip, #2]
10002cdc:	ea40 4001 	orr.w	r0, r0, r1, lsl #16
10002ce0:	f8d3 c010 	ldr.w	ip, [r3, #16]
10002ce4:	f3ef 8510 	mrs	r5, PRIMASK
10002ce8:	b672      	cpsid	i
10002cea:	e8dc 7fcf 	ldaexb	r7, [ip]
10002cee:	2601      	movs	r6, #1
10002cf0:	2f00      	cmp	r7, #0
10002cf2:	d1fa      	bne.n	10002cea <alarm_pool_add_alarm_at_force_in_context+0x82>
10002cf4:	e8cc 6f47 	strexb	r7, r6, [ip]
10002cf8:	2f00      	cmp	r7, #0
10002cfa:	d1f6      	bne.n	10002cea <alarm_pool_add_alarm_at_force_in_context+0x82>
10002cfc:	f3bf 8f5f 	dmb	sy
10002d00:	f8b3 c004 	ldrh.w	ip, [r3, #4]
10002d04:	f82e c032 	strh.w	ip, [lr, r2, lsl #3]
10002d08:	8099      	strh	r1, [r3, #4]
10002d0a:	691a      	ldr	r2, [r3, #16]
10002d0c:	e8c2 4f8f 	stlb	r4, [r2]
10002d10:	f385 8810 	msr	PRIMASK, r5
10002d14:	2101      	movs	r1, #1
10002d16:	781c      	ldrb	r4, [r3, #0]
10002d18:	68da      	ldr	r2, [r3, #12]
10002d1a:	40a1      	lsls	r1, r4
10002d1c:	f502 5301 	add.w	r3, r2, #8256	@ 0x2040
10002d20:	6059      	str	r1, [r3, #4]
10002d22:	bdf0      	pop	{r4, r5, r6, r7, pc}
10002d24:	2300      	movs	r3, #0
10002d26:	e8c5 3f8f 	stlb	r3, [r5]
10002d2a:	f380 8810 	msr	PRIMASK, r0
10002d2e:	f04f 30ff 	mov.w	r0, #4294967295	@ 0xffffffff
10002d32:	bdf0      	pop	{r4, r5, r6, r7, pc}

10002d34 <alarm_pool_cancel_alarm>:
10002d34:	4603      	mov	r3, r0
10002d36:	8940      	ldrh	r0, [r0, #10]
10002d38:	ebb0 4f21 	cmp.w	r0, r1, asr #16
10002d3c:	dd3a      	ble.n	10002db4 <alarm_pool_cancel_alarm+0x80>
10002d3e:	6958      	ldr	r0, [r3, #20]
10002d40:	140a      	asrs	r2, r1, #16
10002d42:	eb02 0242 	add.w	r2, r2, r2, lsl #1
10002d46:	b510      	push	{r4, lr}
10002d48:	f8d3 c010 	ldr.w	ip, [r3, #16]
10002d4c:	eb00 00c2 	add.w	r0, r0, r2, lsl #3
10002d50:	f3ef 8e10 	mrs	lr, PRIMASK
10002d54:	b672      	cpsid	i
10002d56:	e8dc 4fcf 	ldaexb	r4, [ip]
10002d5a:	2201      	movs	r2, #1
10002d5c:	2c00      	cmp	r4, #0
10002d5e:	d1fa      	bne.n	10002d56 <alarm_pool_cancel_alarm+0x22>
10002d60:	e8cc 2f44 	strexb	r4, r2, [ip]
10002d64:	2c00      	cmp	r4, #0
10002d66:	d1f6      	bne.n	10002d56 <alarm_pool_cancel_alarm+0x22>
10002d68:	f3bf 8f5f 	dmb	sy
10002d6c:	8842      	ldrh	r2, [r0, #2]
10002d6e:	b289      	uxth	r1, r1
10002d70:	b292      	uxth	r2, r2
10002d72:	428a      	cmp	r2, r1
10002d74:	d007      	beq.n	10002d86 <alarm_pool_cancel_alarm+0x52>
10002d76:	2200      	movs	r2, #0
10002d78:	691b      	ldr	r3, [r3, #16]
10002d7a:	e8c3 2f8f 	stlb	r2, [r3]
10002d7e:	f38e 8810 	msr	PRIMASK, lr
10002d82:	2000      	movs	r0, #0
10002d84:	bd10      	pop	{r4, pc}
10002d86:	ea6f 4242 	mvn.w	r2, r2, lsl #17
10002d8a:	ea6f 4252 	mvn.w	r2, r2, lsr #17
10002d8e:	8042      	strh	r2, [r0, #2]
10002d90:	2101      	movs	r1, #1
10002d92:	2200      	movs	r2, #0
10002d94:	6918      	ldr	r0, [r3, #16]
10002d96:	7199      	strb	r1, [r3, #6]
10002d98:	e8c0 2f8f 	stlb	r2, [r0]
10002d9c:	f38e 8810 	msr	PRIMASK, lr
10002da0:	f893 c000 	ldrb.w	ip, [r3]
10002da4:	68da      	ldr	r2, [r3, #12]
10002da6:	4608      	mov	r0, r1
10002da8:	f502 5301 	add.w	r3, r2, #8256	@ 0x2040
10002dac:	fa01 f10c 	lsl.w	r1, r1, ip
10002db0:	6059      	str	r1, [r3, #4]
10002db2:	bd10      	pop	{r4, pc}
10002db4:	2000      	movs	r0, #0
10002db6:	4770      	bx	lr

10002db8 <best_effort_wfe_or_timeout>:
10002db8:	f3ef 8205 	mrs	r2, IPSR
10002dbc:	b2d2      	uxtb	r2, r2
10002dbe:	b17a      	cbz	r2, 10002de0 <best_effort_wfe_or_timeout+0x28>
10002dc0:	4a3f      	ldr	r2, [pc, #252]	@ (10002ec0 <best_effort_wfe_or_timeout+0x108>)
10002dc2:	6a53      	ldr	r3, [r2, #36]	@ 0x24
10002dc4:	428b      	cmp	r3, r1
10002dc6:	d309      	bcc.n	10002ddc <best_effort_wfe_or_timeout+0x24>
10002dc8:	bf14      	ite	ne
10002dca:	2301      	movne	r3, #1
10002dcc:	2300      	moveq	r3, #0
10002dce:	6a92      	ldr	r2, [r2, #40]	@ 0x28
10002dd0:	4282      	cmp	r2, r0
10002dd2:	bf34      	ite	cc
10002dd4:	4618      	movcc	r0, r3
10002dd6:	f043 0001 	orrcs.w	r0, r3, #1
10002dda:	4770      	bx	lr
10002ddc:	2000      	movs	r0, #0
10002dde:	4770      	bx	lr
10002de0:	b570      	push	{r4, r5, r6, lr}
10002de2:	4b38      	ldr	r3, [pc, #224]	@ (10002ec4 <best_effort_wfe_or_timeout+0x10c>)
10002de4:	b084      	sub	sp, #16
10002de6:	68dd      	ldr	r5, [r3, #12]
10002de8:	4606      	mov	r6, r0
10002dea:	4628      	mov	r0, r5
10002dec:	781c      	ldrb	r4, [r3, #0]
10002dee:	e9cd 1202 	strd	r1, r2, [sp, #8]
10002df2:	f000 f87d 	bl	10002ef0 <timer_time_us_64>
10002df6:	f104 0c04 	add.w	ip, r4, #4
10002dfa:	f855 c02c 	ldr.w	ip, [r5, ip, lsl #2]
10002dfe:	9b02      	ldr	r3, [sp, #8]
10002e00:	ebac 0c00 	sub.w	ip, ip, r0
10002e04:	1a30      	subs	r0, r6, r0
10002e06:	eb63 0101 	sbc.w	r1, r3, r1
10002e0a:	4560      	cmp	r0, ip
10002e0c:	f171 0100 	sbcs.w	r1, r1, #0
10002e10:	9a03      	ldr	r2, [sp, #12]
10002e12:	db1a      	blt.n	10002e4a <best_effort_wfe_or_timeout+0x92>
10002e14:	4a2a      	ldr	r2, [pc, #168]	@ (10002ec0 <best_effort_wfe_or_timeout+0x108>)
10002e16:	6a51      	ldr	r1, [r2, #36]	@ 0x24
10002e18:	4299      	cmp	r1, r3
10002e1a:	d307      	bcc.n	10002e2c <best_effort_wfe_or_timeout+0x74>
10002e1c:	6a92      	ldr	r2, [r2, #40]	@ 0x28
10002e1e:	42b2      	cmp	r2, r6
10002e20:	d201      	bcs.n	10002e26 <best_effort_wfe_or_timeout+0x6e>
10002e22:	4299      	cmp	r1, r3
10002e24:	d002      	beq.n	10002e2c <best_effort_wfe_or_timeout+0x74>
10002e26:	2001      	movs	r0, #1
10002e28:	b004      	add	sp, #16
10002e2a:	bd70      	pop	{r4, r5, r6, pc}
10002e2c:	bf20      	wfe
10002e2e:	4a24      	ldr	r2, [pc, #144]	@ (10002ec0 <best_effort_wfe_or_timeout+0x108>)
10002e30:	6a51      	ldr	r1, [r2, #36]	@ 0x24
10002e32:	4299      	cmp	r1, r3
10002e34:	d32d      	bcc.n	10002e92 <best_effort_wfe_or_timeout+0xda>
10002e36:	bf14      	ite	ne
10002e38:	2001      	movne	r0, #1
10002e3a:	2000      	moveq	r0, #0
10002e3c:	6a93      	ldr	r3, [r2, #40]	@ 0x28
10002e3e:	42b3      	cmp	r3, r6
10002e40:	bf28      	it	cs
10002e42:	f040 0001 	orrcs.w	r0, r0, #1
10002e46:	b004      	add	sp, #16
10002e48:	bd70      	pop	{r4, r5, r6, pc}
10002e4a:	e9cd 2302 	strd	r2, r3, [sp, #8]
10002e4e:	f000 f857 	bl	10002f00 <time_us_64>
10002e52:	9b03      	ldr	r3, [sp, #12]
10002e54:	4286      	cmp	r6, r0
10002e56:	eb63 0101 	sbc.w	r1, r3, r1
10002e5a:	2900      	cmp	r1, #0
10002e5c:	9a02      	ldr	r2, [sp, #8]
10002e5e:	db1b      	blt.n	10002e98 <best_effort_wfe_or_timeout+0xe0>
10002e60:	4919      	ldr	r1, [pc, #100]	@ (10002ec8 <best_effort_wfe_or_timeout+0x110>)
10002e62:	4818      	ldr	r0, [pc, #96]	@ (10002ec4 <best_effort_wfe_or_timeout+0x10c>)
10002e64:	e9cd 1200 	strd	r1, r2, [sp]
10002e68:	4632      	mov	r2, r6
10002e6a:	9302      	str	r3, [sp, #8]
10002e6c:	f7ff fefc 	bl	10002c68 <alarm_pool_add_alarm_at_force_in_context>
10002e70:	1e01      	subs	r1, r0, #0
10002e72:	9b02      	ldr	r3, [sp, #8]
10002e74:	dd10      	ble.n	10002e98 <best_effort_wfe_or_timeout+0xe0>
10002e76:	4a12      	ldr	r2, [pc, #72]	@ (10002ec0 <best_effort_wfe_or_timeout+0x108>)
10002e78:	6a50      	ldr	r0, [r2, #36]	@ 0x24
10002e7a:	4298      	cmp	r0, r3
10002e7c:	d219      	bcs.n	10002eb2 <best_effort_wfe_or_timeout+0xfa>
10002e7e:	bf20      	wfe
10002e80:	4810      	ldr	r0, [pc, #64]	@ (10002ec4 <best_effort_wfe_or_timeout+0x10c>)
10002e82:	9302      	str	r3, [sp, #8]
10002e84:	f7ff ff56 	bl	10002d34 <alarm_pool_cancel_alarm>
10002e88:	4a0d      	ldr	r2, [pc, #52]	@ (10002ec0 <best_effort_wfe_or_timeout+0x108>)
10002e8a:	9b02      	ldr	r3, [sp, #8]
10002e8c:	6a51      	ldr	r1, [r2, #36]	@ 0x24
10002e8e:	4299      	cmp	r1, r3
10002e90:	d2d1      	bcs.n	10002e36 <best_effort_wfe_or_timeout+0x7e>
10002e92:	2000      	movs	r0, #0
10002e94:	b004      	add	sp, #16
10002e96:	bd70      	pop	{r4, r5, r6, pc}
10002e98:	4a09      	ldr	r2, [pc, #36]	@ (10002ec0 <best_effort_wfe_or_timeout+0x108>)
10002e9a:	6a50      	ldr	r0, [r2, #36]	@ 0x24
10002e9c:	4298      	cmp	r0, r3
10002e9e:	d3f8      	bcc.n	10002e92 <best_effort_wfe_or_timeout+0xda>
10002ea0:	1ac0      	subs	r0, r0, r3
10002ea2:	bf18      	it	ne
10002ea4:	2001      	movne	r0, #1
10002ea6:	6a93      	ldr	r3, [r2, #40]	@ 0x28
10002ea8:	42b3      	cmp	r3, r6
10002eaa:	bf28      	it	cs
10002eac:	f040 0001 	orrcs.w	r0, r0, #1
10002eb0:	e7c9      	b.n	10002e46 <best_effort_wfe_or_timeout+0x8e>
10002eb2:	6a92      	ldr	r2, [r2, #40]	@ 0x28
10002eb4:	42b2      	cmp	r2, r6
10002eb6:	d2e3      	bcs.n	10002e80 <best_effort_wfe_or_timeout+0xc8>
10002eb8:	4298      	cmp	r0, r3
10002eba:	d1e1      	bne.n	10002e80 <best_effort_wfe_or_timeout+0xc8>
10002ebc:	e7df      	b.n	10002e7e <best_effort_wfe_or_timeout+0xc6>
10002ebe:	bf00      	nop
10002ec0:	400b0000 	.word	0x400b0000
10002ec4:	20000708 	.word	0x20000708
10002ec8:	10002855 	.word	0x10002855

10002ecc <timer_hardware_alarm_claim>:
10002ecc:	b410      	push	{r4}
10002ece:	4b05      	ldr	r3, [pc, #20]	@ (10002ee4 <timer_hardware_alarm_claim+0x18>)
10002ed0:	4c05      	ldr	r4, [pc, #20]	@ (10002ee8 <timer_hardware_alarm_claim+0x1c>)
10002ed2:	4a06      	ldr	r2, [pc, #24]	@ (10002eec <timer_hardware_alarm_claim+0x20>)
10002ed4:	42a0      	cmp	r0, r4
10002ed6:	bf14      	ite	ne
10002ed8:	4618      	movne	r0, r3
10002eda:	1c58      	addeq	r0, r3, #1
10002edc:	bc10      	pop	{r4}
10002ede:	f7ff b95f 	b.w	100021a0 <hw_claim_or_assert>
10002ee2:	bf00      	nop
10002ee4:	200142f0 	.word	0x200142f0
10002ee8:	400b8000 	.word	0x400b8000
10002eec:	10006694 	.word	0x10006694

10002ef0 <timer_time_us_64>:
10002ef0:	4603      	mov	r3, r0
10002ef2:	6a41      	ldr	r1, [r0, #36]	@ 0x24
10002ef4:	460a      	mov	r2, r1
10002ef6:	6a98      	ldr	r0, [r3, #40]	@ 0x28
10002ef8:	6a59      	ldr	r1, [r3, #36]	@ 0x24
10002efa:	428a      	cmp	r2, r1
10002efc:	d1fa      	bne.n	10002ef4 <timer_time_us_64+0x4>
10002efe:	4770      	bx	lr

10002f00 <time_us_64>:
10002f00:	4b03      	ldr	r3, [pc, #12]	@ (10002f10 <time_us_64+0x10>)
10002f02:	6a59      	ldr	r1, [r3, #36]	@ 0x24
10002f04:	460a      	mov	r2, r1
10002f06:	6a98      	ldr	r0, [r3, #40]	@ 0x28
10002f08:	6a59      	ldr	r1, [r3, #36]	@ 0x24
10002f0a:	4291      	cmp	r1, r2
10002f0c:	d1fa      	bne.n	10002f04 <time_us_64+0x4>
10002f0e:	4770      	bx	lr
10002f10:	400b0000 	.word	0x400b0000

10002f14 <busy_wait_us>:
10002f14:	b500      	push	{lr}
10002f16:	468e      	mov	lr, r1
10002f18:	4a15      	ldr	r2, [pc, #84]	@ (10002f70 <busy_wait_us+0x5c>)
10002f1a:	6a53      	ldr	r3, [r2, #36]	@ 0x24
10002f1c:	469c      	mov	ip, r3
10002f1e:	6a91      	ldr	r1, [r2, #40]	@ 0x28
10002f20:	6a53      	ldr	r3, [r2, #36]	@ 0x24
10002f22:	4563      	cmp	r3, ip
10002f24:	d1fa      	bne.n	10002f1c <busy_wait_us+0x8>
10002f26:	1840      	adds	r0, r0, r1
10002f28:	eb53 030e 	adcs.w	r3, r3, lr
10002f2c:	f04f 0200 	mov.w	r2, #0
10002f30:	bf28      	it	cs
10002f32:	2201      	movcs	r2, #1
10002f34:	b1ba      	cbz	r2, 10002f66 <busy_wait_us+0x52>
10002f36:	4b0e      	ldr	r3, [pc, #56]	@ (10002f70 <busy_wait_us+0x5c>)
10002f38:	6a5a      	ldr	r2, [r3, #36]	@ 0x24
10002f3a:	1c53      	adds	r3, r2, #1
10002f3c:	bf08      	it	eq
10002f3e:	4610      	moveq	r0, r2
10002f40:	d008      	beq.n	10002f54 <busy_wait_us+0x40>
10002f42:	f04f 33ff 	mov.w	r3, #4294967295	@ 0xffffffff
10002f46:	4618      	mov	r0, r3
10002f48:	4909      	ldr	r1, [pc, #36]	@ (10002f70 <busy_wait_us+0x5c>)
10002f4a:	6a4a      	ldr	r2, [r1, #36]	@ 0x24
10002f4c:	429a      	cmp	r2, r3
10002f4e:	d3fc      	bcc.n	10002f4a <busy_wait_us+0x36>
10002f50:	429a      	cmp	r2, r3
10002f52:	d107      	bne.n	10002f64 <busy_wait_us+0x50>
10002f54:	4b06      	ldr	r3, [pc, #24]	@ (10002f70 <busy_wait_us+0x5c>)
10002f56:	e002      	b.n	10002f5e <busy_wait_us+0x4a>
10002f58:	6a59      	ldr	r1, [r3, #36]	@ 0x24
10002f5a:	4291      	cmp	r1, r2
10002f5c:	d102      	bne.n	10002f64 <busy_wait_us+0x50>
10002f5e:	6a99      	ldr	r1, [r3, #40]	@ 0x28
10002f60:	4281      	cmp	r1, r0
10002f62:	d3f9      	bcc.n	10002f58 <busy_wait_us+0x44>
10002f64:	bd00      	pop	{pc}
10002f66:	4a02      	ldr	r2, [pc, #8]	@ (10002f70 <busy_wait_us+0x5c>)
10002f68:	6a52      	ldr	r2, [r2, #36]	@ 0x24
10002f6a:	4293      	cmp	r3, r2
10002f6c:	d8ec      	bhi.n	10002f48 <busy_wait_us+0x34>
10002f6e:	e7ef      	b.n	10002f50 <busy_wait_us+0x3c>
10002f70:	400b0000 	.word	0x400b0000

10002f74 <uart_init>:
10002f74:	b570      	push	{r4, r5, r6, lr}
10002f76:	4604      	mov	r4, r0
10002f78:	b082      	sub	sp, #8
10002f7a:	2006      	movs	r0, #6
10002f7c:	460e      	mov	r6, r1
10002f7e:	f000 f8ef 	bl	10003160 <clock_get_hz>
10002f82:	2800      	cmp	r0, #0
10002f84:	d044      	beq.n	10003010 <uart_init+0x9c>
10002f86:	4a38      	ldr	r2, [pc, #224]	@ (10003068 <uart_init+0xf4>)
10002f88:	4838      	ldr	r0, [pc, #224]	@ (1000306c <uart_init+0xf8>)
10002f8a:	4294      	cmp	r4, r2
10002f8c:	bf14      	ite	ne
10002f8e:	f04f 6280 	movne.w	r2, #67108864	@ 0x4000000
10002f92:	f04f 6200 	moveq.w	r2, #134217728	@ 0x8000000
10002f96:	4b36      	ldr	r3, [pc, #216]	@ (10003070 <uart_init+0xfc>)
10002f98:	4936      	ldr	r1, [pc, #216]	@ (10003074 <uart_init+0x100>)
10002f9a:	6002      	str	r2, [r0, #0]
10002f9c:	601a      	str	r2, [r3, #0]
10002f9e:	688d      	ldr	r5, [r1, #8]
10002fa0:	ea32 0505 	bics.w	r5, r2, r5
10002fa4:	d1fb      	bne.n	10002f9e <uart_init+0x2a>
10002fa6:	4a30      	ldr	r2, [pc, #192]	@ (10003068 <uart_init+0xf4>)
10002fa8:	f44f 7080 	mov.w	r0, #256	@ 0x100
10002fac:	1aa2      	subs	r2, r4, r2
10002fae:	fab2 f282 	clz	r2, r2
10002fb2:	4931      	ldr	r1, [pc, #196]	@ (10003078 <uart_init+0x104>)
10002fb4:	0952      	lsrs	r2, r2, #5
10002fb6:	f821 0012 	strh.w	r0, [r1, r2, lsl #1]
10002fba:	2006      	movs	r0, #6
10002fbc:	f000 f8d0 	bl	10003160 <clock_get_hz>
10002fc0:	00c2      	lsls	r2, r0, #3
10002fc2:	fbb2 f2f6 	udiv	r2, r2, r6
10002fc6:	3201      	adds	r2, #1
10002fc8:	09d1      	lsrs	r1, r2, #7
10002fca:	d123      	bne.n	10003014 <uart_init+0xa0>
10002fcc:	2640      	movs	r6, #64	@ 0x40
10002fce:	2301      	movs	r3, #1
10002fd0:	6263      	str	r3, [r4, #36]	@ 0x24
10002fd2:	62a1      	str	r1, [r4, #40]	@ 0x28
10002fd4:	6b25      	ldr	r5, [r4, #48]	@ 0x30
10002fd6:	07eb      	lsls	r3, r5, #31
10002fd8:	d425      	bmi.n	10003026 <uart_init+0xb2>
10002fda:	4623      	mov	r3, r4
10002fdc:	2100      	movs	r1, #0
10002fde:	f853 2f2c 	ldr.w	r2, [r3, #44]!
10002fe2:	2006      	movs	r0, #6
10002fe4:	f503 5280 	add.w	r2, r3, #4096	@ 0x1000
10002fe8:	6011      	str	r1, [r2, #0]
10002fea:	6325      	str	r5, [r4, #48]	@ 0x30
10002fec:	9201      	str	r2, [sp, #4]
10002fee:	f000 f8b7 	bl	10003160 <clock_get_hz>
10002ff2:	f240 3501 	movw	r5, #769	@ 0x301
10002ff6:	2103      	movs	r1, #3
10002ff8:	0080      	lsls	r0, r0, #2
10002ffa:	fbb0 f0f6 	udiv	r0, r0, r6
10002ffe:	6ae3      	ldr	r3, [r4, #44]	@ 0x2c
10003000:	9a01      	ldr	r2, [sp, #4]
10003002:	f083 0370 	eor.w	r3, r3, #112	@ 0x70
10003006:	f003 037e 	and.w	r3, r3, #126	@ 0x7e
1000300a:	6013      	str	r3, [r2, #0]
1000300c:	6325      	str	r5, [r4, #48]	@ 0x30
1000300e:	64a1      	str	r1, [r4, #72]	@ 0x48
10003010:	b002      	add	sp, #8
10003012:	bd70      	pop	{r4, r5, r6, pc}
10003014:	f64f 70fe 	movw	r0, #65534	@ 0xfffe
10003018:	4281      	cmp	r1, r0
1000301a:	d91d      	bls.n	10003058 <uart_init+0xe4>
1000301c:	4629      	mov	r1, r5
1000301e:	f64f 73ff 	movw	r3, #65535	@ 0xffff
10003022:	4e16      	ldr	r6, [pc, #88]	@ (1000307c <uart_init+0x108>)
10003024:	e7d4      	b.n	10002fd0 <uart_init+0x5c>
10003026:	f240 3201 	movw	r2, #769	@ 0x301
1000302a:	f504 5340 	add.w	r3, r4, #12288	@ 0x3000
1000302e:	631a      	str	r2, [r3, #48]	@ 0x30
10003030:	6a63      	ldr	r3, [r4, #36]	@ 0x24
10003032:	6aa2      	ldr	r2, [r4, #40]	@ 0x28
10003034:	2006      	movs	r0, #6
10003036:	eb02 1283 	add.w	r2, r2, r3, lsl #6
1000303a:	9201      	str	r2, [sp, #4]
1000303c:	f000 f890 	bl	10003160 <clock_get_hz>
10003040:	4b0f      	ldr	r3, [pc, #60]	@ (10003080 <uart_init+0x10c>)
10003042:	9a01      	ldr	r2, [sp, #4]
10003044:	fba3 1300 	umull	r1, r3, r3, r0
10003048:	0290      	lsls	r0, r2, #10
1000304a:	0adb      	lsrs	r3, r3, #11
1000304c:	fbb0 f0f3 	udiv	r0, r0, r3
10003050:	2100      	movs	r1, #0
10003052:	f7ff ff5f 	bl	10002f14 <busy_wait_us>
10003056:	e7c0      	b.n	10002fda <uart_init+0x66>
10003058:	f3c2 0245 	ubfx	r2, r2, #1, #6
1000305c:	460b      	mov	r3, r1
1000305e:	eb02 1681 	add.w	r6, r2, r1, lsl #6
10003062:	4611      	mov	r1, r2
10003064:	e7b4      	b.n	10002fd0 <uart_init+0x5c>
10003066:	bf00      	nop
10003068:	40078000 	.word	0x40078000
1000306c:	40022000 	.word	0x40022000
10003070:	40023000 	.word	0x40023000
10003074:	40020000 	.word	0x40020000
10003078:	2001b9d8 	.word	0x2001b9d8
1000307c:	003fffc0 	.word	0x003fffc0
10003080:	8f2b7b75 	.word	0x8f2b7b75

10003084 <clock_configure_undivided>:
10003084:	eb00 0c40 	add.w	ip, r0, r0, lsl #1
10003088:	ea4f 0c8c 	mov.w	ip, ip, lsl #2
1000308c:	f10c 4c80 	add.w	ip, ip, #1073741824	@ 0x40000000
10003090:	f50c 3c80 	add.w	ip, ip, #65536	@ 0x10000
10003094:	b570      	push	{r4, r5, r6, lr}
10003096:	461e      	mov	r6, r3
10003098:	f8dc 3004 	ldr.w	r3, [ip, #4]
1000309c:	1f04      	subs	r4, r0, #4
1000309e:	f5b3 3f80 	cmp.w	r3, #65536	@ 0x10000
100030a2:	bf38      	it	cc
100030a4:	f44f 3380 	movcc.w	r3, #65536	@ 0x10000
100030a8:	b2e4      	uxtb	r4, r4
100030aa:	bf38      	it	cc
100030ac:	f8cc 3004 	strcc.w	r3, [ip, #4]
100030b0:	2c01      	cmp	r4, #1
100030b2:	d92e      	bls.n	10003112 <clock_configure_undivided+0x8e>
100030b4:	f44f 6500 	mov.w	r5, #2048	@ 0x800
100030b8:	4b28      	ldr	r3, [pc, #160]	@ (1000315c <clock_configure_undivided+0xd8>)
100030ba:	f50c 5e40 	add.w	lr, ip, #12288	@ 0x3000
100030be:	f8ce 5000 	str.w	r5, [lr]
100030c2:	f853 e020 	ldr.w	lr, [r3, r0, lsl #2]
100030c6:	f1be 0f00 	cmp.w	lr, #0
100030ca:	d117      	bne.n	100030fc <clock_configure_undivided+0x78>
100030cc:	f8dc e000 	ldr.w	lr, [ip]
100030d0:	2c01      	cmp	r4, #1
100030d2:	ea8e 1242 	eor.w	r2, lr, r2, lsl #5
100030d6:	f002 02e0 	and.w	r2, r2, #224	@ 0xe0
100030da:	f50c 5e80 	add.w	lr, ip, #4096	@ 0x1000
100030de:	f8ce 2000 	str.w	r2, [lr]
100030e2:	d92b      	bls.n	1000313c <clock_configure_undivided+0xb8>
100030e4:	f44f 6100 	mov.w	r1, #2048	@ 0x800
100030e8:	f843 6020 	str.w	r6, [r3, r0, lsl #2]
100030ec:	f44f 3380 	mov.w	r3, #65536	@ 0x10000
100030f0:	f50c 5200 	add.w	r2, ip, #8192	@ 0x2000
100030f4:	6011      	str	r1, [r2, #0]
100030f6:	f8cc 3004 	str.w	r3, [ip, #4]
100030fa:	bd70      	pop	{r4, r5, r6, pc}
100030fc:	695d      	ldr	r5, [r3, #20]
100030fe:	fbb5 fefe 	udiv	lr, r5, lr
10003102:	f10e 0e01 	add.w	lr, lr, #1
10003106:	eb0e 0e4e 	add.w	lr, lr, lr, lsl #1
1000310a:	f1be 0e03 	subs.w	lr, lr, #3
1000310e:	d2fc      	bcs.n	1000310a <clock_configure_undivided+0x86>
10003110:	e7dc      	b.n	100030cc <clock_configure_undivided+0x48>
10003112:	2901      	cmp	r1, #1
10003114:	d1ce      	bne.n	100030b4 <clock_configure_undivided+0x30>
10003116:	2403      	movs	r4, #3
10003118:	f50c 5340 	add.w	r3, ip, #12288	@ 0x3000
1000311c:	601c      	str	r4, [r3, #0]
1000311e:	f8dc 3008 	ldr.w	r3, [ip, #8]
10003122:	07db      	lsls	r3, r3, #31
10003124:	d5fb      	bpl.n	1000311e <clock_configure_undivided+0x9a>
10003126:	f8dc 3000 	ldr.w	r3, [ip]
1000312a:	f50c 5e80 	add.w	lr, ip, #4096	@ 0x1000
1000312e:	ea83 1342 	eor.w	r3, r3, r2, lsl #5
10003132:	f003 03e0 	and.w	r3, r3, #224	@ 0xe0
10003136:	f8ce 3000 	str.w	r3, [lr]
1000313a:	4b08      	ldr	r3, [pc, #32]	@ (1000315c <clock_configure_undivided+0xd8>)
1000313c:	2201      	movs	r2, #1
1000313e:	f8dc 4000 	ldr.w	r4, [ip]
10003142:	404c      	eors	r4, r1
10003144:	f004 0403 	and.w	r4, r4, #3
10003148:	f8ce 4000 	str.w	r4, [lr]
1000314c:	fa02 f101 	lsl.w	r1, r2, r1
10003150:	f8dc 2008 	ldr.w	r2, [ip, #8]
10003154:	420a      	tst	r2, r1
10003156:	d0fb      	beq.n	10003150 <clock_configure_undivided+0xcc>
10003158:	e7c4      	b.n	100030e4 <clock_configure_undivided+0x60>
1000315a:	bf00      	nop
1000315c:	200142f8 	.word	0x200142f8

10003160 <clock_get_hz>:
10003160:	4b01      	ldr	r3, [pc, #4]	@ (10003168 <clock_get_hz+0x8>)
10003162:	f853 0020 	ldr.w	r0, [r3, r0, lsl #2]
10003166:	4770      	bx	lr
10003168:	200142f8 	.word	0x200142f8

1000316c <set_sys_clock_pll>:
1000316c:	e92d 41f0 	stmdb	sp!, {r4, r5, r6, r7, r8, lr}
10003170:	4c58      	ldr	r4, [pc, #352]	@ (100032d4 <set_sys_clock_pll+0x168>)
10003172:	4606      	mov	r6, r0
10003174:	6c20      	ldr	r0, [r4, #64]	@ 0x40
10003176:	4617      	mov	r7, r2
10003178:	f5b0 3f80 	cmp.w	r0, #65536	@ 0x10000
1000317c:	bf38      	it	cc
1000317e:	f44f 3280 	movcc.w	r2, #65536	@ 0x10000
10003182:	460b      	mov	r3, r1
10003184:	f04f 0103 	mov.w	r1, #3
10003188:	b084      	sub	sp, #16
1000318a:	bf38      	it	cc
1000318c:	6422      	strcc	r2, [r4, #64]	@ 0x40
1000318e:	4a52      	ldr	r2, [pc, #328]	@ (100032d8 <set_sys_clock_pll+0x16c>)
10003190:	4c50      	ldr	r4, [pc, #320]	@ (100032d4 <set_sys_clock_pll+0x168>)
10003192:	63d1      	str	r1, [r2, #60]	@ 0x3c
10003194:	6c62      	ldr	r2, [r4, #68]	@ 0x44
10003196:	07d2      	lsls	r2, r2, #31
10003198:	d5fc      	bpl.n	10003194 <set_sys_clock_pll+0x28>
1000319a:	6be2      	ldr	r2, [r4, #60]	@ 0x3c
1000319c:	494f      	ldr	r1, [pc, #316]	@ (100032dc <set_sys_clock_pll+0x170>)
1000319e:	f082 0220 	eor.w	r2, r2, #32
100031a2:	f002 02e0 	and.w	r2, r2, #224	@ 0xe0
100031a6:	63ca      	str	r2, [r1, #60]	@ 0x3c
100031a8:	6be2      	ldr	r2, [r4, #60]	@ 0x3c
100031aa:	4c4a      	ldr	r4, [pc, #296]	@ (100032d4 <set_sys_clock_pll+0x168>)
100031ac:	f082 0201 	eor.w	r2, r2, #1
100031b0:	f002 0203 	and.w	r2, r2, #3
100031b4:	63ca      	str	r2, [r1, #60]	@ 0x3c
100031b6:	6c62      	ldr	r2, [r4, #68]	@ 0x44
100031b8:	0795      	lsls	r5, r2, #30
100031ba:	d5fc      	bpl.n	100031b6 <set_sys_clock_pll+0x4a>
100031bc:	f44f 6100 	mov.w	r1, #2048	@ 0x800
100031c0:	f44f 3880 	mov.w	r8, #65536	@ 0x10000
100031c4:	4a46      	ldr	r2, [pc, #280]	@ (100032e0 <set_sys_clock_pll+0x174>)
100031c6:	4d47      	ldr	r5, [pc, #284]	@ (100032e4 <set_sys_clock_pll+0x178>)
100031c8:	63d1      	str	r1, [r2, #60]	@ 0x3c
100031ca:	4a47      	ldr	r2, [pc, #284]	@ (100032e8 <set_sys_clock_pll+0x17c>)
100031cc:	9303      	str	r3, [sp, #12]
100031ce:	616a      	str	r2, [r5, #20]
100031d0:	2101      	movs	r1, #1
100031d2:	4632      	mov	r2, r6
100031d4:	f8c4 8040 	str.w	r8, [r4, #64]	@ 0x40
100031d8:	4844      	ldr	r0, [pc, #272]	@ (100032ec <set_sys_clock_pll+0x180>)
100031da:	9700      	str	r7, [sp, #0]
100031dc:	f000 f946 	bl	1000346c <pll_init>
100031e0:	f44f 6100 	mov.w	r1, #2048	@ 0x800
100031e4:	9b03      	ldr	r3, [sp, #12]
100031e6:	fb07 f303 	mul.w	r3, r7, r3
100031ea:	fbb6 f6f3 	udiv	r6, r6, r3
100031ee:	6b63      	ldr	r3, [r4, #52]	@ 0x34
100031f0:	4543      	cmp	r3, r8
100031f2:	bf38      	it	cc
100031f4:	f8c4 8034 	strcc.w	r8, [r4, #52]	@ 0x34
100031f8:	4b37      	ldr	r3, [pc, #220]	@ (100032d8 <set_sys_clock_pll+0x16c>)
100031fa:	692a      	ldr	r2, [r5, #16]
100031fc:	6319      	str	r1, [r3, #48]	@ 0x30
100031fe:	b13a      	cbz	r2, 10003210 <set_sys_clock_pll+0xa4>
10003200:	696b      	ldr	r3, [r5, #20]
10003202:	fbb3 f3f2 	udiv	r3, r3, r2
10003206:	3301      	adds	r3, #1
10003208:	eb03 0343 	add.w	r3, r3, r3, lsl #1
1000320c:	3b03      	subs	r3, #3
1000320e:	d2fd      	bcs.n	1000320c <set_sys_clock_pll+0xa0>
10003210:	4930      	ldr	r1, [pc, #192]	@ (100032d4 <set_sys_clock_pll+0x168>)
10003212:	4a32      	ldr	r2, [pc, #200]	@ (100032dc <set_sys_clock_pll+0x170>)
10003214:	6b0b      	ldr	r3, [r1, #48]	@ 0x30
10003216:	f003 03e0 	and.w	r3, r3, #224	@ 0xe0
1000321a:	6313      	str	r3, [r2, #48]	@ 0x30
1000321c:	6b0b      	ldr	r3, [r1, #48]	@ 0x30
1000321e:	f083 0302 	eor.w	r3, r3, #2
10003222:	f003 0303 	and.w	r3, r3, #3
10003226:	6313      	str	r3, [r2, #48]	@ 0x30
10003228:	6b8b      	ldr	r3, [r1, #56]	@ 0x38
1000322a:	0758      	lsls	r0, r3, #29
1000322c:	d5fc      	bpl.n	10003228 <set_sys_clock_pll+0xbc>
1000322e:	f44f 6400 	mov.w	r4, #2048	@ 0x800
10003232:	f44f 3380 	mov.w	r3, #65536	@ 0x10000
10003236:	4a2a      	ldr	r2, [pc, #168]	@ (100032e0 <set_sys_clock_pll+0x174>)
10003238:	6314      	str	r4, [r2, #48]	@ 0x30
1000323a:	4a2d      	ldr	r2, [pc, #180]	@ (100032f0 <set_sys_clock_pll+0x184>)
1000323c:	634b      	str	r3, [r1, #52]	@ 0x34
1000323e:	612a      	str	r2, [r5, #16]
10003240:	6c0a      	ldr	r2, [r1, #64]	@ 0x40
10003242:	4c24      	ldr	r4, [pc, #144]	@ (100032d4 <set_sys_clock_pll+0x168>)
10003244:	429a      	cmp	r2, r3
10003246:	f04f 0203 	mov.w	r2, #3
1000324a:	bf38      	it	cc
1000324c:	640b      	strcc	r3, [r1, #64]	@ 0x40
1000324e:	4b22      	ldr	r3, [pc, #136]	@ (100032d8 <set_sys_clock_pll+0x16c>)
10003250:	63da      	str	r2, [r3, #60]	@ 0x3c
10003252:	6c63      	ldr	r3, [r4, #68]	@ 0x44
10003254:	07da      	lsls	r2, r3, #31
10003256:	d5fc      	bpl.n	10003252 <set_sys_clock_pll+0xe6>
10003258:	6be3      	ldr	r3, [r4, #60]	@ 0x3c
1000325a:	4a20      	ldr	r2, [pc, #128]	@ (100032dc <set_sys_clock_pll+0x170>)
1000325c:	f003 03e0 	and.w	r3, r3, #224	@ 0xe0
10003260:	63d3      	str	r3, [r2, #60]	@ 0x3c
10003262:	6be3      	ldr	r3, [r4, #60]	@ 0x3c
10003264:	491b      	ldr	r1, [pc, #108]	@ (100032d4 <set_sys_clock_pll+0x168>)
10003266:	f083 0301 	eor.w	r3, r3, #1
1000326a:	f003 0303 	and.w	r3, r3, #3
1000326e:	63d3      	str	r3, [r2, #60]	@ 0x3c
10003270:	6c4b      	ldr	r3, [r1, #68]	@ 0x44
10003272:	079b      	lsls	r3, r3, #30
10003274:	d5fc      	bpl.n	10003270 <set_sys_clock_pll+0x104>
10003276:	f44f 3380 	mov.w	r3, #65536	@ 0x10000
1000327a:	f44f 6400 	mov.w	r4, #2048	@ 0x800
1000327e:	4a18      	ldr	r2, [pc, #96]	@ (100032e0 <set_sys_clock_pll+0x174>)
10003280:	616e      	str	r6, [r5, #20]
10003282:	63d4      	str	r4, [r2, #60]	@ 0x3c
10003284:	640b      	str	r3, [r1, #64]	@ 0x40
10003286:	6cca      	ldr	r2, [r1, #76]	@ 0x4c
10003288:	429a      	cmp	r2, r3
1000328a:	bf38      	it	cc
1000328c:	64cb      	strcc	r3, [r1, #76]	@ 0x4c
1000328e:	f44f 6100 	mov.w	r1, #2048	@ 0x800
10003292:	4b11      	ldr	r3, [pc, #68]	@ (100032d8 <set_sys_clock_pll+0x16c>)
10003294:	69aa      	ldr	r2, [r5, #24]
10003296:	6499      	str	r1, [r3, #72]	@ 0x48
10003298:	b13a      	cbz	r2, 100032aa <set_sys_clock_pll+0x13e>
1000329a:	696b      	ldr	r3, [r5, #20]
1000329c:	fbb3 f3f2 	udiv	r3, r3, r2
100032a0:	3301      	adds	r3, #1
100032a2:	eb03 0343 	add.w	r3, r3, r3, lsl #1
100032a6:	3b03      	subs	r3, #3
100032a8:	d2fd      	bcs.n	100032a6 <set_sys_clock_pll+0x13a>
100032aa:	f44f 6000 	mov.w	r0, #2048	@ 0x800
100032ae:	f44f 3180 	mov.w	r1, #65536	@ 0x10000
100032b2:	4a08      	ldr	r2, [pc, #32]	@ (100032d4 <set_sys_clock_pll+0x168>)
100032b4:	4c09      	ldr	r4, [pc, #36]	@ (100032dc <set_sys_clock_pll+0x170>)
100032b6:	6c93      	ldr	r3, [r2, #72]	@ 0x48
100032b8:	f083 0340 	eor.w	r3, r3, #64	@ 0x40
100032bc:	f003 03e0 	and.w	r3, r3, #224	@ 0xe0
100032c0:	64a3      	str	r3, [r4, #72]	@ 0x48
100032c2:	4b07      	ldr	r3, [pc, #28]	@ (100032e0 <set_sys_clock_pll+0x174>)
100032c4:	4c08      	ldr	r4, [pc, #32]	@ (100032e8 <set_sys_clock_pll+0x17c>)
100032c6:	61ac      	str	r4, [r5, #24]
100032c8:	6498      	str	r0, [r3, #72]	@ 0x48
100032ca:	64d1      	str	r1, [r2, #76]	@ 0x4c
100032cc:	b004      	add	sp, #16
100032ce:	e8bd 81f0 	ldmia.w	sp!, {r4, r5, r6, r7, r8, pc}
100032d2:	bf00      	nop
100032d4:	40010000 	.word	0x40010000
100032d8:	40013000 	.word	0x40013000
100032dc:	40011000 	.word	0x40011000
100032e0:	40012000 	.word	0x40012000
100032e4:	200142f8 	.word	0x200142f8
100032e8:	02dc6c00 	.word	0x02dc6c00
100032ec:	40050000 	.word	0x40050000
100032f0:	00b71b00 	.word	0x00b71b00

100032f4 <check_sys_clock_khz>:
100032f4:	e92d 4ff0 	stmdb	sp!, {r4, r5, r6, r7, r8, r9, sl, fp, lr}
100032f8:	f44f 78a0 	mov.w	r8, #320	@ 0x140
100032fc:	4696      	mov	lr, r2
100032fe:	b085      	sub	sp, #20
10003300:	9103      	str	r1, [sp, #12]
10003302:	f8df 9164 	ldr.w	r9, [pc, #356]	@ 10003468 <check_sys_clock_khz+0x174>
10003306:	4956      	ldr	r1, [pc, #344]	@ (10003460 <check_sys_clock_khz+0x16c>)
10003308:	9301      	str	r3, [sp, #4]
1000330a:	4549      	cmp	r1, r9
1000330c:	d90a      	bls.n	10003324 <check_sys_clock_khz+0x30>
1000330e:	f108 38ff 	add.w	r8, r8, #4294967295	@ 0xffffffff
10003312:	f5a1 513b 	sub.w	r1, r1, #11968	@ 0x2ec0
10003316:	f1b8 0f0f 	cmp.w	r8, #15
1000331a:	f1a1 0120 	sub.w	r1, r1, #32
1000331e:	d1f4      	bne.n	1000330a <check_sys_clock_khz+0x16>
10003320:	2000      	movs	r0, #0
10003322:	e066      	b.n	100033f2 <check_sys_clock_khz+0xfe>
10003324:	2307      	movs	r3, #7
10003326:	f501 2237 	add.w	r2, r1, #749568	@ 0xb7000
1000332a:	9102      	str	r1, [sp, #8]
1000332c:	fb03 f103 	mul.w	r1, r3, r3
10003330:	f502 72d8 	add.w	r2, r2, #432	@ 0x1b0
10003334:	fbb2 faf1 	udiv	sl, r2, r1
10003338:	4582      	cmp	sl, r0
1000333a:	f04f 0c01 	mov.w	ip, #1
1000333e:	f04f 0702 	mov.w	r7, #2
10003342:	f04f 0603 	mov.w	r6, #3
10003346:	f04f 0504 	mov.w	r5, #4
1000334a:	f04f 0405 	mov.w	r4, #5
1000334e:	d03f      	beq.n	100033d0 <check_sys_clock_khz+0xdc>
10003350:	f1b3 0a01 	subs.w	sl, r3, #1
10003354:	f000 8082 	beq.w	1000345c <check_sys_clock_khz+0x168>
10003358:	fb0a f103 	mul.w	r1, sl, r3
1000335c:	fbb2 fbf1 	udiv	fp, r2, r1
10003360:	4558      	cmp	r0, fp
10003362:	d049      	beq.n	100033f8 <check_sys_clock_khz+0x104>
10003364:	b31c      	cbz	r4, 100033ae <check_sys_clock_khz+0xba>
10003366:	fb03 f104 	mul.w	r1, r3, r4
1000336a:	fbb2 fbf1 	udiv	fp, r2, r1
1000336e:	4558      	cmp	r0, fp
10003370:	d04b      	beq.n	1000340a <check_sys_clock_khz+0x116>
10003372:	b1e5      	cbz	r5, 100033ae <check_sys_clock_khz+0xba>
10003374:	fb05 f103 	mul.w	r1, r5, r3
10003378:	fbb2 fbf1 	udiv	fp, r2, r1
1000337c:	4558      	cmp	r0, fp
1000337e:	d04d      	beq.n	1000341c <check_sys_clock_khz+0x128>
10003380:	b1ae      	cbz	r6, 100033ae <check_sys_clock_khz+0xba>
10003382:	fb06 f103 	mul.w	r1, r6, r3
10003386:	fbb2 fbf1 	udiv	fp, r2, r1
1000338a:	4558      	cmp	r0, fp
1000338c:	d04f      	beq.n	1000342e <check_sys_clock_khz+0x13a>
1000338e:	b177      	cbz	r7, 100033ae <check_sys_clock_khz+0xba>
10003390:	fb07 f103 	mul.w	r1, r7, r3
10003394:	fbb2 fbf1 	udiv	fp, r2, r1
10003398:	4558      	cmp	r0, fp
1000339a:	d051      	beq.n	10003440 <check_sys_clock_khz+0x14c>
1000339c:	f1bc 0f00 	cmp.w	ip, #0
100033a0:	d005      	beq.n	100033ae <check_sys_clock_khz+0xba>
100033a2:	fb0c f103 	mul.w	r1, ip, r3
100033a6:	fbb2 fbf1 	udiv	fp, r2, r1
100033aa:	4583      	cmp	fp, r0
100033ac:	d04d      	beq.n	1000344a <check_sys_clock_khz+0x156>
100033ae:	4653      	mov	r3, sl
100033b0:	fb03 f103 	mul.w	r1, r3, r3
100033b4:	fbb2 faf1 	udiv	sl, r2, r1
100033b8:	4582      	cmp	sl, r0
100033ba:	f104 34ff 	add.w	r4, r4, #4294967295	@ 0xffffffff
100033be:	f105 35ff 	add.w	r5, r5, #4294967295	@ 0xffffffff
100033c2:	f106 36ff 	add.w	r6, r6, #4294967295	@ 0xffffffff
100033c6:	f107 37ff 	add.w	r7, r7, #4294967295	@ 0xffffffff
100033ca:	f10c 3cff 	add.w	ip, ip, #4294967295	@ 0xffffffff
100033ce:	d1bf      	bne.n	10003350 <check_sys_clock_khz+0x5c>
100033d0:	fb01 2110 	mls	r1, r1, r0, r2
100033d4:	2900      	cmp	r1, #0
100033d6:	d1bb      	bne.n	10003350 <check_sys_clock_khz+0x5c>
100033d8:	4672      	mov	r2, lr
100033da:	461f      	mov	r7, r3
100033dc:	f8dd a00c 	ldr.w	sl, [sp, #12]
100033e0:	2001      	movs	r0, #1
100033e2:	4920      	ldr	r1, [pc, #128]	@ (10003464 <check_sys_clock_khz+0x170>)
100033e4:	fb01 f108 	mul.w	r1, r1, r8
100033e8:	f8ca 1000 	str.w	r1, [sl]
100033ec:	6013      	str	r3, [r2, #0]
100033ee:	9b01      	ldr	r3, [sp, #4]
100033f0:	601f      	str	r7, [r3, #0]
100033f2:	b005      	add	sp, #20
100033f4:	e8bd 8ff0 	ldmia.w	sp!, {r4, r5, r6, r7, r8, r9, sl, fp, pc}
100033f8:	fb01 2110 	mls	r1, r1, r0, r2
100033fc:	2900      	cmp	r1, #0
100033fe:	d1b1      	bne.n	10003364 <check_sys_clock_khz+0x70>
10003400:	4657      	mov	r7, sl
10003402:	4672      	mov	r2, lr
10003404:	f8dd a00c 	ldr.w	sl, [sp, #12]
10003408:	e7ea      	b.n	100033e0 <check_sys_clock_khz+0xec>
1000340a:	fb01 2110 	mls	r1, r1, r0, r2
1000340e:	2900      	cmp	r1, #0
10003410:	d1af      	bne.n	10003372 <check_sys_clock_khz+0x7e>
10003412:	4672      	mov	r2, lr
10003414:	4627      	mov	r7, r4
10003416:	f8dd a00c 	ldr.w	sl, [sp, #12]
1000341a:	e7e1      	b.n	100033e0 <check_sys_clock_khz+0xec>
1000341c:	fb01 2110 	mls	r1, r1, r0, r2
10003420:	2900      	cmp	r1, #0
10003422:	d1ad      	bne.n	10003380 <check_sys_clock_khz+0x8c>
10003424:	4672      	mov	r2, lr
10003426:	462f      	mov	r7, r5
10003428:	f8dd a00c 	ldr.w	sl, [sp, #12]
1000342c:	e7d8      	b.n	100033e0 <check_sys_clock_khz+0xec>
1000342e:	fb01 2110 	mls	r1, r1, r0, r2
10003432:	2900      	cmp	r1, #0
10003434:	d1ab      	bne.n	1000338e <check_sys_clock_khz+0x9a>
10003436:	4672      	mov	r2, lr
10003438:	4637      	mov	r7, r6
1000343a:	f8dd a00c 	ldr.w	sl, [sp, #12]
1000343e:	e7cf      	b.n	100033e0 <check_sys_clock_khz+0xec>
10003440:	fb01 2110 	mls	r1, r1, r0, r2
10003444:	2900      	cmp	r1, #0
10003446:	d1a9      	bne.n	1000339c <check_sys_clock_khz+0xa8>
10003448:	e7db      	b.n	10003402 <check_sys_clock_khz+0x10e>
1000344a:	fb01 2110 	mls	r1, r1, r0, r2
1000344e:	2900      	cmp	r1, #0
10003450:	d1ad      	bne.n	100033ae <check_sys_clock_khz+0xba>
10003452:	4672      	mov	r2, lr
10003454:	4667      	mov	r7, ip
10003456:	f8dd a00c 	ldr.w	sl, [sp, #12]
1000345a:	e7c1      	b.n	100033e0 <check_sys_clock_khz+0xec>
1000345c:	9902      	ldr	r1, [sp, #8]
1000345e:	e756      	b.n	1000330e <check_sys_clock_khz+0x1a>
10003460:	002f2650 	.word	0x002f2650
10003464:	00b71b00 	.word	0x00b71b00
10003468:	000cf850 	.word	0x000cf850

1000346c <pll_init>:
1000346c:	b510      	push	{r4, lr}
1000346e:	9c02      	ldr	r4, [sp, #8]
10003470:	468e      	mov	lr, r1
10003472:	ea4f 3c04 	mov.w	ip, r4, lsl #12
10003476:	ea4c 4c03 	orr.w	ip, ip, r3, lsl #16
1000347a:	4b1c      	ldr	r3, [pc, #112]	@ (100034ec <pll_init+0x80>)
1000347c:	fbb3 f3f1 	udiv	r3, r3, r1
10003480:	6801      	ldr	r1, [r0, #0]
10003482:	fbb2 f4f3 	udiv	r4, r2, r3
10003486:	2900      	cmp	r1, #0
10003488:	db20      	blt.n	100034cc <pll_init+0x60>
1000348a:	4a19      	ldr	r2, [pc, #100]	@ (100034f0 <pll_init+0x84>)
1000348c:	4b19      	ldr	r3, [pc, #100]	@ (100034f4 <pll_init+0x88>)
1000348e:	4290      	cmp	r0, r2
10003490:	bf14      	ite	ne
10003492:	f44f 4280 	movne.w	r2, #16384	@ 0x4000
10003496:	f44f 4200 	moveq.w	r2, #32768	@ 0x8000
1000349a:	4917      	ldr	r1, [pc, #92]	@ (100034f8 <pll_init+0x8c>)
1000349c:	601a      	str	r2, [r3, #0]
1000349e:	f503 5380 	add.w	r3, r3, #4096	@ 0x1000
100034a2:	601a      	str	r2, [r3, #0]
100034a4:	688b      	ldr	r3, [r1, #8]
100034a6:	ea32 0303 	bics.w	r3, r2, r3
100034aa:	d1fb      	bne.n	100034a4 <pll_init+0x38>
100034ac:	2221      	movs	r2, #33	@ 0x21
100034ae:	f500 5340 	add.w	r3, r0, #12288	@ 0x3000
100034b2:	3304      	adds	r3, #4
100034b4:	f8c0 e000 	str.w	lr, [r0]
100034b8:	6084      	str	r4, [r0, #8]
100034ba:	601a      	str	r2, [r3, #0]
100034bc:	6802      	ldr	r2, [r0, #0]
100034be:	2a00      	cmp	r2, #0
100034c0:	dafc      	bge.n	100034bc <pll_init+0x50>
100034c2:	2208      	movs	r2, #8
100034c4:	f8c0 c00c 	str.w	ip, [r0, #12]
100034c8:	601a      	str	r2, [r3, #0]
100034ca:	bd10      	pop	{r4, pc}
100034cc:	6803      	ldr	r3, [r0, #0]
100034ce:	f003 033f 	and.w	r3, r3, #63	@ 0x3f
100034d2:	4573      	cmp	r3, lr
100034d4:	d1d9      	bne.n	1000348a <pll_init+0x1e>
100034d6:	6883      	ldr	r3, [r0, #8]
100034d8:	f3c3 030b 	ubfx	r3, r3, #0, #12
100034dc:	42a3      	cmp	r3, r4
100034de:	d1d4      	bne.n	1000348a <pll_init+0x1e>
100034e0:	68c3      	ldr	r3, [r0, #12]
100034e2:	f403 23ee 	and.w	r3, r3, #487424	@ 0x77000
100034e6:	4563      	cmp	r3, ip
100034e8:	d1cf      	bne.n	1000348a <pll_init+0x1e>
100034ea:	bd10      	pop	{r4, pc}
100034ec:	00b71b00 	.word	0x00b71b00
100034f0:	40058000 	.word	0x40058000
100034f4:	40022000 	.word	0x40022000
100034f8:	40020000 	.word	0x40020000

100034fc <vreg_set_voltage>:
100034fc:	4b0a      	ldr	r3, [pc, #40]	@ (10003528 <vreg_set_voltage+0x2c>)
100034fe:	490b      	ldr	r1, [pc, #44]	@ (1000352c <vreg_set_voltage+0x30>)
10003500:	4a0b      	ldr	r2, [pc, #44]	@ (10003530 <vreg_set_voltage+0x34>)
10003502:	6059      	str	r1, [r3, #4]
10003504:	68d3      	ldr	r3, [r2, #12]
10003506:	0419      	lsls	r1, r3, #16
10003508:	d4fc      	bmi.n	10003504 <vreg_set_voltage+0x8>
1000350a:	4b0a      	ldr	r3, [pc, #40]	@ (10003534 <vreg_set_voltage+0x38>)
1000350c:	68d2      	ldr	r2, [r2, #12]
1000350e:	ea43 1300 	orr.w	r3, r3, r0, lsl #4
10003512:	4909      	ldr	r1, [pc, #36]	@ (10003538 <vreg_set_voltage+0x3c>)
10003514:	4053      	eors	r3, r2
10003516:	4809      	ldr	r0, [pc, #36]	@ (1000353c <vreg_set_voltage+0x40>)
10003518:	4019      	ands	r1, r3
1000351a:	4a05      	ldr	r2, [pc, #20]	@ (10003530 <vreg_set_voltage+0x34>)
1000351c:	60c1      	str	r1, [r0, #12]
1000351e:	68d3      	ldr	r3, [r2, #12]
10003520:	041b      	lsls	r3, r3, #16
10003522:	d4fc      	bmi.n	1000351e <vreg_set_voltage+0x22>
10003524:	4770      	bx	lr
10003526:	bf00      	nop
10003528:	40102000 	.word	0x40102000
1000352c:	5afe2000 	.word	0x5afe2000
10003530:	40100000 	.word	0x40100000
10003534:	5afe0000 	.word	0x5afe0000
10003538:	5afe01f0 	.word	0x5afe01f0
1000353c:	40101000 	.word	0x40101000

10003540 <tick_start>:
10003540:	2301      	movs	r3, #1
10003542:	eb00 0040 	add.w	r0, r0, r0, lsl #1
10003546:	0080      	lsls	r0, r0, #2
10003548:	f100 4080 	add.w	r0, r0, #1073741824	@ 0x40000000
1000354c:	f500 1084 	add.w	r0, r0, #1081344	@ 0x108000
10003550:	6041      	str	r1, [r0, #4]
10003552:	6003      	str	r3, [r0, #0]
10003554:	4770      	bx	lr
10003556:	bf00      	nop

10003558 <rom_reboot.constprop.0.isra.0>:
10003558:	f04f 0c00 	mov.w	ip, #0
1000355c:	b530      	push	{r4, r5, lr}
1000355e:	4613      	mov	r3, r2
10003560:	b083      	sub	sp, #12
10003562:	4604      	mov	r4, r0
10003564:	460d      	mov	r5, r1
10003566:	f8bc 2016 	ldrh.w	r2, [ip, #22]
1000356a:	2100      	movs	r1, #0
1000356c:	e841 f100 	tt	r1, r1
10003570:	9301      	str	r3, [sp, #4]
10003572:	024b      	lsls	r3, r1, #9
10003574:	bf54      	ite	pl
10003576:	2110      	movpl	r1, #16
10003578:	2104      	movmi	r1, #4
1000357a:	f244 2052 	movw	r0, #16978	@ 0x4252
1000357e:	4790      	blx	r2
10003580:	4686      	mov	lr, r0
10003582:	462a      	mov	r2, r5
10003584:	210a      	movs	r1, #10
10003586:	4620      	mov	r0, r4
10003588:	46f4      	mov	ip, lr
1000358a:	9b01      	ldr	r3, [sp, #4]
1000358c:	b003      	add	sp, #12
1000358e:	e8bd 4030 	ldmia.w	sp!, {r4, r5, lr}
10003592:	4760      	bx	ip

10003594 <rom_func_lookup>:
10003594:	2300      	movs	r3, #0
10003596:	8adb      	ldrh	r3, [r3, #22]
10003598:	2200      	movs	r2, #0
1000359a:	e842 f200 	tt	r2, r2
1000359e:	0252      	lsls	r2, r2, #9
100035a0:	d401      	bmi.n	100035a6 <rom_func_lookup+0x12>
100035a2:	2110      	movs	r1, #16
100035a4:	4718      	bx	r3
100035a6:	2104      	movs	r1, #4
100035a8:	4718      	bx	r3
100035aa:	bf00      	nop

100035ac <rom_reset_usb_boot_extra>:
100035ac:	2800      	cmp	r0, #0
100035ae:	b508      	push	{r3, lr}
100035b0:	db0e      	blt.n	100035d0 <rom_reset_usb_boot_extra+0x24>
100035b2:	b952      	cbnz	r2, 100035ca <rom_reset_usb_boot_extra+0x1e>
100035b4:	f041 0120 	orr.w	r1, r1, #32
100035b8:	2300      	movs	r3, #0
100035ba:	7cdb      	ldrb	r3, [r3, #19]
100035bc:	2b02      	cmp	r3, #2
100035be:	d00a      	beq.n	100035d6 <rom_reset_usb_boot_extra+0x2a>
100035c0:	4602      	mov	r2, r0
100035c2:	f44f 7081 	mov.w	r0, #258	@ 0x102
100035c6:	f7ff ffc7 	bl	10003558 <rom_reboot.constprop.0.isra.0>
100035ca:	f041 0130 	orr.w	r1, r1, #48	@ 0x30
100035ce:	e7f3      	b.n	100035b8 <rom_reset_usb_boot_extra+0xc>
100035d0:	068b      	lsls	r3, r1, #26
100035d2:	d5f5      	bpl.n	100035c0 <rom_reset_usb_boot_extra+0x14>
100035d4:	e7f0      	b.n	100035b8 <rom_reset_usb_boot_extra+0xc>
100035d6:	4602      	mov	r2, r0
100035d8:	f44f 7091 	mov.w	r0, #290	@ 0x122
100035dc:	f7ff ffbc 	bl	10003558 <rom_reboot.constprop.0.isra.0>

100035e0 <rom_get_boot_random>:
100035e0:	2300      	movs	r3, #0
100035e2:	b510      	push	{r4, lr}
100035e4:	8ada      	ldrh	r2, [r3, #22]
100035e6:	4604      	mov	r4, r0
100035e8:	b086      	sub	sp, #24
100035ea:	2300      	movs	r3, #0
100035ec:	e843 f300 	tt	r3, r3
100035f0:	025b      	lsls	r3, r3, #9
100035f2:	bf54      	ite	pl
100035f4:	2110      	movpl	r1, #16
100035f6:	2104      	movmi	r1, #4
100035f8:	f245 3047 	movw	r0, #21319	@ 0x5347
100035fc:	4790      	blx	r2
100035fe:	2210      	movs	r2, #16
10003600:	4603      	mov	r3, r0
10003602:	2105      	movs	r1, #5
10003604:	a801      	add	r0, sp, #4
10003606:	4798      	blx	r3
10003608:	2805      	cmp	r0, #5
1000360a:	d002      	beq.n	10003612 <rom_get_boot_random+0x32>
1000360c:	2000      	movs	r0, #0
1000360e:	b006      	add	sp, #24
10003610:	bd10      	pop	{r4, pc}
10003612:	f10d 0c08 	add.w	ip, sp, #8
10003616:	e8bc 000f 	ldmia.w	ip!, {r0, r1, r2, r3}
1000361a:	6020      	str	r0, [r4, #0]
1000361c:	2001      	movs	r0, #1
1000361e:	6061      	str	r1, [r4, #4]
10003620:	60a2      	str	r2, [r4, #8]
10003622:	60e3      	str	r3, [r4, #12]
10003624:	b006      	add	sp, #24
10003626:	bd10      	pop	{r4, pc}

10003628 <runtime_init_bootrom_locking_enable>:
10003628:	4a03      	ldr	r2, [pc, #12]	@ (10003638 <runtime_init_bootrom_locking_enable+0x10>)
1000362a:	f8d2 3828 	ldr.w	r3, [r2, #2088]	@ 0x828
1000362e:	2b00      	cmp	r3, #0
10003630:	d0fb      	beq.n	1000362a <runtime_init_bootrom_locking_enable+0x2>
10003632:	f3bf 8f5f 	dmb	sy
10003636:	4770      	bx	lr
10003638:	400e0000 	.word	0x400e0000

1000363c <runtime_init_boot_locks_reset>:
1000363c:	2100      	movs	r1, #0
1000363e:	4b04      	ldr	r3, [pc, #16]	@ (10003650 <runtime_init_boot_locks_reset+0x14>)
10003640:	4a04      	ldr	r2, [pc, #16]	@ (10003654 <runtime_init_boot_locks_reset+0x18>)
10003642:	f3bf 8f5f 	dmb	sy
10003646:	f843 1b04 	str.w	r1, [r3], #4
1000364a:	4293      	cmp	r3, r2
1000364c:	d1f9      	bne.n	10003642 <runtime_init_boot_locks_reset+0x6>
1000364e:	4770      	bx	lr
10003650:	400e080c 	.word	0x400e080c
10003654:	400e082c 	.word	0x400e082c

10003658 <xosc_init>:
10003658:	f44f 6c2a 	mov.w	ip, #2720	@ 0xaa0
1000365c:	f44f 708d 	mov.w	r0, #282	@ 0x11a
10003660:	4a05      	ldr	r2, [pc, #20]	@ (10003678 <xosc_init+0x20>)
10003662:	4b06      	ldr	r3, [pc, #24]	@ (1000367c <xosc_init+0x24>)
10003664:	4906      	ldr	r1, [pc, #24]	@ (10003680 <xosc_init+0x28>)
10003666:	f8c2 c000 	str.w	ip, [r2]
1000366a:	60d0      	str	r0, [r2, #12]
1000366c:	6019      	str	r1, [r3, #0]
1000366e:	6853      	ldr	r3, [r2, #4]
10003670:	2b00      	cmp	r3, #0
10003672:	dafc      	bge.n	1000366e <xosc_init+0x16>
10003674:	4770      	bx	lr
10003676:	bf00      	nop
10003678:	40048000 	.word	0x40048000
1000367c:	4004a000 	.word	0x4004a000
10003680:	00fab000 	.word	0x00fab000

10003684 <first_per_core_initializer>:
10003684:	4770      	bx	lr
10003686:	bf00      	nop

10003688 <hard_assertion_failure>:
10003688:	b508      	push	{r3, lr}
1000368a:	4801      	ldr	r0, [pc, #4]	@ (10003690 <hard_assertion_failure+0x8>)
1000368c:	f7fe fd54 	bl	10002138 <panic>
10003690:	100066b8 	.word	0x100066b8

10003694 <runtime_run_initializers>:
10003694:	b538      	push	{r3, r4, r5, lr}
10003696:	4c05      	ldr	r4, [pc, #20]	@ (100036ac <runtime_run_initializers+0x18>)
10003698:	4d05      	ldr	r5, [pc, #20]	@ (100036b0 <runtime_run_initializers+0x1c>)
1000369a:	42ac      	cmp	r4, r5
1000369c:	d204      	bcs.n	100036a8 <runtime_run_initializers+0x14>
1000369e:	f854 3b04 	ldr.w	r3, [r4], #4
100036a2:	4798      	blx	r3
100036a4:	42ac      	cmp	r4, r5
100036a6:	d3fa      	bcc.n	1000369e <runtime_run_initializers+0xa>
100036a8:	bd38      	pop	{r3, r4, r5, pc}
100036aa:	bf00      	nop
100036ac:	10006548 	.word	0x10006548
100036b0:	1000658c 	.word	0x1000658c

100036b4 <runtime_run_per_core_initializers>:
100036b4:	b538      	push	{r3, r4, r5, lr}
100036b6:	4c05      	ldr	r4, [pc, #20]	@ (100036cc <runtime_run_per_core_initializers+0x18>)
100036b8:	4d05      	ldr	r5, [pc, #20]	@ (100036d0 <runtime_run_per_core_initializers+0x1c>)
100036ba:	42ac      	cmp	r4, r5
100036bc:	d204      	bcs.n	100036c8 <runtime_run_per_core_initializers+0x14>
100036be:	f854 3b04 	ldr.w	r3, [r4], #4
100036c2:	4798      	blx	r3
100036c4:	42ac      	cmp	r4, r5
100036c6:	d3fa      	bcc.n	100036be <runtime_run_per_core_initializers+0xa>
100036c8:	bd38      	pop	{r3, r4, r5, pc}
100036ca:	bf00      	nop
100036cc:	10006574 	.word	0x10006574
100036d0:	1000658c 	.word	0x1000658c

100036d4 <runtime_init_early_resets>:
100036d4:	4806      	ldr	r0, [pc, #24]	@ (100036f0 <runtime_init_early_resets+0x1c>)
100036d6:	f8df c028 	ldr.w	ip, [pc, #40]	@ 10003700 <runtime_init_early_resets+0x2c>
100036da:	4b06      	ldr	r3, [pc, #24]	@ (100036f4 <runtime_init_early_resets+0x20>)
100036dc:	4a06      	ldr	r2, [pc, #24]	@ (100036f8 <runtime_init_early_resets+0x24>)
100036de:	4907      	ldr	r1, [pc, #28]	@ (100036fc <runtime_init_early_resets+0x28>)
100036e0:	f8c0 c000 	str.w	ip, [r0]
100036e4:	601a      	str	r2, [r3, #0]
100036e6:	688b      	ldr	r3, [r1, #8]
100036e8:	ea32 0303 	bics.w	r3, r2, r3
100036ec:	d1fb      	bne.n	100036e6 <runtime_init_early_resets+0x12>
100036ee:	4770      	bx	lr
100036f0:	40022000 	.word	0x40022000
100036f4:	40023000 	.word	0x40023000
100036f8:	03f3fff6 	.word	0x03f3fff6
100036fc:	40020000 	.word	0x40020000
10003700:	efef3b7f 	.word	0xefef3b7f

10003704 <runtime_init_usb_power_down>:
10003704:	4b04      	ldr	r3, [pc, #16]	@ (10003718 <runtime_init_usb_power_down+0x14>)
10003706:	6cdb      	ldr	r3, [r3, #76]	@ 0x4c
10003708:	f5b3 4f00 	cmp.w	r3, #32768	@ 0x8000
1000370c:	d103      	bne.n	10003716 <runtime_init_usb_power_down+0x12>
1000370e:	f44f 2280 	mov.w	r2, #262144	@ 0x40000
10003712:	4b02      	ldr	r3, [pc, #8]	@ (1000371c <runtime_init_usb_power_down+0x18>)
10003714:	64da      	str	r2, [r3, #76]	@ 0x4c
10003716:	4770      	bx	lr
10003718:	50110000 	.word	0x50110000
1000371c:	50112000 	.word	0x50112000

10003720 <runtime_init_per_core_enable_coprocessors>:
10003720:	f04f 22e0 	mov.w	r2, #3758153728	@ 0xe000e000
10003724:	4b04      	ldr	r3, [pc, #16]	@ (10003738 <runtime_init_per_core_enable_coprocessors+0x18>)
10003726:	f8d2 1d88 	ldr.w	r1, [r2, #3464]	@ 0xd88
1000372a:	430b      	orrs	r3, r1
1000372c:	f8c2 3d88 	str.w	r3, [r2, #3464]	@ 0xd88
10003730:	ee10 0430 			dcp_rcmp r0
10003734:	4770      	bx	lr
10003736:	bf00      	nop
10003738:	00300303 	.word	0x00300303

1000373c <runtime_init_post_clock_resets>:
1000373c:	f06f 4160 	mvn.w	r1, #3758096384	@ 0xe0000000
10003740:	4b04      	ldr	r3, [pc, #16]	@ (10003754 <runtime_init_post_clock_resets+0x18>)
10003742:	4a05      	ldr	r2, [pc, #20]	@ (10003758 <runtime_init_post_clock_resets+0x1c>)
10003744:	6019      	str	r1, [r3, #0]
10003746:	6893      	ldr	r3, [r2, #8]
10003748:	43db      	mvns	r3, r3
1000374a:	f033 4360 	bics.w	r3, r3, #3758096384	@ 0xe0000000
1000374e:	d1fa      	bne.n	10003746 <runtime_init_post_clock_resets+0xa>
10003750:	4770      	bx	lr
10003752:	bf00      	nop
10003754:	40023000 	.word	0x40023000
10003758:	40020000 	.word	0x40020000

1000375c <runtime_init_bootrom_reset>:
1000375c:	b510      	push	{r4, lr}
1000375e:	f245 2053 	movw	r0, #21075	@ 0x5253
10003762:	f7ff ff17 	bl	10003594 <rom_func_lookup>
10003766:	e8bd 4010 	ldmia.w	sp!, {r4, lr}
1000376a:	4603      	mov	r3, r0
1000376c:	2004      	movs	r0, #4
1000376e:	4718      	bx	r3

10003770 <runtime_init_per_core_bootrom_reset>:
10003770:	b510      	push	{r4, lr}
10003772:	f245 2053 	movw	r0, #21075	@ 0x5253
10003776:	f7ff ff0d 	bl	10003594 <rom_func_lookup>
1000377a:	e8bd 4010 	ldmia.w	sp!, {r4, lr}
1000377e:	4603      	mov	r3, r0
10003780:	2001      	movs	r0, #1
10003782:	4718      	bx	r3

10003784 <runtime_init_spin_locks_reset>:
10003784:	f7fe bd8e 	b.w	100022a4 <spin_locks_reset>

10003788 <runtime_init_install_ram_vector_table>:
10003788:	4913      	ldr	r1, [pc, #76]	@ (100037d8 <runtime_init_install_ram_vector_table+0x50>)
1000378a:	4b14      	ldr	r3, [pc, #80]	@ (100037dc <runtime_init_install_ram_vector_table+0x54>)
1000378c:	b570      	push	{r4, r5, r6, lr}
1000378e:	1a5c      	subs	r4, r3, r1
10003790:	08a5      	lsrs	r5, r4, #2
10003792:	2d44      	cmp	r5, #68	@ 0x44
10003794:	462a      	mov	r2, r5
10003796:	bf28      	it	cs
10003798:	2244      	movcs	r2, #68	@ 0x44
1000379a:	4e11      	ldr	r6, [pc, #68]	@ (100037e0 <runtime_init_install_ram_vector_table+0x58>)
1000379c:	0092      	lsls	r2, r2, #2
1000379e:	4630      	mov	r0, r6
100037a0:	f002 fe1a 	bl	100063d8 <memcpy>
100037a4:	2d43      	cmp	r5, #67	@ 0x43
100037a6:	d813      	bhi.n	100037d0 <runtime_init_install_ram_vector_table+0x48>
100037a8:	4a0e      	ldr	r2, [pc, #56]	@ (100037e4 <runtime_init_install_ram_vector_table+0x5c>)
100037aa:	d00f      	beq.n	100037cc <runtime_init_install_ram_vector_table+0x44>
100037ac:	f1c5 0044 	rsb	r0, r5, #68	@ 0x44
100037b0:	1933      	adds	r3, r6, r4
100037b2:	0841      	lsrs	r1, r0, #1
100037b4:	eb03 01c1 	add.w	r1, r3, r1, lsl #3
100037b8:	e9c3 2200 	strd	r2, r2, [r3]
100037bc:	3308      	adds	r3, #8
100037be:	428b      	cmp	r3, r1
100037c0:	d1fa      	bne.n	100037b8 <runtime_init_install_ram_vector_table+0x30>
100037c2:	07c3      	lsls	r3, r0, #31
100037c4:	d504      	bpl.n	100037d0 <runtime_init_install_ram_vector_table+0x48>
100037c6:	f020 0001 	bic.w	r0, r0, #1
100037ca:	4405      	add	r5, r0
100037cc:	f846 2025 	str.w	r2, [r6, r5, lsl #2]
100037d0:	4b05      	ldr	r3, [pc, #20]	@ (100037e8 <runtime_init_install_ram_vector_table+0x60>)
100037d2:	609e      	str	r6, [r3, #8]
100037d4:	bd70      	pop	{r4, r5, r6, pc}
100037d6:	bf00      	nop
100037d8:	10000000 	.word	0x10000000
100037dc:	10000110 	.word	0x10000110
100037e0:	20000000 	.word	0x20000000
100037e4:	10000111 	.word	0x10000111
100037e8:	e000ed00 	.word	0xe000ed00

100037ec <runtime_init_clocks>:
100037ec:	2300      	movs	r3, #0
100037ee:	b570      	push	{r4, r5, r6, lr}
100037f0:	4c2b      	ldr	r4, [pc, #172]	@ (100038a0 <runtime_init_clocks+0xb4>)
100037f2:	b082      	sub	sp, #8
100037f4:	f8c4 3084 	str.w	r3, [r4, #132]	@ 0x84
100037f8:	f7ff ff2e 	bl	10003658 <xosc_init>
100037fc:	2201      	movs	r2, #1
100037fe:	4b29      	ldr	r3, [pc, #164]	@ (100038a4 <runtime_init_clocks+0xb8>)
10003800:	63da      	str	r2, [r3, #60]	@ 0x3c
10003802:	6c63      	ldr	r3, [r4, #68]	@ 0x44
10003804:	2b01      	cmp	r3, #1
10003806:	d1fc      	bne.n	10003802 <runtime_init_clocks+0x16>
10003808:	2103      	movs	r1, #3
1000380a:	4a26      	ldr	r2, [pc, #152]	@ (100038a4 <runtime_init_clocks+0xb8>)
1000380c:	4b24      	ldr	r3, [pc, #144]	@ (100038a0 <runtime_init_clocks+0xb4>)
1000380e:	6311      	str	r1, [r2, #48]	@ 0x30
10003810:	6b9c      	ldr	r4, [r3, #56]	@ 0x38
10003812:	2c01      	cmp	r4, #1
10003814:	d1fc      	bne.n	10003810 <runtime_init_clocks+0x24>
10003816:	2602      	movs	r6, #2
10003818:	2505      	movs	r5, #5
1000381a:	4621      	mov	r1, r4
1000381c:	2305      	movs	r3, #5
1000381e:	4a22      	ldr	r2, [pc, #136]	@ (100038a8 <runtime_init_clocks+0xbc>)
10003820:	4822      	ldr	r0, [pc, #136]	@ (100038ac <runtime_init_clocks+0xc0>)
10003822:	9600      	str	r6, [sp, #0]
10003824:	f7ff fe22 	bl	1000346c <pll_init>
10003828:	4621      	mov	r1, r4
1000382a:	462b      	mov	r3, r5
1000382c:	4a20      	ldr	r2, [pc, #128]	@ (100038b0 <runtime_init_clocks+0xc4>)
1000382e:	4821      	ldr	r0, [pc, #132]	@ (100038b4 <runtime_init_clocks+0xc8>)
10003830:	9500      	str	r5, [sp, #0]
10003832:	f7ff fe1b 	bl	1000346c <pll_init>
10003836:	2200      	movs	r2, #0
10003838:	2004      	movs	r0, #4
1000383a:	4631      	mov	r1, r6
1000383c:	4b1e      	ldr	r3, [pc, #120]	@ (100038b8 <runtime_init_clocks+0xcc>)
1000383e:	f7ff fc21 	bl	10003084 <clock_configure_undivided>
10003842:	4621      	mov	r1, r4
10003844:	4628      	mov	r0, r5
10003846:	2200      	movs	r2, #0
10003848:	4b1c      	ldr	r3, [pc, #112]	@ (100038bc <runtime_init_clocks+0xd0>)
1000384a:	f7ff fc1b 	bl	10003084 <clock_configure_undivided>
1000384e:	2200      	movs	r2, #0
10003850:	2008      	movs	r0, #8
10003852:	4611      	mov	r1, r2
10003854:	4b1a      	ldr	r3, [pc, #104]	@ (100038c0 <runtime_init_clocks+0xd4>)
10003856:	f7ff fc15 	bl	10003084 <clock_configure_undivided>
1000385a:	2200      	movs	r2, #0
1000385c:	2009      	movs	r0, #9
1000385e:	4611      	mov	r1, r2
10003860:	4b17      	ldr	r3, [pc, #92]	@ (100038c0 <runtime_init_clocks+0xd4>)
10003862:	f7ff fc0f 	bl	10003084 <clock_configure_undivided>
10003866:	2200      	movs	r2, #0
10003868:	2006      	movs	r0, #6
1000386a:	4611      	mov	r1, r2
1000386c:	4b13      	ldr	r3, [pc, #76]	@ (100038bc <runtime_init_clocks+0xd0>)
1000386e:	f7ff fc09 	bl	10003084 <clock_configure_undivided>
10003872:	2200      	movs	r2, #0
10003874:	4b11      	ldr	r3, [pc, #68]	@ (100038bc <runtime_init_clocks+0xd0>)
10003876:	2007      	movs	r0, #7
10003878:	4611      	mov	r1, r2
1000387a:	f7ff fc03 	bl	10003084 <clock_configure_undivided>
1000387e:	2004      	movs	r0, #4
10003880:	f7ff fc6e 	bl	10003160 <clock_get_hz>
10003884:	2400      	movs	r4, #0
10003886:	4b0f      	ldr	r3, [pc, #60]	@ (100038c4 <runtime_init_clocks+0xd8>)
10003888:	fba3 3500 	umull	r3, r5, r3, r0
1000388c:	0cad      	lsrs	r5, r5, #18
1000388e:	b2e0      	uxtb	r0, r4
10003890:	4629      	mov	r1, r5
10003892:	3401      	adds	r4, #1
10003894:	f7ff fe54 	bl	10003540 <tick_start>
10003898:	2c06      	cmp	r4, #6
1000389a:	d1f8      	bne.n	1000388e <runtime_init_clocks+0xa2>
1000389c:	b002      	add	sp, #8
1000389e:	bd70      	pop	{r4, r5, r6, pc}
100038a0:	40010000 	.word	0x40010000
100038a4:	40013000 	.word	0x40013000
100038a8:	59682f00 	.word	0x59682f00
100038ac:	40050000 	.word	0x40050000
100038b0:	47868c00 	.word	0x47868c00
100038b4:	40058000 	.word	0x40058000
100038b8:	00b71b00 	.word	0x00b71b00
100038bc:	08f0d180 	.word	0x08f0d180
100038c0:	02dc6c00 	.word	0x02dc6c00
100038c4:	431bde83 	.word	0x431bde83

100038c8 <generic_save_state>:
100038c8:	b086      	sub	sp, #24
100038ca:	b403      	push	{r0, r1}
100038cc:	fc51 0408 	dcp_pxmd r0, r1
100038d0:	e9cd 0102 	strd	r0, r1, [sp, #8]
100038d4:	fc51 0409 	dcp_pymd r0, r1
100038d8:	e9cd 0104 	strd	r0, r1, [sp, #16]
100038dc:	ec51 040a 	dcp_refd r0, r1
100038e0:	e9cd 0106 	strd	r0, r1, [sp, #24]
100038e4:	bc03      	pop	{r0, r1}
100038e6:	47f0      	blx	lr

100038e8 <generic_restore_state>:
100038e8:	e8bd 5000 	ldmia.w	sp!, {ip, lr}
100038ec:	ec4e c400 	dcp_wxmd ip, lr
100038f0:	e8bd 5000 	ldmia.w	sp!, {ip, lr}
100038f4:	ec4e c401 	dcp_wymd ip, lr
100038f8:	e8bd 5000 	ldmia.w	sp!, {ip, lr}
100038fc:	ec4e c402 	dcp_wefd ip, lr
10003900:	bd00      	pop	{pc}
10003902:	0000      	movs	r0, r0
10003904:	b500      	push	{lr}
10003906:	f7ff ffdf 	bl	100038c8 <generic_save_state>
1000390a:	e002      	b.n	10003912 <__wrap___aeabi_dadd+0x6>

1000390c <__wrap___aeabi_dadd>:
1000390c:	fe10 f430 	dcp_pcmp APSR_nzcv
10003910:	d4f8      	bmi.n	10003904 <generic_restore_state+0x1c>
10003912:	ec41 0410 	dcp_wxup r0, r1
10003916:	ec43 2411 	dcp_wyup r2, r3
1000391a:	ee00 0401 			dcp_add0
1000391e:	ee10 0401 			dcp_add1
10003922:	ee80 0420 			dcp_nrdd
10003926:	ec51 0410 	dcp_rdda r0, r1
1000392a:	4770      	bx	lr
1000392c:	b500      	push	{lr}
1000392e:	f7ff ffcb 	bl	100038c8 <generic_save_state>
10003932:	e002      	b.n	1000393a <__wrap___aeabi_dsub+0x6>

10003934 <__wrap___aeabi_dsub>:
10003934:	fe10 f430 	dcp_pcmp APSR_nzcv
10003938:	d4f8      	bmi.n	1000392c <__wrap___aeabi_dadd+0x20>
1000393a:	ec41 0410 	dcp_wxup r0, r1
1000393e:	ec43 2411 	dcp_wyup r2, r3
10003942:	ee00 0401 			dcp_add0
10003946:	ee10 0421 			dcp_sub1
1000394a:	ee80 0420 			dcp_nrdd
1000394e:	ec51 0430 	dcp_rdds r0, r1
10003952:	4770      	bx	lr
10003954:	b500      	push	{lr}
10003956:	f7ff ffb7 	bl	100038c8 <generic_save_state>
1000395a:	e002      	b.n	10003962 <__wrap___aeabi_dmul+0x6>

1000395c <__wrap___aeabi_dmul>:
1000395c:	fe10 f430 	dcp_pcmp APSR_nzcv
10003960:	d4f8      	bmi.n	10003954 <__wrap___aeabi_dsub+0x20>
10003962:	b510      	push	{r4, lr}
10003964:	ec41 0410 	dcp_wxup r0, r1
10003968:	ec43 2411 	dcp_wyup r2, r3
1000396c:	ec51 0404 	dcp_rxms r0, r1, #0x0
10003970:	ec53 2405 	dcp_ryms r2, r3, #0x0
10003974:	fba0 4c02 	umull	r4, ip, r0, r2
10003978:	f05f 0e00 	movs.w	lr, #0
1000397c:	fbe0 ce03 	umlal	ip, lr, r0, r3
10003980:	fbe1 ce02 	umlal	ip, lr, r1, r2
10003984:	ec4c 4420 	dcp_wxms r4, ip
10003988:	2400      	movs	r4, #0
1000398a:	fbe1 e403 	umlal	lr, r4, r1, r3
1000398e:	ec44 e430 	dcp_wxmo lr, r4
10003992:	ee80 0420 			dcp_nrdd
10003996:	ec51 0450 	dcp_rddm r0, r1
1000399a:	bd10      	pop	{r4, pc}
1000399c:	b500      	push	{lr}
1000399e:	f7ff ff93 	bl	100038c8 <generic_save_state>
100039a2:	e002      	b.n	100039aa <__wrap___aeabi_ddiv+0x6>

100039a4 <__wrap___aeabi_ddiv>:
100039a4:	fe10 f430 	dcp_pcmp APSR_nzcv
100039a8:	d4f8      	bmi.n	1000399c <__wrap___aeabi_dmul+0x40>
100039aa:	ec41 0410 	dcp_wxup r0, r1
100039ae:	ec43 2411 	dcp_wyup r2, r3
100039b2:	ec51 0421 	dcp_rymr r0, r1
100039b6:	fba0 1201 	umull	r1, r2, r0, r1
100039ba:	ea6f 0282 	mvn.w	r2, r2, lsl #2
100039be:	fb52 0010 	smmlar	r0, r2, r0, r0
100039c2:	fb52 f212 	smmulr	r2, r2, r2
100039c6:	fb52 0010 	smmlar	r0, r2, r0, r0
100039ca:	eba0 7cd0 	sub.w	ip, r0, r0, lsr #31
100039ce:	ec53 2404 	dcp_rxms r2, r3, #0x0
100039d2:	fb5c f113 	smmulr	r1, ip, r3
100039d6:	ec53 2415 	dcp_ryms r2, r3, #0x1
100039da:	fba1 2002 	umull	r2, r0, r1, r2
100039de:	fb01 0003 	mla	r0, r1, r3, r0
100039e2:	ec53 2444 	dcp_rxms r2, r3, #0x4
100039e6:	eba2 0000 	sub.w	r0, r2, r0
100039ea:	fb50 f21c 	smmulr	r2, r0, ip
100039ee:	ea4f 1311 	mov.w	r3, r1, lsr #4
100039f2:	eb12 7001 	adds.w	r0, r2, r1, lsl #28
100039f6:	eb43 71e2 	adc.w	r1, r3, r2, asr #31
100039fa:	ea40 5051 	orr.w	r0, r0, r1, lsr #21
100039fe:	ea20 5091 	bic.w	r0, r0, r1, lsr #22
10003a02:	f020 0007 	bic.w	r0, r0, #7
10003a06:	ec53 2475 	dcp_ryms r2, r3, #0x7
10003a0a:	fba0 3c02 	umull	r3, ip, r0, r2
10003a0e:	ec53 2475 	dcp_ryms r2, r3, #0x7
10003a12:	fb00 cc03 	mla	ip, r0, r3, ip
10003a16:	fb01 cc02 	mla	ip, r1, r2, ip
10003a1a:	ec53 2404 	dcp_rxms r2, r3, #0x0
10003a1e:	ebac 4c82 	sub.w	ip, ip, r2, lsl #18
10003a22:	ea40 705c 	orr.w	r0, r0, ip, lsr #29
10003a26:	f1a0 0001 	sub.w	r0, r0, #1
10003a2a:	ec41 0440 	dcp_wxdd r0, r1
10003a2e:	ee80 0420 			dcp_nrdd
10003a32:	ec51 0470 	dcp_rddd r0, r1
10003a36:	4770      	bx	lr
10003a38:	b500      	push	{lr}
10003a3a:	f7ff ff45 	bl	100038c8 <generic_save_state>
10003a3e:	e002      	b.n	10003a46 <__wrap___aeabi_i2d+0x6>

10003a40 <__wrap___aeabi_i2d>:
10003a40:	fe10 f430 	dcp_pcmp APSR_nzcv
10003a44:	d4f8      	bmi.n	10003a38 <__wrap___aeabi_ddiv+0x94>
10003a46:	ec40 0470 	dcp_wxic r0, r0
10003a4a:	ee00 0401 			dcp_add0
10003a4e:	ee10 0421 			dcp_sub1
10003a52:	ee80 0420 			dcp_nrdd
10003a56:	ec51 0430 	dcp_rdds r0, r1
10003a5a:	4770      	bx	lr
10003a5c:	b500      	push	{lr}
10003a5e:	f7ff ff33 	bl	100038c8 <generic_save_state>
10003a62:	e002      	b.n	10003a6a <__wrap___aeabi_ui2d+0x6>

10003a64 <__wrap___aeabi_ui2d>:
10003a64:	fe10 f430 	dcp_pcmp APSR_nzcv
10003a68:	d4f8      	bmi.n	10003a5c <__wrap___aeabi_i2d+0x1c>
10003a6a:	ec40 0460 	dcp_wxuc r0, r0
10003a6e:	ee00 0401 			dcp_add0
10003a72:	ee10 0421 			dcp_sub1
10003a76:	ee80 0420 			dcp_nrdd
10003a7a:	ec51 0430 	dcp_rdds r0, r1
10003a7e:	4770      	bx	lr
10003a80:	b500      	push	{lr}
10003a82:	f7ff ff21 	bl	100038c8 <generic_save_state>
10003a86:	e002      	b.n	10003a8e <double2int_z_entry>

10003a88 <__wrap___aeabi_d2iz>:
10003a88:	fe10 f430 	dcp_pcmp APSR_nzcv
10003a8c:	d4f8      	bmi.n	10003a80 <__wrap___aeabi_ui2d+0x1c>

10003a8e <double2int_z_entry>:
10003a8e:	ec41 0480 	dcp_wxdc r0, r1
10003a92:	ee00 0401 			dcp_add0
10003a96:	ee10 0401 			dcp_add1
10003a9a:	ee80 0440 			dcp_ntdc
10003a9e:	ee10 0413 			dcp_rdic r0
10003aa2:	4770      	bx	lr
10003aa4:	b500      	push	{lr}
10003aa6:	f7ff ff0f 	bl	100038c8 <generic_save_state>
10003aaa:	e002      	b.n	10003ab2 <double2uint_z_entry>

10003aac <__wrap___aeabi_d2uiz>:
10003aac:	fe10 f430 	dcp_pcmp APSR_nzcv
10003ab0:	d4f8      	bmi.n	10003aa4 <double2int_z_entry+0x16>

10003ab2 <double2uint_z_entry>:
10003ab2:	ec41 0480 	dcp_wxdc r0, r1
10003ab6:	ee00 0401 			dcp_add0
10003aba:	ee10 0401 			dcp_add1
10003abe:	ee80 0440 			dcp_ntdc
10003ac2:	ee10 0433 			dcp_rduc r0
10003ac6:	4770      	bx	lr
10003ac8:	b500      	push	{lr}
10003aca:	f7ff fefd 	bl	100038c8 <generic_save_state>
10003ace:	e002      	b.n	10003ad6 <__wrap___aeabi_dcmpun+0x6>

10003ad0 <__wrap___aeabi_dcmpun>:
10003ad0:	fe10 f430 	dcp_pcmp APSR_nzcv
10003ad4:	d4f8      	bmi.n	10003ac8 <double2uint_z_entry+0x16>
10003ad6:	ec41 0410 	dcp_wxup r0, r1
10003ada:	ec43 2411 	dcp_wyup r2, r3
10003ade:	ee00 0401 			dcp_add0
10003ae2:	ee10 0430 			dcp_rcmp r0
10003ae6:	f3c0 7000 	ubfx	r0, r0, #28, #1
10003aea:	4770      	bx	lr
10003aec:	b500      	push	{lr}
10003aee:	f7ff feeb 	bl	100038c8 <generic_save_state>
10003af2:	e002      	b.n	10003afa <__wrap___aeabi_dcmplt+0x6>

10003af4 <__wrap___aeabi_dcmplt>:
10003af4:	fe10 f430 	dcp_pcmp APSR_nzcv
10003af8:	d4f8      	bmi.n	10003aec <__wrap___aeabi_dcmpun+0x1c>
10003afa:	ec43 2410 	dcp_wxup r2, r3
10003afe:	ec41 0411 	dcp_wyup r0, r1
10003b02:	ee00 0401 			dcp_add0
10003b06:	ee10 f430 			dcp_rcmp APSR_nzcv
10003b0a:	bf8c      	ite	hi
10003b0c:	2001      	movhi	r0, #1
10003b0e:	2000      	movls	r0, #0
10003b10:	4770      	bx	lr
10003b12:	bf00      	nop
10003b14:	b500      	push	{lr}
10003b16:	f7ff fed7 	bl	100038c8 <generic_save_state>
10003b1a:	e002      	b.n	10003b22 <__wrap___aeabi_dcmple+0x6>

10003b1c <__wrap___aeabi_dcmple>:
10003b1c:	fe10 f430 	dcp_pcmp APSR_nzcv
10003b20:	d4f8      	bmi.n	10003b14 <__wrap___aeabi_dcmplt+0x20>
10003b22:	ec43 2410 	dcp_wxup r2, r3
10003b26:	ec41 0411 	dcp_wyup r0, r1
10003b2a:	ee00 0401 			dcp_add0
10003b2e:	ee10 f430 			dcp_rcmp APSR_nzcv
10003b32:	bf2c      	ite	cs
10003b34:	2001      	movcs	r0, #1
10003b36:	2000      	movcc	r0, #0
10003b38:	4770      	bx	lr
10003b3a:	bf00      	nop
10003b3c:	b500      	push	{lr}
10003b3e:	f7ff fec3 	bl	100038c8 <generic_save_state>
10003b42:	e002      	b.n	10003b4a <__wrap___aeabi_dcmpge+0x6>

10003b44 <__wrap___aeabi_dcmpge>:
10003b44:	fe10 f430 	dcp_pcmp APSR_nzcv
10003b48:	d4f8      	bmi.n	10003b3c <__wrap___aeabi_dcmple+0x20>
10003b4a:	ec41 0410 	dcp_wxup r0, r1
10003b4e:	ec43 2411 	dcp_wyup r2, r3
10003b52:	ee00 0401 			dcp_add0
10003b56:	ee10 f430 			dcp_rcmp APSR_nzcv
10003b5a:	bf2c      	ite	cs
10003b5c:	2001      	movcs	r0, #1
10003b5e:	2000      	movcc	r0, #0
10003b60:	4770      	bx	lr
10003b62:	bf00      	nop
10003b64:	b500      	push	{lr}
10003b66:	f7ff feaf 	bl	100038c8 <generic_save_state>
10003b6a:	e002      	b.n	10003b72 <__wrap___aeabi_dcmpgt+0x6>

10003b6c <__wrap___aeabi_dcmpgt>:
10003b6c:	fe10 f430 	dcp_pcmp APSR_nzcv
10003b70:	d4f8      	bmi.n	10003b64 <__wrap___aeabi_dcmpge+0x20>
10003b72:	ec41 0410 	dcp_wxup r0, r1
10003b76:	ec43 2411 	dcp_wyup r2, r3
10003b7a:	ee00 0401 			dcp_add0
10003b7e:	ee10 f430 			dcp_rcmp APSR_nzcv
10003b82:	bf8c      	ite	hi
10003b84:	2001      	movhi	r0, #1
10003b86:	2000      	movls	r0, #0
10003b88:	4770      	bx	lr
10003b8a:	bf00      	nop
10003b8c:	00000000 	.word	0x00000000

10003b90 <rtwopi>:
	...
10003b98:	28be60db 	.word	0x28be60db
10003b9c:	9391054a 	.word	0x9391054a
10003ba0:	7f09d5f4 	.word	0x7f09d5f4
10003ba4:	7d4d3770 	.word	0x7d4d3770
10003ba8:	36d8a566 	.word	0x36d8a566
10003bac:	4f10e410 	.word	0x4f10e410

10003bb0 <frr_core>:
10003bb0:	f2af 0224 	subw	r2, pc, #36	@ 0x24
10003bb4:	114b      	asrs	r3, r1, #5
10003bb6:	eb02 0283 	add.w	r2, r2, r3, lsl #2
10003bba:	f001 031f 	and.w	r3, r1, #31
10003bbe:	f04f 0401 	mov.w	r4, #1
10003bc2:	409c      	lsls	r4, r3
10003bc4:	fba4 3400 	umull	r3, r4, r4, r0
10003bc8:	68d5      	ldr	r5, [r2, #12]
10003bca:	fba5 5604 	umull	r5, r6, r5, r4
10003bce:	6895      	ldr	r5, [r2, #8]
10003bd0:	fb05 6604 	mla	r6, r5, r4, r6
10003bd4:	fbe5 5603 	umlal	r5, r6, r5, r3
10003bd8:	6855      	ldr	r5, [r2, #4]
10003bda:	fb05 6603 	mla	r6, r5, r3, r6
10003bde:	4770      	bx	lr
10003be0:	0241      	lsls	r1, r0, #9
10003be2:	d101      	bne.n	10003be8 <frr_core+0x38>
10003be4:	f050 4000 	orrs.w	r0, r0, #2147483648	@ 0x80000000
10003be8:	f450 0080 	orrs.w	r0, r0, #4194304	@ 0x400000
10003bec:	4770      	bx	lr
10003bee:	b5f0      	push	{r4, r5, r6, r7, lr}
10003bf0:	2301      	movs	r3, #1
10003bf2:	f363 50df 	bfi	r0, r3, #23, #9
10003bf6:	f1c1 0109 	rsb	r1, r1, #9
10003bfa:	f04f 077e 	mov.w	r7, #126	@ 0x7e
10003bfe:	f7ff ffd7 	bl	10003bb0 <frr_core>
10003c02:	0fb3      	lsrs	r3, r6, #30
10003c04:	f153 0300 	adcs.w	r3, r3, #0
10003c08:	449c      	add	ip, r3
10003c0a:	ebb6 7683 	subs.w	r6, r6, r3, lsl #30
10003c0e:	00b2      	lsls	r2, r6, #2
10003c10:	bf28      	it	cs
10003c12:	4252      	negcs	r2, r2
10003c14:	f1b2 5f80 	cmp.w	r2, #268435456	@ 0x10000000
10003c18:	d20b      	bcs.n	10003c32 <frr_core+0x82>
10003c1a:	3102      	adds	r1, #2
10003c1c:	f7ff ffc8 	bl	10003bb0 <frr_core>
10003c20:	ea96 0226 	eors.w	r2, r6, r6, asr #32
10003c24:	f142 0200 	adc.w	r2, r2, #0
10003c28:	f1b2 5f80 	cmp.w	r2, #268435456	@ 0x10000000
10003c2c:	d201      	bcs.n	10003c32 <frr_core+0x82>
10003c2e:	3f02      	subs	r7, #2
10003c30:	d5f3      	bpl.n	10003c1a <frr_core+0x6a>
10003c32:	4c0a      	ldr	r4, [pc, #40]	@ (10003c5c <frr_core+0xac>)
10003c34:	fba2 2404 	umull	r2, r4, r2, r4
10003c38:	fab4 f284 	clz	r2, r4
10003c3c:	4094      	lsls	r4, r2
10003c3e:	0a24      	lsrs	r4, r4, #8
10003c40:	eba7 0202 	sub.w	r2, r7, r2
10003c44:	eb44 50c2 	adc.w	r0, r4, r2, lsl #23
10003c48:	0dc1      	lsrs	r1, r0, #23
10003c4a:	f1d1 017f 	rsbs	r1, r1, #127	@ 0x7f
10003c4e:	0ff6      	lsrs	r6, r6, #31
10003c50:	eb00 73c6 	add.w	r3, r0, r6, lsl #31
10003c54:	e8bd 40f0 	ldmia.w	sp!, {r4, r5, r6, r7, lr}
10003c58:	e073      	b.n	10003d42 <__wrap_cosf+0x14>
10003c5a:	0000      	.short	0x0000
10003c5c:	c90fdaa2 	.word	0xc90fdaa2
10003c60:	f111 0f80 	cmn.w	r1, #128	@ 0x80
10003c64:	d0bc      	beq.n	10003be0 <frr_core+0x30>
10003c66:	ea30 72cc 	bics.w	r2, r0, ip, lsl #31
10003c6a:	bf48      	it	mi
10003c6c:	f10c 0c02 	addmi.w	ip, ip, #2
10003c70:	f020 4000 	bic.w	r0, r0, #2147483648	@ 0x80000000
10003c74:	ee00 0a10 	vmov	s0, r0
10003c78:	a20d      	add	r2, pc, #52	@ (adr r2, 10003cb0 <k_sc4>)
10003c7a:	ecf2 2a03 	vldmia	r2!, {s5-s7}
10003c7e:	ee22 2a80 	vmul.f32	s4, s5, s0
10003c82:	f111 0f08 	cmn.w	r1, #8
10003c86:	feb9 2a42 	vrintn.f32	s4, s4
10003c8a:	ddb0      	ble.n	10003bee <frr_core+0x3e>
10003c8c:	eea2 0a63 	vfms.f32	s0, s4, s7
10003c90:	eea2 0a43 	vfms.f32	s0, s4, s6
10003c94:	ee10 3a10 	vmov	r3, s0
10003c98:	eefd 1ac2 	vcvt.s32.f32	s3, s4
10003c9c:	f3c3 52c7 	ubfx	r2, r3, #23, #8
10003ca0:	2a78      	cmp	r2, #120	@ 0x78
10003ca2:	d3a4      	bcc.n	10003bee <frr_core+0x3e>
10003ca4:	f1d2 017f 	rsbs	r1, r2, #127	@ 0x7f
10003ca8:	ee11 2a90 	vmov	r2, s3
10003cac:	4494      	add	ip, r2
10003cae:	e048      	b.n	10003d42 <__wrap_cosf+0x14>

10003cb0 <k_sc4>:
10003cb0:	3f22f983 	.word	0x3f22f983
10003cb4:	b695777a 	.word	0xb695777a
10003cb8:	3fc91000 	.word	0x3fc91000

10003cbc <__wrap_sincosf>:
10003cbc:	b507      	push	{r0, r1, r2, lr}
10003cbe:	f3c0 51c7 	ubfx	r1, r0, #23, #8
10003cc2:	29ff      	cmp	r1, #255	@ 0xff
10003cc4:	d025      	beq.n	10003d12 <__wrap_sincosf+0x56>
10003cc6:	f000 f832 	bl	10003d2e <__wrap_cosf>
10003cca:	e8bd 4006 	ldmia.w	sp!, {r1, r2, lr}
10003cce:	f8ce 0000 	str.w	r0, [lr]
10003cd2:	d20e      	bcs.n	10003cf2 <__wrap_sincosf+0x36>
10003cd4:	43c9      	mvns	r1, r1
10003cd6:	ea8c 7cd1 	eor.w	ip, ip, r1, lsr #31
10003cda:	ee63 2aa0 	vmul.f32	s5, s7, s1
10003cde:	eee1 2a03 	vfma.f32	s5, s2, s6
10003ce2:	ee73 2a62 	vsub.f32	s5, s6, s5
10003ce6:	ee12 0a90 	vmov	r0, s5
10003cea:	ea80 70cc 	eor.w	r0, r0, ip, lsl #31
10003cee:	6010      	str	r0, [r2, #0]
10003cf0:	bd00      	pop	{pc}
10003cf2:	ea8c 7cd1 	eor.w	ip, ip, r1, lsr #31
10003cf6:	ee21 2a23 	vmul.f32	s4, s2, s7
10003cfa:	eea3 2a60 	vfms.f32	s4, s6, s1
10003cfe:	ea8c 71d3 	eor.w	r1, ip, r3, lsr #31
10003d02:	ee33 2ac2 	vsub.f32	s4, s7, s4
10003d06:	ee12 0a10 	vmov	r0, s4
10003d0a:	ea80 70c1 	eor.w	r0, r0, r1, lsl #31
10003d0e:	6010      	str	r0, [r2, #0]
10003d10:	bd00      	pop	{pc}
10003d12:	0241      	lsls	r1, r0, #9
10003d14:	e8bd 400e 	ldmia.w	sp!, {r1, r2, r3, lr}
10003d18:	d101      	bne.n	10003d1e <__wrap_sincosf+0x62>
10003d1a:	f050 4000 	orrs.w	r0, r0, #2147483648	@ 0x80000000
10003d1e:	f450 0080 	orrs.w	r0, r0, #4194304	@ 0x400000
10003d22:	6010      	str	r0, [r2, #0]
10003d24:	6018      	str	r0, [r3, #0]
10003d26:	4770      	bx	lr

10003d28 <__wrap_sinf>:
10003d28:	f05f 0c00 	movs.w	ip, #0
10003d2c:	e001      	b.n	10003d32 <__wrap_cosf+0x4>

10003d2e <__wrap_cosf>:
10003d2e:	f05f 0c01 	movs.w	ip, #1
10003d32:	f3c0 51c7 	ubfx	r1, r0, #23, #8
10003d36:	b3a1      	cbz	r1, 10003da2 <fsc_sintail+0x1a>
10003d38:	f1d1 017f 	rsbs	r1, r1, #127	@ 0x7f
10003d3c:	d990      	bls.n	10003c60 <frr_core+0xb0>
10003d3e:	ea20 73cc 	bic.w	r3, r0, ip, lsl #31
10003d42:	f023 4000 	bic.w	r0, r3, #2147483648	@ 0x80000000
10003d46:	ee00 0a10 	vmov	s0, r0
10003d4a:	f3c0 4084 	ubfx	r0, r0, #18, #5
10003d4e:	3020      	adds	r0, #32
10003d50:	fa30 f101 	lsrs.w	r1, r0, r1
10003d54:	4a83      	ldr	r2, [pc, #524]	@ (10003f64 <trigtab2+0x18c>)
10003d56:	f151 0100 	adcs.w	r1, r1, #0
10003d5a:	ecb2 4a02 	vldmia	r2!, {s8-s9}
10003d5e:	eb02 0281 	add.w	r2, r2, r1, lsl #2
10003d62:	eb02 02c1 	add.w	r2, r2, r1, lsl #3
10003d66:	ecd2 2a03 	vldmia	r2, {s5-s7}
10003d6a:	ee70 0a62 	vsub.f32	s1, s0, s5
10003d6e:	ee20 1aa0 	vmul.f32	s2, s1, s1
10003d72:	ea5f 0c5c 	movs.w	ip, ip, lsr #1
10003d76:	ee61 1a20 	vmul.f32	s3, s2, s1
10003d7a:	d215      	bcs.n	10003da8 <fsc_sintail+0x20>
10003d7c:	ee21 1a04 	vmul.f32	s2, s2, s8
10003d80:	ee61 1aa4 	vmul.f32	s3, s3, s9
10003d84:	ee70 0ae1 	vsub.f32	s1, s1, s3

10003d88 <fsc_sintail>:
10003d88:	ee21 2a23 	vmul.f32	s4, s2, s7
10003d8c:	eea3 2a60 	vfms.f32	s4, s6, s1
10003d90:	ea8c 71d3 	eor.w	r1, ip, r3, lsr #31
10003d94:	ee33 2ac2 	vsub.f32	s4, s7, s4
10003d98:	ee12 0a10 	vmov	r0, s4
10003d9c:	ea80 70c1 	eor.w	r0, r0, r1, lsl #31
10003da0:	4770      	bx	lr
10003da2:	f000 4000 	and.w	r0, r0, #2147483648	@ 0x80000000
10003da6:	e7c7      	b.n	10003d38 <__wrap_cosf+0xa>
10003da8:	ee61 1aa4 	vmul.f32	s3, s3, s9
10003dac:	ee70 0ae1 	vsub.f32	s1, s1, s3
10003db0:	ee21 1a04 	vmul.f32	s2, s2, s8

10003db4 <fsc_costail>:
10003db4:	ee63 2aa0 	vmul.f32	s5, s7, s1
10003db8:	eee1 2a03 	vfma.f32	s5, s2, s6
10003dbc:	ee73 2a62 	vsub.f32	s5, s6, s5
10003dc0:	ee12 0a90 	vmov	r0, s5
10003dc4:	ea80 70cc 	eor.w	r0, r0, ip, lsl #31
10003dc8:	4770      	bx	lr
10003dca:	bf00      	nop
10003dcc:	f3af 8000 	nop.w

10003dd0 <k_sc3>:
10003dd0:	3efffec1 	.word	0x3efffec1
10003dd4:	3e2aaa25 	.word	0x3e2aaa25

10003dd8 <trigtab2>:
10003dd8:	00000000 	.word	0x00000000
10003ddc:	3f800000 	.word	0x3f800000
10003de0:	00000000 	.word	0x00000000
10003de4:	3cfcc961 	.word	0x3cfcc961
10003de8:	3f7fe0cd 	.word	0x3f7fe0cd
10003dec:	3cfcbf1c 	.word	0x3cfcbf1c
10003df0:	3d810576 	.word	0x3d810576
10003df4:	3f7f7dfe 	.word	0x3f7f7dfe
10003df8:	3d80ef9e 	.word	0x3d80ef9e
10003dfc:	3dbf0c09 	.word	0x3dbf0c09
10003e00:	3f7ee30f 	.word	0x3f7ee30f
10003e04:	3dbec522 	.word	0x3dbec522
10003e08:	3dff24b6 	.word	0x3dff24b6
10003e0c:	3f7e0414 	.word	0x3f7e0414
10003e10:	3dfe7be2 	.word	0x3dfe7be2
10003e14:	3e1f0713 	.word	0x3e1f0713
10003e18:	3f7ceb48 	.word	0x3f7ceb48
10003e1c:	3e1e63a0 	.word	0x3e1e63a0
10003e20:	3e40306d 	.word	0x3e40306d
10003e24:	3f7b811d 	.word	0x3f7b811d
10003e28:	3e3f1015 	.word	0x3e3f1015
10003e2c:	3e60ada2 	.word	0x3e60ada2
10003e30:	3f79dccf 	.word	0x3f79dccf
10003e34:	3e5ee13e 	.word	0x3e5ee13e
10003e38:	3e800d7b 	.word	0x3e800d7b
10003e3c:	3f7808fa 	.word	0x3f7808fa
10003e40:	3e7d7196 	.word	0x3e7d7196
10003e44:	3e8f986e 	.word	0x3e8f986e
10003e48:	3f75ff65 	.word	0x3f75ff65
10003e4c:	3e8db868 	.word	0x3e8db868
10003e50:	3e9fe1f4 	.word	0x3e9fe1f4
10003e54:	3f739e93 	.word	0x3f739e93
10003e58:	3e9d4bfd 	.word	0x3e9d4bfd
10003e5c:	3eb054c6 	.word	0x3eb054c6
10003e60:	3f70f7ae 	.word	0x3f70f7ae
10003e64:	3eacddb3 	.word	0x3eacddb3
10003e68:	3ebf89c5 	.word	0x3ebf89c5
10003e6c:	3f6e4b60 	.word	0x3f6e4b60
10003e70:	3ebb1a0a 	.word	0x3ebb1a0a
10003e74:	3ecfc426 	.word	0x3ecfc426
10003e78:	3f6b35ca 	.word	0x3f6b35ca
10003e7c:	3eca1c63 	.word	0x3eca1c63
10003e80:	3ee054f2 	.word	0x3ee054f2
10003e84:	3f67d166 	.word	0x3f67d166
10003e88:	3ed93907 	.word	0x3ed93907
10003e8c:	3eeff0dd 	.word	0x3eeff0dd
10003e90:	3f64664b 	.word	0x3f64664b
10003e94:	3ee74116 	.word	0x3ee74116
10003e98:	3f002b31 	.word	0x3f002b31
10003e9c:	3f609488 	.word	0x3f609488
10003ea0:	3ef5c30f 	.word	0x3ef5c30f
10003ea4:	3f07e407 	.word	0x3f07e407
10003ea8:	3f5cc5a2 	.word	0x3f5cc5a2
10003eac:	3f01992b 	.word	0x3f01992b
10003eb0:	3f101fc5 	.word	0x3f101fc5
10003eb4:	3f587d8f 	.word	0x3f587d8f
10003eb8:	3f08a165 	.word	0x3f08a165
10003ebc:	3f17f68a 	.word	0x3f17f68a
10003ec0:	3f5434b5 	.word	0x3f5434b5
10003ec4:	3f0f31ca 	.word	0x3f0f31ca
10003ec8:	3f1fffe2 	.word	0x3f1fffe2
10003ecc:	3f4f9b59 	.word	0x3f4f9b59
10003ed0:	3f15c8d7 	.word	0x3f15c8d7
10003ed4:	3f280646 	.word	0x3f280646
10003ed8:	3f4acf6b 	.word	0x3f4acf6b
10003edc:	3f1c37c4 	.word	0x3f1c37c4
10003ee0:	3f303041 	.word	0x3f303041
10003ee4:	3f45b9e0 	.word	0x3f45b9e0
10003ee8:	3f229ae4 	.word	0x3f229ae4
10003eec:	3f381da7 	.word	0x3f381da7
10003ef0:	3f4098ca 	.word	0x3f4098ca
10003ef4:	3f28a620 	.word	0x3f28a620
10003ef8:	3f3fc72f 	.word	0x3f3fc72f
10003efc:	3f3b76ac 	.word	0x3f3b76ac
10003f00:	3f2e564a 	.word	0x3f2e564a
10003f04:	3f4813db 	.word	0x3f4813db
10003f08:	3f35b6cc 	.word	0x3f35b6cc
10003f0c:	3f34526b 	.word	0x3f34526b
10003f10:	3f4fc779 	.word	0x3f4fc779
10003f14:	3f30352f 	.word	0x3f30352f
10003f18:	3f39b4d0 	.word	0x3f39b4d0
10003f1c:	3f57dd52 	.word	0x3f57dd52
10003f20:	3f2a4170 	.word	0x3f2a4170
10003f24:	3f3f2d91 	.word	0x3f3f2d91
10003f28:	3f5fce26 	.word	0x3f5fce26
10003f2c:	3f243e9f 	.word	0x3f243e9f
10003f30:	3f445dc3 	.word	0x3f445dc3
10003f34:	3f6825f1 	.word	0x3f6825f1
10003f38:	3f1dc250 	.word	0x3f1dc250
10003f3c:	3f499d1c 	.word	0x3f499d1c
10003f40:	3f703be1 	.word	0x3f703be1
10003f44:	3f175041 	.word	0x3f175041
10003f48:	3f4e7ebf 	.word	0x3f4e7ebf
10003f4c:	3f781078 	.word	0x3f781078
10003f50:	3f10ed71 	.word	0x3f10ed71
10003f54:	3f5306af 	.word	0x3f5306af
10003f58:	3f7ff4d4 	.word	0x3f7ff4d4
10003f5c:	3f0a5aa7 	.word	0x3f0a5aa7
10003f60:	3f57649b 	.word	0x3f57649b
10003f64:	10003dd0 	.word	0x10003dd0

10003f68 <_out_buffer>:
10003f68:	429a      	cmp	r2, r3
10003f6a:	bf38      	it	cc
10003f6c:	5488      	strbcc	r0, [r1, r2]
10003f6e:	4770      	bx	lr

10003f70 <_out_null>:
10003f70:	4770      	bx	lr
10003f72:	bf00      	nop

10003f74 <_out_rev>:
10003f74:	e92d 4ff0 	stmdb	sp!, {r4, r5, r6, r7, r8, r9, sl, fp, lr}
10003f78:	b083      	sub	sp, #12
10003f7a:	460f      	mov	r7, r1
10003f7c:	4611      	mov	r1, r2
10003f7e:	e9dd b20e 	ldrd	fp, r2, [sp, #56]	@ 0x38
10003f82:	0792      	lsls	r2, r2, #30
10003f84:	4698      	mov	r8, r3
10003f86:	e9dd 930c 	ldrd	r9, r3, [sp, #48]	@ 0x30
10003f8a:	4606      	mov	r6, r0
10003f8c:	d029      	beq.n	10003fe2 <_out_rev+0x6e>
10003f8e:	460d      	mov	r5, r1
10003f90:	b19b      	cbz	r3, 10003fba <_out_rev+0x46>
10003f92:	eb09 0403 	add.w	r4, r9, r3
10003f96:	eb05 0a04 	add.w	sl, r5, r4
10003f9a:	9501      	str	r5, [sp, #4]
10003f9c:	460d      	mov	r5, r1
10003f9e:	930d      	str	r3, [sp, #52]	@ 0x34
10003fa0:	ebaa 0204 	sub.w	r2, sl, r4
10003fa4:	f814 0d01 	ldrb.w	r0, [r4, #-1]!
10003fa8:	4643      	mov	r3, r8
10003faa:	4639      	mov	r1, r7
10003fac:	47b0      	blx	r6
10003fae:	45a1      	cmp	r9, r4
10003fb0:	d1f6      	bne.n	10003fa0 <_out_rev+0x2c>
10003fb2:	4629      	mov	r1, r5
10003fb4:	9b0d      	ldr	r3, [sp, #52]	@ 0x34
10003fb6:	9d01      	ldr	r5, [sp, #4]
10003fb8:	441d      	add	r5, r3
10003fba:	9b0f      	ldr	r3, [sp, #60]	@ 0x3c
10003fbc:	079b      	lsls	r3, r3, #30
10003fbe:	d50c      	bpl.n	10003fda <_out_rev+0x66>
10003fc0:	1a6c      	subs	r4, r5, r1
10003fc2:	45a3      	cmp	fp, r4
10003fc4:	d909      	bls.n	10003fda <_out_rev+0x66>
10003fc6:	462a      	mov	r2, r5
10003fc8:	4643      	mov	r3, r8
10003fca:	4639      	mov	r1, r7
10003fcc:	2020      	movs	r0, #32
10003fce:	3401      	adds	r4, #1
10003fd0:	47b0      	blx	r6
10003fd2:	455c      	cmp	r4, fp
10003fd4:	f105 0501 	add.w	r5, r5, #1
10003fd8:	d3f5      	bcc.n	10003fc6 <_out_rev+0x52>
10003fda:	4628      	mov	r0, r5
10003fdc:	b003      	add	sp, #12
10003fde:	e8bd 8ff0 	ldmia.w	sp!, {r4, r5, r6, r7, r8, r9, sl, fp, pc}
10003fe2:	455b      	cmp	r3, fp
10003fe4:	d215      	bcs.n	10004012 <_out_rev+0x9e>
10003fe6:	468a      	mov	sl, r1
10003fe8:	461c      	mov	r4, r3
10003fea:	4689      	mov	r9, r1
10003fec:	ebab 0503 	sub.w	r5, fp, r3
10003ff0:	440d      	add	r5, r1
10003ff2:	4652      	mov	r2, sl
10003ff4:	4643      	mov	r3, r8
10003ff6:	4639      	mov	r1, r7
10003ff8:	2020      	movs	r0, #32
10003ffa:	f10a 0a01 	add.w	sl, sl, #1
10003ffe:	47b0      	blx	r6
10004000:	45aa      	cmp	sl, r5
10004002:	d1f6      	bne.n	10003ff2 <_out_rev+0x7e>
10004004:	4649      	mov	r1, r9
10004006:	4623      	mov	r3, r4
10004008:	f8dd 9030 	ldr.w	r9, [sp, #48]	@ 0x30
1000400c:	2c00      	cmp	r4, #0
1000400e:	d1c0      	bne.n	10003f92 <_out_rev+0x1e>
10004010:	e7e3      	b.n	10003fda <_out_rev+0x66>
10004012:	460d      	mov	r5, r1
10004014:	2b00      	cmp	r3, #0
10004016:	d1bc      	bne.n	10003f92 <_out_rev+0x1e>
10004018:	e7df      	b.n	10003fda <_out_rev+0x66>
1000401a:	bf00      	nop

1000401c <_ntoa_format>:
1000401c:	e92d 4ff0 	stmdb	sp!, {r4, r5, r6, r7, r8, r9, sl, fp, lr}
10004020:	460f      	mov	r7, r1
10004022:	990f      	ldr	r1, [sp, #60]	@ 0x3c
10004024:	4606      	mov	r6, r0
10004026:	f89d 002c 	ldrb.w	r0, [sp, #44]	@ 0x2c
1000402a:	078d      	lsls	r5, r1, #30
1000402c:	4690      	mov	r8, r2
1000402e:	e9dd a20c 	ldrd	sl, r2, [sp, #48]	@ 0x30
10004032:	4699      	mov	r9, r3
10004034:	4683      	mov	fp, r0
10004036:	9c09      	ldr	r4, [sp, #36]	@ 0x24
10004038:	f8dd c028 	ldr.w	ip, [sp, #40]	@ 0x28
1000403c:	9b0e      	ldr	r3, [sp, #56]	@ 0x38
1000403e:	d449      	bmi.n	100040d4 <_ntoa_format+0xb8>
10004040:	2b00      	cmp	r3, #0
10004042:	d142      	bne.n	100040ca <_ntoa_format+0xae>
10004044:	4594      	cmp	ip, r2
10004046:	d245      	bcs.n	100040d4 <_ntoa_format+0xb8>
10004048:	f001 0501 	and.w	r5, r1, #1
1000404c:	f104 3eff 	add.w	lr, r4, #4294967295	@ 0xffffffff
10004050:	2030      	movs	r0, #48	@ 0x30
10004052:	44e6      	add	lr, ip
10004054:	e005      	b.n	10004062 <_ntoa_format+0x46>
10004056:	f10c 0c01 	add.w	ip, ip, #1
1000405a:	4562      	cmp	r2, ip
1000405c:	f80e 0f01 	strb.w	r0, [lr, #1]!
10004060:	d902      	bls.n	10004068 <_ntoa_format+0x4c>
10004062:	f1bc 0f20 	cmp.w	ip, #32
10004066:	d1f6      	bne.n	10004056 <_ntoa_format+0x3a>
10004068:	2d00      	cmp	r5, #0
1000406a:	f000 8087 	beq.w	1000417c <_ntoa_format+0x160>
1000406e:	4563      	cmp	r3, ip
10004070:	d930      	bls.n	100040d4 <_ntoa_format+0xb8>
10004072:	1e60      	subs	r0, r4, #1
10004074:	f04f 0e30 	mov.w	lr, #48	@ 0x30
10004078:	4460      	add	r0, ip
1000407a:	e005      	b.n	10004088 <_ntoa_format+0x6c>
1000407c:	f10c 0c01 	add.w	ip, ip, #1
10004080:	459c      	cmp	ip, r3
10004082:	f800 ef01 	strb.w	lr, [r0, #1]!
10004086:	d025      	beq.n	100040d4 <_ntoa_format+0xb8>
10004088:	f1bc 0f20 	cmp.w	ip, #32
1000408c:	d1f6      	bne.n	1000407c <_ntoa_format+0x60>
1000408e:	06cd      	lsls	r5, r1, #27
10004090:	d50e      	bpl.n	100040b0 <_ntoa_format+0x94>
10004092:	0548      	lsls	r0, r1, #21
10004094:	d451      	bmi.n	1000413a <_ntoa_format+0x11e>
10004096:	4562      	cmp	r2, ip
10004098:	d064      	beq.n	10004164 <_ntoa_format+0x148>
1000409a:	4563      	cmp	r3, ip
1000409c:	d062      	beq.n	10004164 <_ntoa_format+0x148>
1000409e:	f1ba 0f10 	cmp.w	sl, #16
100040a2:	d04d      	beq.n	10004140 <_ntoa_format+0x124>
100040a4:	f1ba 0f02 	cmp.w	sl, #2
100040a8:	d055      	beq.n	10004156 <_ntoa_format+0x13a>
100040aa:	f1bc 0f20 	cmp.w	ip, #32
100040ae:	d12d      	bne.n	1000410c <_ntoa_format+0xf0>
100040b0:	2220      	movs	r2, #32
100040b2:	e9cd 310b 	strd	r3, r1, [sp, #44]	@ 0x2c
100040b6:	920a      	str	r2, [sp, #40]	@ 0x28
100040b8:	464b      	mov	r3, r9
100040ba:	4642      	mov	r2, r8
100040bc:	4639      	mov	r1, r7
100040be:	4630      	mov	r0, r6
100040c0:	9409      	str	r4, [sp, #36]	@ 0x24
100040c2:	e8bd 4ff0 	ldmia.w	sp!, {r4, r5, r6, r7, r8, r9, sl, fp, lr}
100040c6:	f7ff bf55 	b.w	10003f74 <_out_rev>
100040ca:	f011 0501 	ands.w	r5, r1, #1
100040ce:	d12e      	bne.n	1000412e <_ntoa_format+0x112>
100040d0:	4594      	cmp	ip, r2
100040d2:	d3bb      	bcc.n	1000404c <_ntoa_format+0x30>
100040d4:	06cd      	lsls	r5, r1, #27
100040d6:	d51e      	bpl.n	10004116 <_ntoa_format+0xfa>
100040d8:	0548      	lsls	r0, r1, #21
100040da:	d4e0      	bmi.n	1000409e <_ntoa_format+0x82>
100040dc:	f1bc 0f00 	cmp.w	ip, #0
100040e0:	d1d9      	bne.n	10004096 <_ntoa_format+0x7a>
100040e2:	f1ba 0f10 	cmp.w	sl, #16
100040e6:	d05f      	beq.n	100041a8 <_ntoa_format+0x18c>
100040e8:	f1ba 0f02 	cmp.w	sl, #2
100040ec:	d074      	beq.n	100041d8 <_ntoa_format+0x1bc>
100040ee:	2230      	movs	r2, #48	@ 0x30
100040f0:	f04f 0c01 	mov.w	ip, #1
100040f4:	7022      	strb	r2, [r4, #0]
100040f6:	f1bb 0f00 	cmp.w	fp, #0
100040fa:	d112      	bne.n	10004122 <_ntoa_format+0x106>
100040fc:	0748      	lsls	r0, r1, #29
100040fe:	d542      	bpl.n	10004186 <_ntoa_format+0x16a>
10004100:	222b      	movs	r2, #43	@ 0x2b
10004102:	f804 200c 	strb.w	r2, [r4, ip]
10004106:	f10c 0201 	add.w	r2, ip, #1
1000410a:	e7d2      	b.n	100040b2 <_ntoa_format+0x96>
1000410c:	4662      	mov	r2, ip
1000410e:	f10c 0c01 	add.w	ip, ip, #1
10004112:	2030      	movs	r0, #48	@ 0x30
10004114:	54a0      	strb	r0, [r4, r2]
10004116:	f1bc 0f20 	cmp.w	ip, #32
1000411a:	d0c9      	beq.n	100040b0 <_ntoa_format+0x94>
1000411c:	f1bb 0f00 	cmp.w	fp, #0
10004120:	d0ec      	beq.n	100040fc <_ntoa_format+0xe0>
10004122:	222d      	movs	r2, #45	@ 0x2d
10004124:	f804 200c 	strb.w	r2, [r4, ip]
10004128:	f10c 0201 	add.w	r2, ip, #1
1000412c:	e7c1      	b.n	100040b2 <_ntoa_format+0x96>
1000412e:	b398      	cbz	r0, 10004198 <_ntoa_format+0x17c>
10004130:	4594      	cmp	ip, r2
10004132:	f103 33ff 	add.w	r3, r3, #4294967295	@ 0xffffffff
10004136:	d389      	bcc.n	1000404c <_ntoa_format+0x30>
10004138:	e799      	b.n	1000406e <_ntoa_format+0x52>
1000413a:	f1ba 0f10 	cmp.w	sl, #16
1000413e:	d1b7      	bne.n	100040b0 <_ntoa_format+0x94>
10004140:	068d      	lsls	r5, r1, #26
10004142:	d53d      	bpl.n	100041c0 <_ntoa_format+0x1a4>
10004144:	f1bc 0f20 	cmp.w	ip, #32
10004148:	d0b2      	beq.n	100040b0 <_ntoa_format+0x94>
1000414a:	2258      	movs	r2, #88	@ 0x58
1000414c:	f804 200c 	strb.w	r2, [r4, ip]
10004150:	f10c 0c01 	add.w	ip, ip, #1
10004154:	e7a9      	b.n	100040aa <_ntoa_format+0x8e>
10004156:	f1bc 0f20 	cmp.w	ip, #32
1000415a:	d0a9      	beq.n	100040b0 <_ntoa_format+0x94>
1000415c:	4662      	mov	r2, ip
1000415e:	f10c 0c01 	add.w	ip, ip, #1
10004162:	e008      	b.n	10004176 <_ntoa_format+0x15a>
10004164:	f1bc 0201 	subs.w	r2, ip, #1
10004168:	d0bb      	beq.n	100040e2 <_ntoa_format+0xc6>
1000416a:	f1ba 0f10 	cmp.w	sl, #16
1000416e:	d035      	beq.n	100041dc <_ntoa_format+0x1c0>
10004170:	f1ba 0f02 	cmp.w	sl, #2
10004174:	d1cd      	bne.n	10004112 <_ntoa_format+0xf6>
10004176:	2062      	movs	r0, #98	@ 0x62
10004178:	54a0      	strb	r0, [r4, r2]
1000417a:	e796      	b.n	100040aa <_ntoa_format+0x8e>
1000417c:	06cd      	lsls	r5, r1, #27
1000417e:	d5ca      	bpl.n	10004116 <_ntoa_format+0xfa>
10004180:	0548      	lsls	r0, r1, #21
10004182:	d588      	bpl.n	10004096 <_ntoa_format+0x7a>
10004184:	e78b      	b.n	1000409e <_ntoa_format+0x82>
10004186:	070a      	lsls	r2, r1, #28
10004188:	bf49      	itett	mi
1000418a:	2220      	movmi	r2, #32
1000418c:	4662      	movpl	r2, ip
1000418e:	f804 200c 	strbmi.w	r2, [r4, ip]
10004192:	f10c 0201 	addmi.w	r2, ip, #1
10004196:	e78c      	b.n	100040b2 <_ntoa_format+0x96>
10004198:	f011 0f0c 	tst.w	r1, #12
1000419c:	d000      	beq.n	100041a0 <_ntoa_format+0x184>
1000419e:	3b01      	subs	r3, #1
100041a0:	4594      	cmp	ip, r2
100041a2:	f4ff af53 	bcc.w	1000404c <_ntoa_format+0x30>
100041a6:	e762      	b.n	1000406e <_ntoa_format+0x52>
100041a8:	068a      	lsls	r2, r1, #26
100041aa:	d413      	bmi.n	100041d4 <_ntoa_format+0x1b8>
100041ac:	2278      	movs	r2, #120	@ 0x78
100041ae:	7022      	strb	r2, [r4, #0]
100041b0:	2230      	movs	r2, #48	@ 0x30
100041b2:	f04f 0c02 	mov.w	ip, #2
100041b6:	7062      	strb	r2, [r4, #1]
100041b8:	f1bb 0f00 	cmp.w	fp, #0
100041bc:	d09e      	beq.n	100040fc <_ntoa_format+0xe0>
100041be:	e7b0      	b.n	10004122 <_ntoa_format+0x106>
100041c0:	f1bc 0f20 	cmp.w	ip, #32
100041c4:	f43f af74 	beq.w	100040b0 <_ntoa_format+0x94>
100041c8:	2278      	movs	r2, #120	@ 0x78
100041ca:	f804 200c 	strb.w	r2, [r4, ip]
100041ce:	f10c 0c01 	add.w	ip, ip, #1
100041d2:	e76a      	b.n	100040aa <_ntoa_format+0x8e>
100041d4:	2258      	movs	r2, #88	@ 0x58
100041d6:	e7ea      	b.n	100041ae <_ntoa_format+0x192>
100041d8:	2262      	movs	r2, #98	@ 0x62
100041da:	e7e8      	b.n	100041ae <_ntoa_format+0x192>
100041dc:	068d      	lsls	r5, r1, #26
100041de:	f1ac 0002 	sub.w	r0, ip, #2
100041e2:	d504      	bpl.n	100041ee <_ntoa_format+0x1d2>
100041e4:	f04f 0e58 	mov.w	lr, #88	@ 0x58
100041e8:	f804 e000 	strb.w	lr, [r4, r0]
100041ec:	e791      	b.n	10004112 <_ntoa_format+0xf6>
100041ee:	f04f 0e78 	mov.w	lr, #120	@ 0x78
100041f2:	f804 e000 	strb.w	lr, [r4, r0]
100041f6:	e78c      	b.n	10004112 <_ntoa_format+0xf6>

100041f8 <_out_char>:
100041f8:	b900      	cbnz	r0, 100041fc <_out_char+0x4>
100041fa:	4770      	bx	lr
100041fc:	f001 bb38 	b.w	10005870 <__wrap_putchar>

10004200 <_ftoa>:
10004200:	e92d 4ff0 	stmdb	sp!, {r4, r5, r6, r7, r8, r9, sl, fp, lr}
10004204:	b097      	sub	sp, #92	@ 0x5c
10004206:	ed9d 7b20 	vldr	d7, [sp, #128]	@ 0x80
1000420a:	e9dd 5b22 	ldrd	r5, fp, [sp, #136]	@ 0x88
1000420e:	4680      	mov	r8, r0
10004210:	4689      	mov	r9, r1
10004212:	ec51 0b17 	vmov	r0, r1, d7
10004216:	469a      	mov	sl, r3
10004218:	9b24      	ldr	r3, [sp, #144]	@ 0x90
1000421a:	920c      	str	r2, [sp, #48]	@ 0x30
1000421c:	9307      	str	r3, [sp, #28]
1000421e:	4602      	mov	r2, r0
10004220:	460b      	mov	r3, r1
10004222:	ed8d 7b04 	vstr	d7, [sp, #16]
10004226:	f7ff fc53 	bl	10003ad0 <__wrap___aeabi_dcmpun>
1000422a:	2800      	cmp	r0, #0
1000422c:	f040 81e3 	bne.w	100045f6 <_ftoa+0x3f6>
10004230:	e9dd 0104 	ldrd	r0, r1, [sp, #16]
10004234:	f04f 32ff 	mov.w	r2, #4294967295	@ 0xffffffff
10004238:	f46f 1380 	mvn.w	r3, #1048576	@ 0x100000
1000423c:	f7ff fc5a 	bl	10003af4 <__wrap___aeabi_dcmplt>
10004240:	2800      	cmp	r0, #0
10004242:	f040 80cb 	bne.w	100043dc <_ftoa+0x1dc>
10004246:	e9dd 0104 	ldrd	r0, r1, [sp, #16]
1000424a:	f04f 32ff 	mov.w	r2, #4294967295	@ 0xffffffff
1000424e:	4bb2      	ldr	r3, [pc, #712]	@ (10004518 <_ftoa+0x318>)
10004250:	f7ff fc8c 	bl	10003b6c <__wrap___aeabi_dcmpgt>
10004254:	2800      	cmp	r0, #0
10004256:	f040 809f 	bne.w	10004398 <_ftoa+0x198>
1000425a:	e9dd 6704 	ldrd	r6, r7, [sp, #16]
1000425e:	a3aa      	add	r3, pc, #680	@ (adr r3, 10004508 <_ftoa+0x308>)
10004260:	e9d3 2300 	ldrd	r2, r3, [r3]
10004264:	4630      	mov	r0, r6
10004266:	4639      	mov	r1, r7
10004268:	f7ff fc80 	bl	10003b6c <__wrap___aeabi_dcmpgt>
1000426c:	2800      	cmp	r0, #0
1000426e:	f040 8082 	bne.w	10004376 <_ftoa+0x176>
10004272:	a3a7      	add	r3, pc, #668	@ (adr r3, 10004510 <_ftoa+0x310>)
10004274:	e9d3 2300 	ldrd	r2, r3, [r3]
10004278:	4630      	mov	r0, r6
1000427a:	4639      	mov	r1, r7
1000427c:	f7ff fc3a 	bl	10003af4 <__wrap___aeabi_dcmplt>
10004280:	2800      	cmp	r0, #0
10004282:	d178      	bne.n	10004376 <_ftoa+0x176>
10004284:	4630      	mov	r0, r6
10004286:	4639      	mov	r1, r7
10004288:	2200      	movs	r2, #0
1000428a:	2300      	movs	r3, #0
1000428c:	f7ff fc32 	bl	10003af4 <__wrap___aeabi_dcmplt>
10004290:	2800      	cmp	r0, #0
10004292:	f040 8098 	bne.w	100043c6 <_ftoa+0x1c6>
10004296:	900d      	str	r0, [sp, #52]	@ 0x34
10004298:	9b07      	ldr	r3, [sp, #28]
1000429a:	2130      	movs	r1, #48	@ 0x30
1000429c:	f413 6f80 	tst.w	r3, #1024	@ 0x400
100042a0:	bf08      	it	eq
100042a2:	2506      	moveq	r5, #6
100042a4:	aa0e      	add	r2, sp, #56	@ 0x38
100042a6:	462b      	mov	r3, r5
100042a8:	f1a5 0620 	sub.w	r6, r5, #32
100042ac:	e005      	b.n	100042ba <_ftoa+0xba>
100042ae:	3b01      	subs	r3, #1
100042b0:	42b3      	cmp	r3, r6
100042b2:	f802 1b01 	strb.w	r1, [r2], #1
100042b6:	f000 8165 	beq.w	10004584 <_ftoa+0x384>
100042ba:	2b09      	cmp	r3, #9
100042bc:	d8f7      	bhi.n	100042ae <_ftoa+0xae>
100042be:	461e      	mov	r6, r3
100042c0:	1aed      	subs	r5, r5, r3
100042c2:	e9dd 0104 	ldrd	r0, r1, [sp, #16]
100042c6:	f7ff fbdf 	bl	10003a88 <__wrap___aeabi_d2iz>
100042ca:	4b94      	ldr	r3, [pc, #592]	@ (1000451c <_ftoa+0x31c>)
100042cc:	4604      	mov	r4, r0
100042ce:	eb03 03c6 	add.w	r3, r3, r6, lsl #3
100042d2:	ed93 7b00 	vldr	d7, [r3]
100042d6:	ed8d 7b08 	vstr	d7, [sp, #32]
100042da:	f7ff fbb1 	bl	10003a40 <__wrap___aeabi_i2d>
100042de:	4602      	mov	r2, r0
100042e0:	460b      	mov	r3, r1
100042e2:	e9dd 0104 	ldrd	r0, r1, [sp, #16]
100042e6:	f7ff fb25 	bl	10003934 <__wrap___aeabi_dsub>
100042ea:	e9dd 2308 	ldrd	r2, r3, [sp, #32]
100042ee:	f7ff fb35 	bl	1000395c <__wrap___aeabi_dmul>
100042f2:	e9cd 010a 	strd	r0, r1, [sp, #40]	@ 0x28
100042f6:	f7ff fbd9 	bl	10003aac <__wrap___aeabi_d2uiz>
100042fa:	4607      	mov	r7, r0
100042fc:	f7ff fbb2 	bl	10003a64 <__wrap___aeabi_ui2d>
10004300:	4602      	mov	r2, r0
10004302:	460b      	mov	r3, r1
10004304:	e9dd 010a 	ldrd	r0, r1, [sp, #40]	@ 0x28
10004308:	f7ff fb14 	bl	10003934 <__wrap___aeabi_dsub>
1000430c:	2200      	movs	r2, #0
1000430e:	4b84      	ldr	r3, [pc, #528]	@ (10004520 <_ftoa+0x320>)
10004310:	e9cd 010a 	strd	r0, r1, [sp, #40]	@ 0x28
10004314:	f7ff fc2a 	bl	10003b6c <__wrap___aeabi_dcmpgt>
10004318:	2800      	cmp	r0, #0
1000431a:	f000 8088 	beq.w	1000442e <_ftoa+0x22e>
1000431e:	3701      	adds	r7, #1
10004320:	4638      	mov	r0, r7
10004322:	f7ff fb9f 	bl	10003a64 <__wrap___aeabi_ui2d>
10004326:	4602      	mov	r2, r0
10004328:	460b      	mov	r3, r1
1000432a:	e9dd 0108 	ldrd	r0, r1, [sp, #32]
1000432e:	f7ff fbf5 	bl	10003b1c <__wrap___aeabi_dcmple>
10004332:	b108      	cbz	r0, 10004338 <_ftoa+0x138>
10004334:	2700      	movs	r7, #0
10004336:	3401      	adds	r4, #1
10004338:	2e00      	cmp	r6, #0
1000433a:	f000 8088 	beq.w	1000444e <_ftoa+0x24e>
1000433e:	f10d 0337 	add.w	r3, sp, #55	@ 0x37
10004342:	f8df c1f0 	ldr.w	ip, [pc, #496]	@ 10004534 <_ftoa+0x334>
10004346:	1958      	adds	r0, r3, r5
10004348:	e00d      	b.n	10004366 <_ftoa+0x166>
1000434a:	fbac 2107 	umull	r2, r1, ip, r7
1000434e:	08c9      	lsrs	r1, r1, #3
10004350:	eb01 0281 	add.w	r2, r1, r1, lsl #2
10004354:	eba7 0242 	sub.w	r2, r7, r2, lsl #1
10004358:	3230      	adds	r2, #48	@ 0x30
1000435a:	2f09      	cmp	r7, #9
1000435c:	f800 2f01 	strb.w	r2, [r0, #1]!
10004360:	f240 80fb 	bls.w	1000455a <_ftoa+0x35a>
10004364:	460f      	mov	r7, r1
10004366:	2d20      	cmp	r5, #32
10004368:	f106 36ff 	add.w	r6, r6, #4294967295	@ 0xffffffff
1000436c:	f105 0501 	add.w	r5, r5, #1
10004370:	d1eb      	bne.n	1000434a <_ftoa+0x14a>
10004372:	2520      	movs	r5, #32
10004374:	e086      	b.n	10004484 <_ftoa+0x284>
10004376:	9b07      	ldr	r3, [sp, #28]
10004378:	ed9d 7b04 	vldr	d7, [sp, #16]
1000437c:	e9cd b323 	strd	fp, r3, [sp, #140]	@ 0x8c
10004380:	4649      	mov	r1, r9
10004382:	4653      	mov	r3, sl
10004384:	4640      	mov	r0, r8
10004386:	9a0c      	ldr	r2, [sp, #48]	@ 0x30
10004388:	ed8d 7b20 	vstr	d7, [sp, #128]	@ 0x80
1000438c:	9522      	str	r5, [sp, #136]	@ 0x88
1000438e:	b017      	add	sp, #92	@ 0x5c
10004390:	e8bd 4ff0 	ldmia.w	sp!, {r4, r5, r6, r7, r8, r9, sl, fp, lr}
10004394:	f000 b980 	b.w	10004698 <_etoa>
10004398:	9b07      	ldr	r3, [sp, #28]
1000439a:	4649      	mov	r1, r9
1000439c:	0758      	lsls	r0, r3, #29
1000439e:	bf4c      	ite	mi
100043a0:	2304      	movmi	r3, #4
100043a2:	2303      	movpl	r3, #3
100043a4:	4640      	mov	r0, r8
100043a6:	9321      	str	r3, [sp, #132]	@ 0x84
100043a8:	4653      	mov	r3, sl
100043aa:	9a07      	ldr	r2, [sp, #28]
100043ac:	bf48      	it	mi
100043ae:	4c5d      	ldrmi	r4, [pc, #372]	@ (10004524 <_ftoa+0x324>)
100043b0:	e9cd b222 	strd	fp, r2, [sp, #136]	@ 0x88
100043b4:	bf58      	it	pl
100043b6:	4c5c      	ldrpl	r4, [pc, #368]	@ (10004528 <_ftoa+0x328>)
100043b8:	9a0c      	ldr	r2, [sp, #48]	@ 0x30
100043ba:	9420      	str	r4, [sp, #128]	@ 0x80
100043bc:	b017      	add	sp, #92	@ 0x5c
100043be:	e8bd 4ff0 	ldmia.w	sp!, {r4, r5, r6, r7, r8, r9, sl, fp, lr}
100043c2:	f7ff bdd7 	b.w	10003f74 <_out_rev>
100043c6:	463b      	mov	r3, r7
100043c8:	4632      	mov	r2, r6
100043ca:	2000      	movs	r0, #0
100043cc:	2100      	movs	r1, #0
100043ce:	f7ff fab1 	bl	10003934 <__wrap___aeabi_dsub>
100043d2:	2301      	movs	r3, #1
100043d4:	e9cd 0104 	strd	r0, r1, [sp, #16]
100043d8:	930d      	str	r3, [sp, #52]	@ 0x34
100043da:	e75d      	b.n	10004298 <_ftoa+0x98>
100043dc:	9b07      	ldr	r3, [sp, #28]
100043de:	f003 0202 	and.w	r2, r3, #2
100043e2:	079c      	lsls	r4, r3, #30
100043e4:	9204      	str	r2, [sp, #16]
100043e6:	f000 80f4 	beq.w	100045d2 <_ftoa+0x3d2>
100043ea:	9f0c      	ldr	r7, [sp, #48]	@ 0x30
100043ec:	463d      	mov	r5, r7
100043ee:	4e4f      	ldr	r6, [pc, #316]	@ (1000452c <_ftoa+0x32c>)
100043f0:	1d34      	adds	r4, r6, #4
100043f2:	f814 0d01 	ldrb.w	r0, [r4, #-1]!
100043f6:	462a      	mov	r2, r5
100043f8:	4653      	mov	r3, sl
100043fa:	4649      	mov	r1, r9
100043fc:	47c0      	blx	r8
100043fe:	42a6      	cmp	r6, r4
10004400:	f105 0501 	add.w	r5, r5, #1
10004404:	d1f5      	bne.n	100043f2 <_ftoa+0x1f2>
10004406:	9b04      	ldr	r3, [sp, #16]
10004408:	1d3c      	adds	r4, r7, #4
1000440a:	b163      	cbz	r3, 10004426 <_ftoa+0x226>
1000440c:	9d0c      	ldr	r5, [sp, #48]	@ 0x30
1000440e:	1b63      	subs	r3, r4, r5
10004410:	459b      	cmp	fp, r3
10004412:	d908      	bls.n	10004426 <_ftoa+0x226>
10004414:	4622      	mov	r2, r4
10004416:	4653      	mov	r3, sl
10004418:	4649      	mov	r1, r9
1000441a:	2020      	movs	r0, #32
1000441c:	3401      	adds	r4, #1
1000441e:	47c0      	blx	r8
10004420:	1b63      	subs	r3, r4, r5
10004422:	459b      	cmp	fp, r3
10004424:	d8f6      	bhi.n	10004414 <_ftoa+0x214>
10004426:	4620      	mov	r0, r4
10004428:	b017      	add	sp, #92	@ 0x5c
1000442a:	e8bd 8ff0 	ldmia.w	sp!, {r4, r5, r6, r7, r8, r9, sl, fp, pc}
1000442e:	2200      	movs	r2, #0
10004430:	e9dd 010a 	ldrd	r0, r1, [sp, #40]	@ 0x28
10004434:	4b3a      	ldr	r3, [pc, #232]	@ (10004520 <_ftoa+0x320>)
10004436:	f7ff fb5d 	bl	10003af4 <__wrap___aeabi_dcmplt>
1000443a:	2800      	cmp	r0, #0
1000443c:	f47f af7c 	bne.w	10004338 <_ftoa+0x138>
10004440:	2f00      	cmp	r7, #0
10004442:	f040 80c2 	bne.w	100045ca <_ftoa+0x3ca>
10004446:	3701      	adds	r7, #1
10004448:	2e00      	cmp	r6, #0
1000444a:	f47f af78 	bne.w	1000433e <_ftoa+0x13e>
1000444e:	4620      	mov	r0, r4
10004450:	f7ff faf6 	bl	10003a40 <__wrap___aeabi_i2d>
10004454:	4602      	mov	r2, r0
10004456:	460b      	mov	r3, r1
10004458:	e9dd 0104 	ldrd	r0, r1, [sp, #16]
1000445c:	f7ff fa6a 	bl	10003934 <__wrap___aeabi_dsub>
10004460:	2200      	movs	r2, #0
10004462:	4b2f      	ldr	r3, [pc, #188]	@ (10004520 <_ftoa+0x320>)
10004464:	4606      	mov	r6, r0
10004466:	460f      	mov	r7, r1
10004468:	f7ff fb44 	bl	10003af4 <__wrap___aeabi_dcmplt>
1000446c:	b940      	cbnz	r0, 10004480 <_ftoa+0x280>
1000446e:	4630      	mov	r0, r6
10004470:	4639      	mov	r1, r7
10004472:	2200      	movs	r2, #0
10004474:	4b2a      	ldr	r3, [pc, #168]	@ (10004520 <_ftoa+0x320>)
10004476:	f7ff fb79 	bl	10003b6c <__wrap___aeabi_dcmpgt>
1000447a:	2800      	cmp	r0, #0
1000447c:	f000 80a1 	beq.w	100045c2 <_ftoa+0x3c2>
10004480:	f10d 0337 	add.w	r3, sp, #55	@ 0x37
10004484:	482a      	ldr	r0, [pc, #168]	@ (10004530 <_ftoa+0x330>)
10004486:	1959      	adds	r1, r3, r5
10004488:	e00e      	b.n	100044a8 <_ftoa+0x2a8>
1000448a:	fb80 7604 	smull	r7, r6, r0, r4
1000448e:	ebc2 02a6 	rsb	r2, r2, r6, asr #2
10004492:	eb02 0682 	add.w	r6, r2, r2, lsl #2
10004496:	eba4 0646 	sub.w	r6, r4, r6, lsl #1
1000449a:	3630      	adds	r6, #48	@ 0x30
1000449c:	4614      	mov	r4, r2
1000449e:	3501      	adds	r5, #1
100044a0:	f801 6f01 	strb.w	r6, [r1, #1]!
100044a4:	2a00      	cmp	r2, #0
100044a6:	d047      	beq.n	10004538 <_ftoa+0x338>
100044a8:	2d20      	cmp	r5, #32
100044aa:	ea4f 72e4 	mov.w	r2, r4, asr #31
100044ae:	d1ec      	bne.n	1000448a <_ftoa+0x28a>
100044b0:	9a07      	ldr	r2, [sp, #28]
100044b2:	f002 0203 	and.w	r2, r2, #3
100044b6:	2a01      	cmp	r2, #1
100044b8:	d114      	bne.n	100044e4 <_ftoa+0x2e4>
100044ba:	f1bb 0f00 	cmp.w	fp, #0
100044be:	d011      	beq.n	100044e4 <_ftoa+0x2e4>
100044c0:	9a0d      	ldr	r2, [sp, #52]	@ 0x34
100044c2:	2a00      	cmp	r2, #0
100044c4:	d060      	beq.n	10004588 <_ftoa+0x388>
100044c6:	f10b 3bff 	add.w	fp, fp, #4294967295	@ 0xffffffff
100044ca:	f1bb 0f20 	cmp.w	fp, #32
100044ce:	d909      	bls.n	100044e4 <_ftoa+0x2e4>
100044d0:	2230      	movs	r2, #48	@ 0x30
100044d2:	442b      	add	r3, r5
100044d4:	e004      	b.n	100044e0 <_ftoa+0x2e0>
100044d6:	3501      	adds	r5, #1
100044d8:	455d      	cmp	r5, fp
100044da:	f803 2f01 	strb.w	r2, [r3, #1]!
100044de:	d231      	bcs.n	10004544 <_ftoa+0x344>
100044e0:	2d20      	cmp	r5, #32
100044e2:	d1f8      	bne.n	100044d6 <_ftoa+0x2d6>
100044e4:	9b07      	ldr	r3, [sp, #28]
100044e6:	ac0e      	add	r4, sp, #56	@ 0x38
100044e8:	e9cd b302 	strd	fp, r3, [sp, #8]
100044ec:	9400      	str	r4, [sp, #0]
100044ee:	4653      	mov	r3, sl
100044f0:	4649      	mov	r1, r9
100044f2:	4640      	mov	r0, r8
100044f4:	9a0c      	ldr	r2, [sp, #48]	@ 0x30
100044f6:	9501      	str	r5, [sp, #4]
100044f8:	f7ff fd3c 	bl	10003f74 <_out_rev>
100044fc:	4604      	mov	r4, r0
100044fe:	4620      	mov	r0, r4
10004500:	b017      	add	sp, #92	@ 0x5c
10004502:	e8bd 8ff0 	ldmia.w	sp!, {r4, r5, r6, r7, r8, r9, sl, fp, pc}
10004506:	bf00      	nop
10004508:	00000000 	.word	0x00000000
1000450c:	41cdcd65 	.word	0x41cdcd65
10004510:	00000000 	.word	0x00000000
10004514:	c1cdcd65 	.word	0xc1cdcd65
10004518:	7fefffff 	.word	0x7fefffff
1000451c:	10006c30 	.word	0x10006c30
10004520:	3fe00000 	.word	0x3fe00000
10004524:	1000670c 	.word	0x1000670c
10004528:	10006714 	.word	0x10006714
1000452c:	1000671c 	.word	0x1000671c
10004530:	66666667 	.word	0x66666667
10004534:	cccccccd 	.word	0xcccccccd
10004538:	9a07      	ldr	r2, [sp, #28]
1000453a:	f002 0203 	and.w	r2, r2, #3
1000453e:	2a01      	cmp	r2, #1
10004540:	f000 8096 	beq.w	10004670 <_ftoa+0x470>
10004544:	2d20      	cmp	r5, #32
10004546:	d0cd      	beq.n	100044e4 <_ftoa+0x2e4>
10004548:	9b0d      	ldr	r3, [sp, #52]	@ 0x34
1000454a:	b33b      	cbz	r3, 1000459c <_ftoa+0x39c>
1000454c:	222d      	movs	r2, #45	@ 0x2d
1000454e:	eb0d 0305 	add.w	r3, sp, r5
10004552:	f883 2038 	strb.w	r2, [r3, #56]	@ 0x38
10004556:	3501      	adds	r5, #1
10004558:	e7c4      	b.n	100044e4 <_ftoa+0x2e4>
1000455a:	2d20      	cmp	r5, #32
1000455c:	f43f af09 	beq.w	10004372 <_ftoa+0x172>
10004560:	2130      	movs	r1, #48	@ 0x30
10004562:	442e      	add	r6, r5
10004564:	195a      	adds	r2, r3, r5
10004566:	e005      	b.n	10004574 <_ftoa+0x374>
10004568:	3501      	adds	r5, #1
1000456a:	2d20      	cmp	r5, #32
1000456c:	f802 1f01 	strb.w	r1, [r2, #1]!
10004570:	f43f aeff 	beq.w	10004372 <_ftoa+0x172>
10004574:	42ae      	cmp	r6, r5
10004576:	d1f7      	bne.n	10004568 <_ftoa+0x368>
10004578:	222e      	movs	r2, #46	@ 0x2e
1000457a:	446e      	add	r6, sp
1000457c:	3501      	adds	r5, #1
1000457e:	f886 2038 	strb.w	r2, [r6, #56]	@ 0x38
10004582:	e77f      	b.n	10004484 <_ftoa+0x284>
10004584:	2520      	movs	r5, #32
10004586:	e69c      	b.n	100042c2 <_ftoa+0xc2>
10004588:	9a07      	ldr	r2, [sp, #28]
1000458a:	f012 0f0c 	tst.w	r2, #12
1000458e:	d05a      	beq.n	10004646 <_ftoa+0x446>
10004590:	f10b 3bff 	add.w	fp, fp, #4294967295	@ 0xffffffff
10004594:	45ab      	cmp	fp, r5
10004596:	d89b      	bhi.n	100044d0 <_ftoa+0x2d0>
10004598:	2d20      	cmp	r5, #32
1000459a:	d0a3      	beq.n	100044e4 <_ftoa+0x2e4>
1000459c:	9b07      	ldr	r3, [sp, #28]
1000459e:	075a      	lsls	r2, r3, #29
100045a0:	d506      	bpl.n	100045b0 <_ftoa+0x3b0>
100045a2:	222b      	movs	r2, #43	@ 0x2b
100045a4:	eb0d 0305 	add.w	r3, sp, r5
100045a8:	f883 2038 	strb.w	r2, [r3, #56]	@ 0x38
100045ac:	3501      	adds	r5, #1
100045ae:	e799      	b.n	100044e4 <_ftoa+0x2e4>
100045b0:	071b      	lsls	r3, r3, #28
100045b2:	d597      	bpl.n	100044e4 <_ftoa+0x2e4>
100045b4:	2220      	movs	r2, #32
100045b6:	eb0d 0305 	add.w	r3, sp, r5
100045ba:	f883 2038 	strb.w	r2, [r3, #56]	@ 0x38
100045be:	3501      	adds	r5, #1
100045c0:	e790      	b.n	100044e4 <_ftoa+0x2e4>
100045c2:	3401      	adds	r4, #1
100045c4:	f024 0401 	bic.w	r4, r4, #1
100045c8:	e75a      	b.n	10004480 <_ftoa+0x280>
100045ca:	07f9      	lsls	r1, r7, #31
100045cc:	f57f aeb4 	bpl.w	10004338 <_ftoa+0x138>
100045d0:	e739      	b.n	10004446 <_ftoa+0x246>
100045d2:	f1bb 0f04 	cmp.w	fp, #4
100045d6:	f67f af08 	bls.w	100043ea <_ftoa+0x1ea>
100045da:	9b0c      	ldr	r3, [sp, #48]	@ 0x30
100045dc:	461d      	mov	r5, r3
100045de:	3b04      	subs	r3, #4
100045e0:	eb03 070b 	add.w	r7, r3, fp
100045e4:	462a      	mov	r2, r5
100045e6:	4653      	mov	r3, sl
100045e8:	4649      	mov	r1, r9
100045ea:	2020      	movs	r0, #32
100045ec:	3501      	adds	r5, #1
100045ee:	47c0      	blx	r8
100045f0:	42af      	cmp	r7, r5
100045f2:	d1f7      	bne.n	100045e4 <_ftoa+0x3e4>
100045f4:	e6fa      	b.n	100043ec <_ftoa+0x1ec>
100045f6:	9b07      	ldr	r3, [sp, #28]
100045f8:	f003 0202 	and.w	r2, r3, #2
100045fc:	079d      	lsls	r5, r3, #30
100045fe:	9204      	str	r2, [sp, #16]
10004600:	d025      	beq.n	1000464e <_ftoa+0x44e>
10004602:	9f0c      	ldr	r7, [sp, #48]	@ 0x30
10004604:	463d      	mov	r5, r7
10004606:	4e22      	ldr	r6, [pc, #136]	@ (10004690 <_ftoa+0x490>)
10004608:	1cf4      	adds	r4, r6, #3
1000460a:	f814 0d01 	ldrb.w	r0, [r4, #-1]!
1000460e:	462a      	mov	r2, r5
10004610:	4653      	mov	r3, sl
10004612:	4649      	mov	r1, r9
10004614:	47c0      	blx	r8
10004616:	42a6      	cmp	r6, r4
10004618:	f105 0501 	add.w	r5, r5, #1
1000461c:	d1f5      	bne.n	1000460a <_ftoa+0x40a>
1000461e:	9b04      	ldr	r3, [sp, #16]
10004620:	1cfc      	adds	r4, r7, #3
10004622:	2b00      	cmp	r3, #0
10004624:	f43f aeff 	beq.w	10004426 <_ftoa+0x226>
10004628:	9d0c      	ldr	r5, [sp, #48]	@ 0x30
1000462a:	1b63      	subs	r3, r4, r5
1000462c:	459b      	cmp	fp, r3
1000462e:	f67f aefa 	bls.w	10004426 <_ftoa+0x226>
10004632:	4622      	mov	r2, r4
10004634:	4653      	mov	r3, sl
10004636:	4649      	mov	r1, r9
10004638:	2020      	movs	r0, #32
1000463a:	3401      	adds	r4, #1
1000463c:	47c0      	blx	r8
1000463e:	1b63      	subs	r3, r4, r5
10004640:	459b      	cmp	fp, r3
10004642:	d8f6      	bhi.n	10004632 <_ftoa+0x432>
10004644:	e6ef      	b.n	10004426 <_ftoa+0x226>
10004646:	45ab      	cmp	fp, r5
10004648:	f63f af42 	bhi.w	100044d0 <_ftoa+0x2d0>
1000464c:	e74a      	b.n	100044e4 <_ftoa+0x2e4>
1000464e:	f1bb 0f03 	cmp.w	fp, #3
10004652:	d9d6      	bls.n	10004602 <_ftoa+0x402>
10004654:	9b0c      	ldr	r3, [sp, #48]	@ 0x30
10004656:	461d      	mov	r5, r3
10004658:	3b03      	subs	r3, #3
1000465a:	eb03 070b 	add.w	r7, r3, fp
1000465e:	462a      	mov	r2, r5
10004660:	4653      	mov	r3, sl
10004662:	4649      	mov	r1, r9
10004664:	2020      	movs	r0, #32
10004666:	3501      	adds	r5, #1
10004668:	47c0      	blx	r8
1000466a:	42bd      	cmp	r5, r7
1000466c:	d1f7      	bne.n	1000465e <_ftoa+0x45e>
1000466e:	e7c9      	b.n	10004604 <_ftoa+0x404>
10004670:	f1bb 0f00 	cmp.w	fp, #0
10004674:	f43f af66 	beq.w	10004544 <_ftoa+0x344>
10004678:	9a0d      	ldr	r2, [sp, #52]	@ 0x34
1000467a:	2a00      	cmp	r2, #0
1000467c:	d084      	beq.n	10004588 <_ftoa+0x388>
1000467e:	f10b 3bff 	add.w	fp, fp, #4294967295	@ 0xffffffff
10004682:	455d      	cmp	r5, fp
10004684:	f4ff af24 	bcc.w	100044d0 <_ftoa+0x2d0>
10004688:	2d20      	cmp	r5, #32
1000468a:	f47f af5f 	bne.w	1000454c <_ftoa+0x34c>
1000468e:	e729      	b.n	100044e4 <_ftoa+0x2e4>
10004690:	10006718 	.word	0x10006718
10004694:	00000000 	.word	0x00000000

10004698 <_etoa>:
10004698:	e92d 4ff0 	stmdb	sp!, {r4, r5, r6, r7, r8, r9, sl, fp, lr}
1000469c:	b09f      	sub	sp, #124	@ 0x7c
1000469e:	461e      	mov	r6, r3
100046a0:	e9dd ab28 	ldrd	sl, fp, [sp, #160]	@ 0xa0
100046a4:	e9dd 982b 	ldrd	r9, r8, [sp, #172]	@ 0xac
100046a8:	9b2a      	ldr	r3, [sp, #168]	@ 0xa8
100046aa:	4604      	mov	r4, r0
100046ac:	460d      	mov	r5, r1
100046ae:	920b      	str	r2, [sp, #44]	@ 0x2c
100046b0:	930a      	str	r3, [sp, #40]	@ 0x28
100046b2:	4652      	mov	r2, sl
100046b4:	465b      	mov	r3, fp
100046b6:	4650      	mov	r0, sl
100046b8:	4659      	mov	r1, fp
100046ba:	f7ff fa09 	bl	10003ad0 <__wrap___aeabi_dcmpun>
100046be:	2800      	cmp	r0, #0
100046c0:	f040 80c6 	bne.w	10004850 <_etoa+0x1b8>
100046c4:	4650      	mov	r0, sl
100046c6:	4659      	mov	r1, fp
100046c8:	f04f 32ff 	mov.w	r2, #4294967295	@ 0xffffffff
100046cc:	4b7b      	ldr	r3, [pc, #492]	@ (100048bc <_etoa+0x224>)
100046ce:	f7ff fa4d 	bl	10003b6c <__wrap___aeabi_dcmpgt>
100046d2:	2800      	cmp	r0, #0
100046d4:	f040 80bc 	bne.w	10004850 <_etoa+0x1b8>
100046d8:	4650      	mov	r0, sl
100046da:	4659      	mov	r1, fp
100046dc:	f04f 32ff 	mov.w	r2, #4294967295	@ 0xffffffff
100046e0:	f46f 1380 	mvn.w	r3, #1048576	@ 0x100000
100046e4:	f7ff fa06 	bl	10003af4 <__wrap___aeabi_dcmplt>
100046e8:	2800      	cmp	r0, #0
100046ea:	f040 80b1 	bne.w	10004850 <_etoa+0x1b8>
100046ee:	4650      	mov	r0, sl
100046f0:	4659      	mov	r1, fp
100046f2:	2200      	movs	r2, #0
100046f4:	2300      	movs	r3, #0
100046f6:	f7ff f9fd 	bl	10003af4 <__wrap___aeabi_dcmplt>
100046fa:	2800      	cmp	r0, #0
100046fc:	f040 81dd 	bne.w	10004aba <_etoa+0x422>
10004700:	e9cd ab08 	strd	sl, fp, [sp, #32]
10004704:	e9dd 1208 	ldrd	r1, r2, [sp, #32]
10004708:	f418 6080 	ands.w	r0, r8, #1024	@ 0x400
1000470c:	460b      	mov	r3, r1
1000470e:	460f      	mov	r7, r1
10004710:	f408 6100 	and.w	r1, r8, #2048	@ 0x800
10004714:	920c      	str	r2, [sp, #48]	@ 0x30
10004716:	9114      	str	r1, [sp, #80]	@ 0x50
10004718:	9015      	str	r0, [sp, #84]	@ 0x54
1000471a:	f040 80a8 	bne.w	1000486e <_etoa+0x1d6>
1000471e:	4313      	orrs	r3, r2
10004720:	f040 80d0 	bne.w	100048c4 <_etoa+0x22c>
10004724:	2900      	cmp	r1, #0
10004726:	f040 81ec 	bne.w	10004b02 <_etoa+0x46a>
1000472a:	2306      	movs	r3, #6
1000472c:	930a      	str	r3, [sp, #40]	@ 0x28
1000472e:	f018 0202 	ands.w	r2, r8, #2
10004732:	9210      	str	r2, [sp, #64]	@ 0x40
10004734:	f040 81dd 	bne.w	10004af2 <_etoa+0x45a>
10004738:	464b      	mov	r3, r9
1000473a:	2b04      	cmp	r3, #4
1000473c:	bf38      	it	cc
1000473e:	2304      	movcc	r3, #4
10004740:	920e      	str	r2, [sp, #56]	@ 0x38
10004742:	2204      	movs	r2, #4
10004744:	3b04      	subs	r3, #4
10004746:	9212      	str	r2, [sp, #72]	@ 0x48
10004748:	9314      	str	r3, [sp, #80]	@ 0x50
1000474a:	4650      	mov	r0, sl
1000474c:	4659      	mov	r1, fp
1000474e:	2200      	movs	r2, #0
10004750:	2300      	movs	r3, #0
10004752:	f7ff f9cf 	bl	10003af4 <__wrap___aeabi_dcmplt>
10004756:	2800      	cmp	r0, #0
10004758:	f040 822a 	bne.w	10004bb0 <_etoa+0x518>
1000475c:	ed9d 7b08 	vldr	d7, [sp, #32]
10004760:	9b14      	ldr	r3, [sp, #80]	@ 0x50
10004762:	9a0b      	ldr	r2, [sp, #44]	@ 0x2c
10004764:	9303      	str	r3, [sp, #12]
10004766:	9b0a      	ldr	r3, [sp, #40]	@ 0x28
10004768:	ed8d 7b00 	vstr	d7, [sp]
1000476c:	9302      	str	r3, [sp, #8]
1000476e:	f428 6300 	bic.w	r3, r8, #2048	@ 0x800
10004772:	9304      	str	r3, [sp, #16]
10004774:	4629      	mov	r1, r5
10004776:	4633      	mov	r3, r6
10004778:	4620      	mov	r0, r4
1000477a:	f7ff fd41 	bl	10004200 <_ftoa>
1000477e:	4602      	mov	r2, r0
10004780:	f018 0f20 	tst.w	r8, #32
10004784:	4633      	mov	r3, r6
10004786:	4629      	mov	r1, r5
10004788:	bf0c      	ite	eq
1000478a:	2065      	moveq	r0, #101	@ 0x65
1000478c:	2045      	movne	r0, #69	@ 0x45
1000478e:	f102 0801 	add.w	r8, r2, #1
10004792:	47a0      	blx	r4
10004794:	9b12      	ldr	r3, [sp, #72]	@ 0x48
10004796:	f10d 0a58 	add.w	sl, sp, #88	@ 0x58
1000479a:	f103 3bff 	add.w	fp, r3, #4294967295	@ 0xffffffff
1000479e:	9b0e      	ldr	r3, [sp, #56]	@ 0x38
100047a0:	2200      	movs	r2, #0
100047a2:	ea83 7ce3 	eor.w	ip, r3, r3, asr #31
100047a6:	4650      	mov	r0, sl
100047a8:	f8df e114 	ldr.w	lr, [pc, #276]	@ 100048c0 <_etoa+0x228>
100047ac:	9f0b      	ldr	r7, [sp, #44]	@ 0x2c
100047ae:	ebac 7ce3 	sub.w	ip, ip, r3, asr #31
100047b2:	0fd9      	lsrs	r1, r3, #31
100047b4:	f8cd 8020 	str.w	r8, [sp, #32]
100047b8:	e002      	b.n	100047c0 <_etoa+0x128>
100047ba:	2a20      	cmp	r2, #32
100047bc:	46c4      	mov	ip, r8
100047be:	d010      	beq.n	100047e2 <_etoa+0x14a>
100047c0:	fbae 380c 	umull	r3, r8, lr, ip
100047c4:	ea4f 08d8 	mov.w	r8, r8, lsr #3
100047c8:	eb08 0388 	add.w	r3, r8, r8, lsl #2
100047cc:	ebac 0343 	sub.w	r3, ip, r3, lsl #1
100047d0:	3001      	adds	r0, #1
100047d2:	3330      	adds	r3, #48	@ 0x30
100047d4:	f1bc 0f09 	cmp.w	ip, #9
100047d8:	f102 0201 	add.w	r2, r2, #1
100047dc:	f800 3c01 	strb.w	r3, [r0, #-1]
100047e0:	d8eb      	bhi.n	100047ba <_etoa+0x122>
100047e2:	2305      	movs	r3, #5
100047e4:	f04f 0c00 	mov.w	ip, #0
100047e8:	9306      	str	r3, [sp, #24]
100047ea:	230a      	movs	r3, #10
100047ec:	f8dd 8020 	ldr.w	r8, [sp, #32]
100047f0:	e9cd 2101 	strd	r2, r1, [sp, #4]
100047f4:	e9cd 3c03 	strd	r3, ip, [sp, #12]
100047f8:	f8cd a000 	str.w	sl, [sp]
100047fc:	4633      	mov	r3, r6
100047fe:	4642      	mov	r2, r8
10004800:	4629      	mov	r1, r5
10004802:	4620      	mov	r0, r4
10004804:	f8cd b014 	str.w	fp, [sp, #20]
10004808:	f7ff fc08 	bl	1000401c <_ntoa_format>
1000480c:	9b10      	ldr	r3, [sp, #64]	@ 0x40
1000480e:	4682      	mov	sl, r0
10004810:	b1d3      	cbz	r3, 10004848 <_etoa+0x1b0>
10004812:	eba0 0807 	sub.w	r8, r0, r7
10004816:	45c1      	cmp	r9, r8
10004818:	d916      	bls.n	10004848 <_etoa+0x1b0>
1000481a:	eb07 0208 	add.w	r2, r7, r8
1000481e:	4633      	mov	r3, r6
10004820:	4629      	mov	r1, r5
10004822:	2020      	movs	r0, #32
10004824:	f108 0801 	add.w	r8, r8, #1
10004828:	47a0      	blx	r4
1000482a:	45c1      	cmp	r9, r8
1000482c:	d8f5      	bhi.n	1000481a <_etoa+0x182>
1000482e:	1e7b      	subs	r3, r7, #1
10004830:	444b      	add	r3, r9
10004832:	f1c7 0201 	rsb	r2, r7, #1
10004836:	eba3 030a 	sub.w	r3, r3, sl
1000483a:	4452      	add	r2, sl
1000483c:	4591      	cmp	r9, r2
1000483e:	bf38      	it	cc
10004840:	2300      	movcc	r3, #0
10004842:	f10a 0a01 	add.w	sl, sl, #1
10004846:	449a      	add	sl, r3
10004848:	4650      	mov	r0, sl
1000484a:	b01f      	add	sp, #124	@ 0x7c
1000484c:	e8bd 8ff0 	ldmia.w	sp!, {r4, r5, r6, r7, r8, r9, sl, fp, pc}
10004850:	4633      	mov	r3, r6
10004852:	4629      	mov	r1, r5
10004854:	4620      	mov	r0, r4
10004856:	e9cd ab28 	strd	sl, fp, [sp, #160]	@ 0xa0
1000485a:	9c0a      	ldr	r4, [sp, #40]	@ 0x28
1000485c:	e9cd 982b 	strd	r9, r8, [sp, #172]	@ 0xac
10004860:	9a0b      	ldr	r2, [sp, #44]	@ 0x2c
10004862:	942a      	str	r4, [sp, #168]	@ 0xa8
10004864:	b01f      	add	sp, #124	@ 0x7c
10004866:	e8bd 4ff0 	ldmia.w	sp!, {r4, r5, r6, r7, r8, r9, sl, fp, lr}
1000486a:	f7ff bcc9 	b.w	10004200 <_ftoa>
1000486e:	ea57 0302 	orrs.w	r3, r7, r2
10004872:	d129      	bne.n	100048c8 <_etoa+0x230>
10004874:	2900      	cmp	r1, #0
10004876:	f43f af5a 	beq.w	1000472e <_etoa+0x96>
1000487a:	2300      	movs	r3, #0
1000487c:	930e      	str	r3, [sp, #56]	@ 0x38
1000487e:	9b0a      	ldr	r3, [sp, #40]	@ 0x28
10004880:	9a0e      	ldr	r2, [sp, #56]	@ 0x38
10004882:	4293      	cmp	r3, r2
10004884:	f300 81ba 	bgt.w	10004bfc <_etoa+0x564>
10004888:	2700      	movs	r7, #0
1000488a:	4650      	mov	r0, sl
1000488c:	4659      	mov	r1, fp
1000488e:	2200      	movs	r2, #0
10004890:	2300      	movs	r3, #0
10004892:	f7ff f92f 	bl	10003af4 <__wrap___aeabi_dcmplt>
10004896:	2800      	cmp	r0, #0
10004898:	f040 8115 	bne.w	10004ac6 <_etoa+0x42e>
1000489c:	ed9d 7b08 	vldr	d7, [sp, #32]
100048a0:	f428 6300 	bic.w	r3, r8, #2048	@ 0x800
100048a4:	f443 6380 	orr.w	r3, r3, #1024	@ 0x400
100048a8:	932c      	str	r3, [sp, #176]	@ 0xb0
100048aa:	ed8d 7b28 	vstr	d7, [sp, #160]	@ 0xa0
100048ae:	4633      	mov	r3, r6
100048b0:	4629      	mov	r1, r5
100048b2:	4620      	mov	r0, r4
100048b4:	e9cd 792a 	strd	r7, r9, [sp, #168]	@ 0xa8
100048b8:	9a0b      	ldr	r2, [sp, #44]	@ 0x2c
100048ba:	e7d3      	b.n	10004864 <_etoa+0x1cc>
100048bc:	7fefffff 	.word	0x7fefffff
100048c0:	cccccccd 	.word	0xcccccccd
100048c4:	2306      	movs	r3, #6
100048c6:	930a      	str	r3, [sp, #40]	@ 0x28
100048c8:	9b0c      	ldr	r3, [sp, #48]	@ 0x30
100048ca:	f3c3 500a 	ubfx	r0, r3, #20, #11
100048ce:	f2a0 30ff 	subw	r0, r0, #1023	@ 0x3ff
100048d2:	f7ff f8b5 	bl	10003a40 <__wrap___aeabi_i2d>
100048d6:	a3b2      	add	r3, pc, #712	@ (adr r3, 10004ba0 <_etoa+0x508>)
100048d8:	e9d3 2300 	ldrd	r2, r3, [r3]
100048dc:	f7ff f83e 	bl	1000395c <__wrap___aeabi_dmul>
100048e0:	a3b1      	add	r3, pc, #708	@ (adr r3, 10004ba8 <_etoa+0x510>)
100048e2:	e9d3 2300 	ldrd	r2, r3, [r3]
100048e6:	f7ff f811 	bl	1000390c <__wrap___aeabi_dadd>
100048ea:	9b0c      	ldr	r3, [sp, #48]	@ 0x30
100048ec:	e9cd 010e 	strd	r0, r1, [sp, #56]	@ 0x38
100048f0:	f3c3 0313 	ubfx	r3, r3, #0, #20
100048f4:	f043 517f 	orr.w	r1, r3, #1069547520	@ 0x3fc00000
100048f8:	4638      	mov	r0, r7
100048fa:	2200      	movs	r2, #0
100048fc:	4ba2      	ldr	r3, [pc, #648]	@ (10004b88 <_etoa+0x4f0>)
100048fe:	f441 1140 	orr.w	r1, r1, #3145728	@ 0x300000
10004902:	f7ff f817 	bl	10003934 <__wrap___aeabi_dsub>
10004906:	a394      	add	r3, pc, #592	@ (adr r3, 10004b58 <_etoa+0x4c0>)
10004908:	e9d3 2300 	ldrd	r2, r3, [r3]
1000490c:	f7ff f826 	bl	1000395c <__wrap___aeabi_dmul>
10004910:	4602      	mov	r2, r0
10004912:	460b      	mov	r3, r1
10004914:	e9dd 010e 	ldrd	r0, r1, [sp, #56]	@ 0x38
10004918:	f7fe fff8 	bl	1000390c <__wrap___aeabi_dadd>
1000491c:	f7ff f8b4 	bl	10003a88 <__wrap___aeabi_d2iz>
10004920:	900e      	str	r0, [sp, #56]	@ 0x38
10004922:	f7ff f88d 	bl	10003a40 <__wrap___aeabi_i2d>
10004926:	a38e      	add	r3, pc, #568	@ (adr r3, 10004b60 <_etoa+0x4c8>)
10004928:	e9d3 2300 	ldrd	r2, r3, [r3]
1000492c:	e9cd 010c 	strd	r0, r1, [sp, #48]	@ 0x30
10004930:	f7ff f814 	bl	1000395c <__wrap___aeabi_dmul>
10004934:	2200      	movs	r2, #0
10004936:	4b95      	ldr	r3, [pc, #596]	@ (10004b8c <_etoa+0x4f4>)
10004938:	f7fe ffe8 	bl	1000390c <__wrap___aeabi_dadd>
1000493c:	f7ff f8a4 	bl	10003a88 <__wrap___aeabi_d2iz>
10004940:	a389      	add	r3, pc, #548	@ (adr r3, 10004b68 <_etoa+0x4d0>)
10004942:	e9d3 2300 	ldrd	r2, r3, [r3]
10004946:	4607      	mov	r7, r0
10004948:	e9dd 010c 	ldrd	r0, r1, [sp, #48]	@ 0x30
1000494c:	f7ff f806 	bl	1000395c <__wrap___aeabi_dmul>
10004950:	e9cd 010c 	strd	r0, r1, [sp, #48]	@ 0x30
10004954:	4638      	mov	r0, r7
10004956:	f7ff f873 	bl	10003a40 <__wrap___aeabi_i2d>
1000495a:	a385      	add	r3, pc, #532	@ (adr r3, 10004b70 <_etoa+0x4d8>)
1000495c:	e9d3 2300 	ldrd	r2, r3, [r3]
10004960:	f7fe fffc 	bl	1000395c <__wrap___aeabi_dmul>
10004964:	4602      	mov	r2, r0
10004966:	460b      	mov	r3, r1
10004968:	e9dd 010c 	ldrd	r0, r1, [sp, #48]	@ 0x30
1000496c:	f7fe ffe2 	bl	10003934 <__wrap___aeabi_dsub>
10004970:	4602      	mov	r2, r0
10004972:	460b      	mov	r3, r1
10004974:	e9cd 230c 	strd	r2, r3, [sp, #48]	@ 0x30
10004978:	f7fe fff0 	bl	1000395c <__wrap___aeabi_dmul>
1000497c:	e9cd 0110 	strd	r0, r1, [sp, #64]	@ 0x40
10004980:	e9dd 010c 	ldrd	r0, r1, [sp, #48]	@ 0x30
10004984:	4602      	mov	r2, r0
10004986:	460b      	mov	r3, r1
10004988:	f7fe ffc0 	bl	1000390c <__wrap___aeabi_dadd>
1000498c:	2200      	movs	r2, #0
1000498e:	e9cd 0112 	strd	r0, r1, [sp, #72]	@ 0x48
10004992:	e9dd 0110 	ldrd	r0, r1, [sp, #64]	@ 0x40
10004996:	4b7e      	ldr	r3, [pc, #504]	@ (10004b90 <_etoa+0x4f8>)
10004998:	f7ff f804 	bl	100039a4 <__wrap___aeabi_ddiv>
1000499c:	2200      	movs	r2, #0
1000499e:	4b7d      	ldr	r3, [pc, #500]	@ (10004b94 <_etoa+0x4fc>)
100049a0:	f7fe ffb4 	bl	1000390c <__wrap___aeabi_dadd>
100049a4:	4602      	mov	r2, r0
100049a6:	460b      	mov	r3, r1
100049a8:	e9dd 0110 	ldrd	r0, r1, [sp, #64]	@ 0x40
100049ac:	f7fe fffa 	bl	100039a4 <__wrap___aeabi_ddiv>
100049b0:	2200      	movs	r2, #0
100049b2:	4b79      	ldr	r3, [pc, #484]	@ (10004b98 <_etoa+0x500>)
100049b4:	f7fe ffaa 	bl	1000390c <__wrap___aeabi_dadd>
100049b8:	4602      	mov	r2, r0
100049ba:	460b      	mov	r3, r1
100049bc:	e9dd 0110 	ldrd	r0, r1, [sp, #64]	@ 0x40
100049c0:	f7fe fff0 	bl	100039a4 <__wrap___aeabi_ddiv>
100049c4:	e9cd 0110 	strd	r0, r1, [sp, #64]	@ 0x40
100049c8:	e9dd 230c 	ldrd	r2, r3, [sp, #48]	@ 0x30
100049cc:	2000      	movs	r0, #0
100049ce:	f04f 4180 	mov.w	r1, #1073741824	@ 0x40000000
100049d2:	f7fe ffaf 	bl	10003934 <__wrap___aeabi_dsub>
100049d6:	4602      	mov	r2, r0
100049d8:	460b      	mov	r3, r1
100049da:	e9dd 0110 	ldrd	r0, r1, [sp, #64]	@ 0x40
100049de:	f7fe ff95 	bl	1000390c <__wrap___aeabi_dadd>
100049e2:	4602      	mov	r2, r0
100049e4:	460b      	mov	r3, r1
100049e6:	e9dd 0112 	ldrd	r0, r1, [sp, #72]	@ 0x48
100049ea:	f7fe ffdb 	bl	100039a4 <__wrap___aeabi_ddiv>
100049ee:	2200      	movs	r2, #0
100049f0:	4b6a      	ldr	r3, [pc, #424]	@ (10004b9c <_etoa+0x504>)
100049f2:	f7fe ff8b 	bl	1000390c <__wrap___aeabi_dadd>
100049f6:	f207 3cff 	addw	ip, r7, #1023	@ 0x3ff
100049fa:	2200      	movs	r2, #0
100049fc:	ea4f 530c 	mov.w	r3, ip, lsl #20
10004a00:	f7fe ffac 	bl	1000395c <__wrap___aeabi_dmul>
10004a04:	4602      	mov	r2, r0
10004a06:	460b      	mov	r3, r1
10004a08:	e9dd 0108 	ldrd	r0, r1, [sp, #32]
10004a0c:	e9cd 230c 	strd	r2, r3, [sp, #48]	@ 0x30
10004a10:	f7ff f870 	bl	10003af4 <__wrap___aeabi_dcmplt>
10004a14:	b150      	cbz	r0, 10004a2c <_etoa+0x394>
10004a16:	e9dd 010c 	ldrd	r0, r1, [sp, #48]	@ 0x30
10004a1a:	9b0e      	ldr	r3, [sp, #56]	@ 0x38
10004a1c:	2200      	movs	r2, #0
10004a1e:	3b01      	subs	r3, #1
10004a20:	930e      	str	r3, [sp, #56]	@ 0x38
10004a22:	4b5c      	ldr	r3, [pc, #368]	@ (10004b94 <_etoa+0x4fc>)
10004a24:	f7fe ffbe 	bl	100039a4 <__wrap___aeabi_ddiv>
10004a28:	e9cd 010c 	strd	r0, r1, [sp, #48]	@ 0x30
10004a2c:	e9dd 010c 	ldrd	r0, r1, [sp, #48]	@ 0x30
10004a30:	9b0e      	ldr	r3, [sp, #56]	@ 0x38
10004a32:	4602      	mov	r2, r0
10004a34:	3363      	adds	r3, #99	@ 0x63
10004a36:	2bc6      	cmp	r3, #198	@ 0xc6
10004a38:	f008 0302 	and.w	r3, r8, #2
10004a3c:	9310      	str	r3, [sp, #64]	@ 0x40
10004a3e:	9b14      	ldr	r3, [sp, #80]	@ 0x50
10004a40:	d82d      	bhi.n	10004a9e <_etoa+0x406>
10004a42:	2b00      	cmp	r3, #0
10004a44:	d05f      	beq.n	10004b06 <_etoa+0x46e>
10004a46:	2304      	movs	r3, #4
10004a48:	9312      	str	r3, [sp, #72]	@ 0x48
10004a4a:	430a      	orrs	r2, r1
10004a4c:	f43f af17 	beq.w	1000487e <_etoa+0x1e6>
10004a50:	e9dd 0108 	ldrd	r0, r1, [sp, #32]
10004a54:	a348      	add	r3, pc, #288	@ (adr r3, 10004b78 <_etoa+0x4e0>)
10004a56:	e9d3 2300 	ldrd	r2, r3, [r3]
10004a5a:	f7ff f873 	bl	10003b44 <__wrap___aeabi_dcmpge>
10004a5e:	b148      	cbz	r0, 10004a74 <_etoa+0x3dc>
10004a60:	e9dd 0108 	ldrd	r0, r1, [sp, #32]
10004a64:	a346      	add	r3, pc, #280	@ (adr r3, 10004b80 <_etoa+0x4e8>)
10004a66:	e9d3 2300 	ldrd	r2, r3, [r3]
10004a6a:	f7ff f843 	bl	10003af4 <__wrap___aeabi_dcmplt>
10004a6e:	2800      	cmp	r0, #0
10004a70:	f47f af05 	bne.w	1000487e <_etoa+0x1e6>
10004a74:	9b0a      	ldr	r3, [sp, #40]	@ 0x28
10004a76:	2b00      	cmp	r3, #0
10004a78:	d051      	beq.n	10004b1e <_etoa+0x486>
10004a7a:	9a15      	ldr	r2, [sp, #84]	@ 0x54
10004a7c:	2a00      	cmp	r2, #0
10004a7e:	f000 80ac 	beq.w	10004bda <_etoa+0x542>
10004a82:	3b01      	subs	r3, #1
10004a84:	930a      	str	r3, [sp, #40]	@ 0x28
10004a86:	9b12      	ldr	r3, [sp, #72]	@ 0x48
10004a88:	4599      	cmp	r9, r3
10004a8a:	d905      	bls.n	10004a98 <_etoa+0x400>
10004a8c:	9b10      	ldr	r3, [sp, #64]	@ 0x40
10004a8e:	2b00      	cmp	r3, #0
10004a90:	f000 80af 	beq.w	10004bf2 <_etoa+0x55a>
10004a94:	2302      	movs	r3, #2
10004a96:	9310      	str	r3, [sp, #64]	@ 0x40
10004a98:	2300      	movs	r3, #0
10004a9a:	9314      	str	r3, [sp, #80]	@ 0x50
10004a9c:	e044      	b.n	10004b28 <_etoa+0x490>
10004a9e:	bb2b      	cbnz	r3, 10004aec <_etoa+0x454>
10004aa0:	f1b9 0f05 	cmp.w	r9, #5
10004aa4:	d94f      	bls.n	10004b46 <_etoa+0x4ae>
10004aa6:	f008 0302 	and.w	r3, r8, #2
10004aaa:	2b00      	cmp	r3, #0
10004aac:	d149      	bne.n	10004b42 <_etoa+0x4aa>
10004aae:	2305      	movs	r3, #5
10004ab0:	9312      	str	r3, [sp, #72]	@ 0x48
10004ab2:	f1a9 0305 	sub.w	r3, r9, #5
10004ab6:	9314      	str	r3, [sp, #80]	@ 0x50
10004ab8:	e03a      	b.n	10004b30 <_etoa+0x498>
10004aba:	f10b 4300 	add.w	r3, fp, #2147483648	@ 0x80000000
10004abe:	f8cd a020 	str.w	sl, [sp, #32]
10004ac2:	9309      	str	r3, [sp, #36]	@ 0x24
10004ac4:	e61e      	b.n	10004704 <_etoa+0x6c>
10004ac6:	f428 6300 	bic.w	r3, r8, #2048	@ 0x800
10004aca:	f443 6380 	orr.w	r3, r3, #1024	@ 0x400
10004ace:	4620      	mov	r0, r4
10004ad0:	e9cd 792a 	strd	r7, r9, [sp, #168]	@ 0xa8
10004ad4:	932c      	str	r3, [sp, #176]	@ 0xb0
10004ad6:	4633      	mov	r3, r6
10004ad8:	e9dd 6708 	ldrd	r6, r7, [sp, #32]
10004adc:	4634      	mov	r4, r6
10004ade:	4629      	mov	r1, r5
10004ae0:	f107 4500 	add.w	r5, r7, #2147483648	@ 0x80000000
10004ae4:	e9cd 4528 	strd	r4, r5, [sp, #160]	@ 0xa0
10004ae8:	9a0b      	ldr	r2, [sp, #44]	@ 0x2c
10004aea:	e6bb      	b.n	10004864 <_etoa+0x1cc>
10004aec:	2305      	movs	r3, #5
10004aee:	9312      	str	r3, [sp, #72]	@ 0x48
10004af0:	e7ab      	b.n	10004a4a <_etoa+0x3b2>
10004af2:	2202      	movs	r2, #2
10004af4:	2300      	movs	r3, #0
10004af6:	9210      	str	r2, [sp, #64]	@ 0x40
10004af8:	2204      	movs	r2, #4
10004afa:	9314      	str	r3, [sp, #80]	@ 0x50
10004afc:	9212      	str	r2, [sp, #72]	@ 0x48
10004afe:	930e      	str	r3, [sp, #56]	@ 0x38
10004b00:	e623      	b.n	1000474a <_etoa+0xb2>
10004b02:	2705      	movs	r7, #5
10004b04:	e6c1      	b.n	1000488a <_etoa+0x1f2>
10004b06:	f1b9 0f04 	cmp.w	r9, #4
10004b0a:	d91f      	bls.n	10004b4c <_etoa+0x4b4>
10004b0c:	9b10      	ldr	r3, [sp, #64]	@ 0x40
10004b0e:	2b00      	cmp	r3, #0
10004b10:	d177      	bne.n	10004c02 <_etoa+0x56a>
10004b12:	2304      	movs	r3, #4
10004b14:	9312      	str	r3, [sp, #72]	@ 0x48
10004b16:	f1a9 0304 	sub.w	r3, r9, #4
10004b1a:	9314      	str	r3, [sp, #80]	@ 0x50
10004b1c:	e004      	b.n	10004b28 <_etoa+0x490>
10004b1e:	9b12      	ldr	r3, [sp, #72]	@ 0x48
10004b20:	4599      	cmp	r9, r3
10004b22:	d85f      	bhi.n	10004be4 <_etoa+0x54c>
10004b24:	9b0a      	ldr	r3, [sp, #40]	@ 0x28
10004b26:	9314      	str	r3, [sp, #80]	@ 0x50
10004b28:	9b0e      	ldr	r3, [sp, #56]	@ 0x38
10004b2a:	2b00      	cmp	r3, #0
10004b2c:	f43f ae0d 	beq.w	1000474a <_etoa+0xb2>
10004b30:	e9dd 0108 	ldrd	r0, r1, [sp, #32]
10004b34:	e9dd 230c 	ldrd	r2, r3, [sp, #48]	@ 0x30
10004b38:	f7fe ff34 	bl	100039a4 <__wrap___aeabi_ddiv>
10004b3c:	e9cd 0108 	strd	r0, r1, [sp, #32]
10004b40:	e603      	b.n	1000474a <_etoa+0xb2>
10004b42:	2302      	movs	r3, #2
10004b44:	9310      	str	r3, [sp, #64]	@ 0x40
10004b46:	2305      	movs	r3, #5
10004b48:	9312      	str	r3, [sp, #72]	@ 0x48
10004b4a:	e7f1      	b.n	10004b30 <_etoa+0x498>
10004b4c:	2304      	movs	r3, #4
10004b4e:	9312      	str	r3, [sp, #72]	@ 0x48
10004b50:	e7ea      	b.n	10004b28 <_etoa+0x490>
10004b52:	bf00      	nop
10004b54:	f3af 8000 	nop.w
10004b58:	636f4361 	.word	0x636f4361
10004b5c:	3fd287a7 	.word	0x3fd287a7
10004b60:	0979a371 	.word	0x0979a371
10004b64:	400a934f 	.word	0x400a934f
10004b68:	bbb55516 	.word	0xbbb55516
10004b6c:	40026bb1 	.word	0x40026bb1
10004b70:	fefa39ef 	.word	0xfefa39ef
10004b74:	3fe62e42 	.word	0x3fe62e42
10004b78:	eb1c432d 	.word	0xeb1c432d
10004b7c:	3f1a36e2 	.word	0x3f1a36e2
10004b80:	00000000 	.word	0x00000000
10004b84:	412e8480 	.word	0x412e8480
10004b88:	3ff80000 	.word	0x3ff80000
10004b8c:	3fe00000 	.word	0x3fe00000
10004b90:	402c0000 	.word	0x402c0000
10004b94:	40240000 	.word	0x40240000
10004b98:	40180000 	.word	0x40180000
10004b9c:	3ff00000 	.word	0x3ff00000
10004ba0:	509f79fb 	.word	0x509f79fb
10004ba4:	3fd34413 	.word	0x3fd34413
10004ba8:	8b60c8b3 	.word	0x8b60c8b3
10004bac:	3fc68a28 	.word	0x3fc68a28
10004bb0:	9b14      	ldr	r3, [sp, #80]	@ 0x50
10004bb2:	e9dd a708 	ldrd	sl, r7, [sp, #32]
10004bb6:	9303      	str	r3, [sp, #12]
10004bb8:	9b0a      	ldr	r3, [sp, #40]	@ 0x28
10004bba:	f107 4b00 	add.w	fp, r7, #2147483648	@ 0x80000000
10004bbe:	9302      	str	r3, [sp, #8]
10004bc0:	f428 6300 	bic.w	r3, r8, #2048	@ 0x800
10004bc4:	9a0b      	ldr	r2, [sp, #44]	@ 0x2c
10004bc6:	9304      	str	r3, [sp, #16]
10004bc8:	4629      	mov	r1, r5
10004bca:	4633      	mov	r3, r6
10004bcc:	4620      	mov	r0, r4
10004bce:	e9cd ab00 	strd	sl, fp, [sp]
10004bd2:	f7ff fb15 	bl	10004200 <_ftoa>
10004bd6:	4602      	mov	r2, r0
10004bd8:	e5d2      	b.n	10004780 <_etoa+0xe8>
10004bda:	9b12      	ldr	r3, [sp, #72]	@ 0x48
10004bdc:	4599      	cmp	r9, r3
10004bde:	d815      	bhi.n	10004c0c <_etoa+0x574>
10004be0:	9214      	str	r2, [sp, #80]	@ 0x50
10004be2:	e7a1      	b.n	10004b28 <_etoa+0x490>
10004be4:	9b10      	ldr	r3, [sp, #64]	@ 0x40
10004be6:	b123      	cbz	r3, 10004bf2 <_etoa+0x55a>
10004be8:	9b0a      	ldr	r3, [sp, #40]	@ 0x28
10004bea:	9314      	str	r3, [sp, #80]	@ 0x50
10004bec:	2302      	movs	r3, #2
10004bee:	9310      	str	r3, [sp, #64]	@ 0x40
10004bf0:	e79a      	b.n	10004b28 <_etoa+0x490>
10004bf2:	9b12      	ldr	r3, [sp, #72]	@ 0x48
10004bf4:	eba9 0303 	sub.w	r3, r9, r3
10004bf8:	9314      	str	r3, [sp, #80]	@ 0x50
10004bfa:	e795      	b.n	10004b28 <_etoa+0x490>
10004bfc:	1a9b      	subs	r3, r3, r2
10004bfe:	1e5f      	subs	r7, r3, #1
10004c00:	e643      	b.n	1000488a <_etoa+0x1f2>
10004c02:	2304      	movs	r3, #4
10004c04:	9312      	str	r3, [sp, #72]	@ 0x48
10004c06:	2302      	movs	r3, #2
10004c08:	9310      	str	r3, [sp, #64]	@ 0x40
10004c0a:	e78d      	b.n	10004b28 <_etoa+0x490>
10004c0c:	9b10      	ldr	r3, [sp, #64]	@ 0x40
10004c0e:	2b00      	cmp	r3, #0
10004c10:	d0ef      	beq.n	10004bf2 <_etoa+0x55a>
10004c12:	2302      	movs	r3, #2
10004c14:	9214      	str	r2, [sp, #80]	@ 0x50
10004c16:	9310      	str	r3, [sp, #64]	@ 0x40
10004c18:	e786      	b.n	10004b28 <_etoa+0x490>
10004c1a:	bf00      	nop

10004c1c <_vsnprintf>:
10004c1c:	e92d 4ff0 	stmdb	sp!, {r4, r5, r6, r7, r8, r9, sl, fp, lr}
10004c20:	4691      	mov	r9, r2
10004c22:	4c9a      	ldr	r4, [pc, #616]	@ (10004e8c <_vsnprintf+0x270>)
10004c24:	4a9a      	ldr	r2, [pc, #616]	@ (10004e90 <_vsnprintf+0x274>)
10004c26:	f1b1 0a00 	subs.w	sl, r1, #0
10004c2a:	b09b      	sub	sp, #108	@ 0x6c
10004c2c:	bf18      	it	ne
10004c2e:	4683      	movne	fp, r0
10004c30:	6014      	str	r4, [r2, #0]
10004c32:	7818      	ldrb	r0, [r3, #0]
10004c34:	4a97      	ldr	r2, [pc, #604]	@ (10004e94 <_vsnprintf+0x278>)
10004c36:	f8dd 8090 	ldr.w	r8, [sp, #144]	@ 0x90
10004c3a:	bf08      	it	eq
10004c3c:	4693      	moveq	fp, r2
10004c3e:	2800      	cmp	r0, #0
10004c40:	f000 828a 	beq.w	10005158 <_vsnprintf+0x53c>
10004c44:	461d      	mov	r5, r3
10004c46:	2600      	movs	r6, #0
10004c48:	f8cd 9020 	str.w	r9, [sp, #32]
10004c4c:	e008      	b.n	10004c60 <_vsnprintf+0x44>
10004c4e:	4632      	mov	r2, r6
10004c50:	4651      	mov	r1, sl
10004c52:	9b08      	ldr	r3, [sp, #32]
10004c54:	47d8      	blx	fp
10004c56:	3601      	adds	r6, #1
10004c58:	7828      	ldrb	r0, [r5, #0]
10004c5a:	2800      	cmp	r0, #0
10004c5c:	f000 80c7 	beq.w	10004dee <_vsnprintf+0x1d2>
10004c60:	2825      	cmp	r0, #37	@ 0x25
10004c62:	f105 0501 	add.w	r5, r5, #1
10004c66:	d1f2      	bne.n	10004c4e <_vsnprintf+0x32>
10004c68:	2200      	movs	r2, #0
10004c6a:	462b      	mov	r3, r5
10004c6c:	f813 1b01 	ldrb.w	r1, [r3], #1
10004c70:	f1a1 0020 	sub.w	r0, r1, #32
10004c74:	2810      	cmp	r0, #16
10004c76:	d80a      	bhi.n	10004c8e <_vsnprintf+0x72>
10004c78:	e8df f000 	tbb	[pc, r0]
10004c7c:	3b09093f 	.word	0x3b09093f
10004c80:	09090909 	.word	0x09090909
10004c84:	37090909 	.word	0x37090909
10004c88:	09093309 	.word	0x09093309
10004c8c:	2f          	.byte	0x2f
10004c8d:	00          	.byte	0x00
10004c8e:	f1a1 0030 	sub.w	r0, r1, #48	@ 0x30
10004c92:	2809      	cmp	r0, #9
10004c94:	f240 8089 	bls.w	10004daa <_vsnprintf+0x18e>
10004c98:	292a      	cmp	r1, #42	@ 0x2a
10004c9a:	f000 80e9 	beq.w	10004e70 <_vsnprintf+0x254>
10004c9e:	2400      	movs	r4, #0
10004ca0:	292e      	cmp	r1, #46	@ 0x2e
10004ca2:	f000 8094 	beq.w	10004dce <_vsnprintf+0x1b2>
10004ca6:	2700      	movs	r7, #0
10004ca8:	f1a1 0068 	sub.w	r0, r1, #104	@ 0x68
10004cac:	2812      	cmp	r0, #18
10004cae:	d82c      	bhi.n	10004d0a <_vsnprintf+0xee>
10004cb0:	e8df f010 	tbh	[pc, r0, lsl #1]
10004cb4:	002b014e 	.word	0x002b014e
10004cb8:	002b0149 	.word	0x002b0149
10004cbc:	002b0140 	.word	0x002b0140
10004cc0:	002b002b 	.word	0x002b002b
10004cc4:	002b002b 	.word	0x002b002b
10004cc8:	002b002b 	.word	0x002b002b
10004ccc:	002b0027 	.word	0x002b0027
10004cd0:	002b002b 	.word	0x002b002b
10004cd4:	002b002b 	.word	0x002b002b
10004cd8:	0027      	.short	0x0027
10004cda:	461d      	mov	r5, r3
10004cdc:	f042 0201 	orr.w	r2, r2, #1
10004ce0:	e7c3      	b.n	10004c6a <_vsnprintf+0x4e>
10004ce2:	461d      	mov	r5, r3
10004ce4:	f042 0202 	orr.w	r2, r2, #2
10004ce8:	e7bf      	b.n	10004c6a <_vsnprintf+0x4e>
10004cea:	461d      	mov	r5, r3
10004cec:	f042 0204 	orr.w	r2, r2, #4
10004cf0:	e7bb      	b.n	10004c6a <_vsnprintf+0x4e>
10004cf2:	461d      	mov	r5, r3
10004cf4:	f042 0210 	orr.w	r2, r2, #16
10004cf8:	e7b7      	b.n	10004c6a <_vsnprintf+0x4e>
10004cfa:	461d      	mov	r5, r3
10004cfc:	f042 0208 	orr.w	r2, r2, #8
10004d00:	e7b3      	b.n	10004c6a <_vsnprintf+0x4e>
10004d02:	7869      	ldrb	r1, [r5, #1]
10004d04:	f442 7280 	orr.w	r2, r2, #256	@ 0x100
10004d08:	3301      	adds	r3, #1
10004d0a:	2967      	cmp	r1, #103	@ 0x67
10004d0c:	461d      	mov	r5, r3
10004d0e:	d87e      	bhi.n	10004e0e <_vsnprintf+0x1f2>
10004d10:	2924      	cmp	r1, #36	@ 0x24
10004d12:	f240 80b8 	bls.w	10004e86 <_vsnprintf+0x26a>
10004d16:	f1a1 0325 	sub.w	r3, r1, #37	@ 0x25
10004d1a:	2b42      	cmp	r3, #66	@ 0x42
10004d1c:	f200 80b3 	bhi.w	10004e86 <_vsnprintf+0x26a>
10004d20:	e8df f013 	tbh	[pc, r3, lsl #1]
10004d24:	00b10151 	.word	0x00b10151
10004d28:	00b100b1 	.word	0x00b100b1
10004d2c:	00b100b1 	.word	0x00b100b1
10004d30:	00b100b1 	.word	0x00b100b1
10004d34:	00b100b1 	.word	0x00b100b1
10004d38:	00b100b1 	.word	0x00b100b1
10004d3c:	00b100b1 	.word	0x00b100b1
10004d40:	00b100b1 	.word	0x00b100b1
10004d44:	00b100b1 	.word	0x00b100b1
10004d48:	00b100b1 	.word	0x00b100b1
10004d4c:	00b100b1 	.word	0x00b100b1
10004d50:	00b100b1 	.word	0x00b100b1
10004d54:	00b100b1 	.word	0x00b100b1
10004d58:	00b100b1 	.word	0x00b100b1
10004d5c:	00b100b1 	.word	0x00b100b1
10004d60:	00b100b1 	.word	0x00b100b1
10004d64:	013a011e 	.word	0x013a011e
10004d68:	00b1011e 	.word	0x00b1011e
10004d6c:	00b100b1 	.word	0x00b100b1
10004d70:	00b100b1 	.word	0x00b100b1
10004d74:	00b100b1 	.word	0x00b100b1
10004d78:	00b100b1 	.word	0x00b100b1
10004d7c:	00b100b1 	.word	0x00b100b1
10004d80:	00b100b1 	.word	0x00b100b1
10004d84:	00b100b1 	.word	0x00b100b1
10004d88:	01b400b1 	.word	0x01b400b1
10004d8c:	00b100b1 	.word	0x00b100b1
10004d90:	00b100b1 	.word	0x00b100b1
10004d94:	00b100b1 	.word	0x00b100b1
10004d98:	00b100b1 	.word	0x00b100b1
10004d9c:	01b400b1 	.word	0x01b400b1
10004da0:	01b40158 	.word	0x01b40158
10004da4:	013a011e 	.word	0x013a011e
10004da8:	011e      	.short	0x011e
10004daa:	2400      	movs	r4, #0
10004dac:	eb04 0484 	add.w	r4, r4, r4, lsl #2
10004db0:	eb01 0444 	add.w	r4, r1, r4, lsl #1
10004db4:	7819      	ldrb	r1, [r3, #0]
10004db6:	461d      	mov	r5, r3
10004db8:	f1a1 0030 	sub.w	r0, r1, #48	@ 0x30
10004dbc:	2809      	cmp	r0, #9
10004dbe:	f1a4 0430 	sub.w	r4, r4, #48	@ 0x30
10004dc2:	f103 0301 	add.w	r3, r3, #1
10004dc6:	d9f1      	bls.n	10004dac <_vsnprintf+0x190>
10004dc8:	292e      	cmp	r1, #46	@ 0x2e
10004dca:	f47f af6c 	bne.w	10004ca6 <_vsnprintf+0x8a>
10004dce:	7869      	ldrb	r1, [r5, #1]
10004dd0:	4618      	mov	r0, r3
10004dd2:	f1a1 0730 	sub.w	r7, r1, #48	@ 0x30
10004dd6:	2f09      	cmp	r7, #9
10004dd8:	f442 6280 	orr.w	r2, r2, #1024	@ 0x400
10004ddc:	f240 8125 	bls.w	1000502a <_vsnprintf+0x40e>
10004de0:	292a      	cmp	r1, #42	@ 0x2a
10004de2:	f000 8132 	beq.w	1000504a <_vsnprintf+0x42e>
10004de6:	461d      	mov	r5, r3
10004de8:	2700      	movs	r7, #0
10004dea:	3301      	adds	r3, #1
10004dec:	e75c      	b.n	10004ca8 <_vsnprintf+0x8c>
10004dee:	4634      	mov	r4, r6
10004df0:	f8dd 9020 	ldr.w	r9, [sp, #32]
10004df4:	45b1      	cmp	r9, r6
10004df6:	d801      	bhi.n	10004dfc <_vsnprintf+0x1e0>
10004df8:	f109 36ff 	add.w	r6, r9, #4294967295	@ 0xffffffff
10004dfc:	464b      	mov	r3, r9
10004dfe:	4632      	mov	r2, r6
10004e00:	4651      	mov	r1, sl
10004e02:	2000      	movs	r0, #0
10004e04:	47d8      	blx	fp
10004e06:	4620      	mov	r0, r4
10004e08:	b01b      	add	sp, #108	@ 0x6c
10004e0a:	e8bd 8ff0 	ldmia.w	sp!, {r4, r5, r6, r7, r8, r9, sl, fp, pc}
10004e0e:	f1a1 0369 	sub.w	r3, r1, #105	@ 0x69
10004e12:	b2db      	uxtb	r3, r3
10004e14:	2b0f      	cmp	r3, #15
10004e16:	d836      	bhi.n	10004e86 <_vsnprintf+0x26a>
10004e18:	2001      	movs	r0, #1
10004e1a:	f249 0c41 	movw	ip, #36929	@ 0x9041
10004e1e:	4098      	lsls	r0, r3
10004e20:	ea10 000c 	ands.w	r0, r0, ip
10004e24:	f040 80f4 	bne.w	10005010 <_vsnprintf+0x3f4>
10004e28:	2b0a      	cmp	r3, #10
10004e2a:	d035      	beq.n	10004e98 <_vsnprintf+0x27c>
10004e2c:	2b07      	cmp	r3, #7
10004e2e:	d12a      	bne.n	10004e86 <_vsnprintf+0x26a>
10004e30:	f858 1b04 	ldr.w	r1, [r8], #4
10004e34:	2900      	cmp	r1, #0
10004e36:	f040 8110 	bne.w	1000505a <_vsnprintf+0x43e>
10004e3a:	f022 0410 	bic.w	r4, r2, #16
10004e3e:	f412 6180 	ands.w	r1, r2, #1024	@ 0x400
10004e42:	f044 0421 	orr.w	r4, r4, #33	@ 0x21
10004e46:	f000 810a 	beq.w	1000505e <_vsnprintf+0x442>
10004e4a:	aa12      	add	r2, sp, #72	@ 0x48
10004e4c:	2308      	movs	r3, #8
10004e4e:	9305      	str	r3, [sp, #20]
10004e50:	2310      	movs	r3, #16
10004e52:	e9cd 2000 	strd	r2, r0, [sp]
10004e56:	4632      	mov	r2, r6
10004e58:	9406      	str	r4, [sp, #24]
10004e5a:	9704      	str	r7, [sp, #16]
10004e5c:	9303      	str	r3, [sp, #12]
10004e5e:	2300      	movs	r3, #0
10004e60:	9302      	str	r3, [sp, #8]
10004e62:	4651      	mov	r1, sl
10004e64:	4658      	mov	r0, fp
10004e66:	9b08      	ldr	r3, [sp, #32]
10004e68:	f7ff f8d8 	bl	1000401c <_ntoa_format>
10004e6c:	4606      	mov	r6, r0
10004e6e:	e6f3      	b.n	10004c58 <_vsnprintf+0x3c>
10004e70:	f858 4b04 	ldr.w	r4, [r8], #4
10004e74:	7869      	ldrb	r1, [r5, #1]
10004e76:	2c00      	cmp	r4, #0
10004e78:	461d      	mov	r5, r3
10004e7a:	bfbc      	itt	lt
10004e7c:	f042 0202 	orrlt.w	r2, r2, #2
10004e80:	4264      	neglt	r4, r4
10004e82:	3301      	adds	r3, #1
10004e84:	e70c      	b.n	10004ca0 <_vsnprintf+0x84>
10004e86:	4608      	mov	r0, r1
10004e88:	e6e1      	b.n	10004c4e <_vsnprintf+0x32>
10004e8a:	bf00      	nop
10004e8c:	10004c1d 	.word	0x10004c1d
10004e90:	2001a5d0 	.word	0x2001a5d0
10004e94:	10003f71 	.word	0x10003f71
10004e98:	f858 9b04 	ldr.w	r9, [r8], #4
10004e9c:	2f00      	cmp	r7, #0
10004e9e:	f899 0000 	ldrb.w	r0, [r9]
10004ea2:	bf14      	ite	ne
10004ea4:	463b      	movne	r3, r7
10004ea6:	f04f 33ff 	moveq.w	r3, #4294967295	@ 0xffffffff
10004eaa:	2800      	cmp	r0, #0
10004eac:	f000 8382 	beq.w	100055b4 <_vsnprintf+0x998>
10004eb0:	4649      	mov	r1, r9
10004eb2:	eb03 0c09 	add.w	ip, r3, r9
10004eb6:	e004      	b.n	10004ec2 <_vsnprintf+0x2a6>
10004eb8:	f811 3f01 	ldrb.w	r3, [r1, #1]!
10004ebc:	2b00      	cmp	r3, #0
10004ebe:	f000 8143 	beq.w	10005148 <_vsnprintf+0x52c>
10004ec2:	458c      	cmp	ip, r1
10004ec4:	d1f8      	bne.n	10004eb8 <_vsnprintf+0x29c>
10004ec6:	ebac 0109 	sub.w	r1, ip, r9
10004eca:	0553      	lsls	r3, r2, #21
10004ecc:	f140 8120 	bpl.w	10005110 <_vsnprintf+0x4f4>
10004ed0:	42b9      	cmp	r1, r7
10004ed2:	bf28      	it	cs
10004ed4:	4639      	movcs	r1, r7
10004ed6:	f012 0302 	ands.w	r3, r2, #2
10004eda:	f000 8283 	beq.w	100053e4 <_vsnprintf+0x7c8>
10004ede:	2302      	movs	r3, #2
10004ee0:	e9cd 4809 	strd	r4, r8, [sp, #36]	@ 0x24
10004ee4:	4632      	mov	r2, r6
10004ee6:	4688      	mov	r8, r1
10004ee8:	9c08      	ldr	r4, [sp, #32]
10004eea:	4437      	add	r7, r6
10004eec:	930b      	str	r3, [sp, #44]	@ 0x2c
10004eee:	e007      	b.n	10004f00 <_vsnprintf+0x2e4>
10004ef0:	4623      	mov	r3, r4
10004ef2:	4651      	mov	r1, sl
10004ef4:	47d8      	blx	fp
10004ef6:	f819 0f01 	ldrb.w	r0, [r9, #1]!
10004efa:	3601      	adds	r6, #1
10004efc:	b110      	cbz	r0, 10004f04 <_vsnprintf+0x2e8>
10004efe:	4632      	mov	r2, r6
10004f00:	42b7      	cmp	r7, r6
10004f02:	d1f5      	bne.n	10004ef0 <_vsnprintf+0x2d4>
10004f04:	9b0b      	ldr	r3, [sp, #44]	@ 0x2c
10004f06:	4641      	mov	r1, r8
10004f08:	9c09      	ldr	r4, [sp, #36]	@ 0x24
10004f0a:	f8dd 8028 	ldr.w	r8, [sp, #40]	@ 0x28
10004f0e:	2b00      	cmp	r3, #0
10004f10:	f43f aea2 	beq.w	10004c58 <_vsnprintf+0x3c>
10004f14:	4637      	mov	r7, r6
10004f16:	428c      	cmp	r4, r1
10004f18:	f67f ae9e 	bls.w	10004c58 <_vsnprintf+0x3c>
10004f1c:	4426      	add	r6, r4
10004f1e:	9c08      	ldr	r4, [sp, #32]
10004f20:	1a76      	subs	r6, r6, r1
10004f22:	463a      	mov	r2, r7
10004f24:	4623      	mov	r3, r4
10004f26:	4651      	mov	r1, sl
10004f28:	2020      	movs	r0, #32
10004f2a:	3701      	adds	r7, #1
10004f2c:	47d8      	blx	fp
10004f2e:	42b7      	cmp	r7, r6
10004f30:	d1f7      	bne.n	10004f22 <_vsnprintf+0x306>
10004f32:	e691      	b.n	10004c58 <_vsnprintf+0x3c>
10004f34:	7869      	ldrb	r1, [r5, #1]
10004f36:	296c      	cmp	r1, #108	@ 0x6c
10004f38:	f47f aee4 	bne.w	10004d04 <_vsnprintf+0xe8>
10004f3c:	78a9      	ldrb	r1, [r5, #2]
10004f3e:	f442 7240 	orr.w	r2, r2, #768	@ 0x300
10004f42:	1ceb      	adds	r3, r5, #3
10004f44:	e6e1      	b.n	10004d0a <_vsnprintf+0xee>
10004f46:	7869      	ldrb	r1, [r5, #1]
10004f48:	f442 7200 	orr.w	r2, r2, #512	@ 0x200
10004f4c:	3301      	adds	r3, #1
10004f4e:	e6dc      	b.n	10004d0a <_vsnprintf+0xee>
10004f50:	7869      	ldrb	r1, [r5, #1]
10004f52:	2968      	cmp	r1, #104	@ 0x68
10004f54:	f000 80fb 	beq.w	1000514e <_vsnprintf+0x532>
10004f58:	f042 0280 	orr.w	r2, r2, #128	@ 0x80
10004f5c:	3301      	adds	r3, #1
10004f5e:	e6d4      	b.n	10004d0a <_vsnprintf+0xee>
10004f60:	2967      	cmp	r1, #103	@ 0x67
10004f62:	f000 80c9 	beq.w	100050f8 <_vsnprintf+0x4dc>
10004f66:	2947      	cmp	r1, #71	@ 0x47
10004f68:	f000 80cd 	beq.w	10005106 <_vsnprintf+0x4ea>
10004f6c:	2945      	cmp	r1, #69	@ 0x45
10004f6e:	f000 80cc 	beq.w	1000510a <_vsnprintf+0x4ee>
10004f72:	e9cd 4203 	strd	r4, r2, [sp, #12]
10004f76:	f108 0807 	add.w	r8, r8, #7
10004f7a:	9702      	str	r7, [sp, #8]
10004f7c:	f028 0807 	bic.w	r8, r8, #7
10004f80:	4632      	mov	r2, r6
10004f82:	e8f8 6702 	ldrd	r6, r7, [r8], #8
10004f86:	4651      	mov	r1, sl
10004f88:	e9cd 6700 	strd	r6, r7, [sp]
10004f8c:	4658      	mov	r0, fp
10004f8e:	9b08      	ldr	r3, [sp, #32]
10004f90:	f7ff fb82 	bl	10004698 <_etoa>
10004f94:	4606      	mov	r6, r0
10004f96:	e65f      	b.n	10004c58 <_vsnprintf+0x3c>
10004f98:	2946      	cmp	r1, #70	@ 0x46
10004f9a:	bf08      	it	eq
10004f9c:	f042 0220 	orreq.w	r2, r2, #32
10004fa0:	e9cd 4203 	strd	r4, r2, [sp, #12]
10004fa4:	f108 0807 	add.w	r8, r8, #7
10004fa8:	9702      	str	r7, [sp, #8]
10004faa:	f028 0807 	bic.w	r8, r8, #7
10004fae:	4632      	mov	r2, r6
10004fb0:	e8f8 6702 	ldrd	r6, r7, [r8], #8
10004fb4:	4651      	mov	r1, sl
10004fb6:	e9cd 6700 	strd	r6, r7, [sp]
10004fba:	4658      	mov	r0, fp
10004fbc:	9b08      	ldr	r3, [sp, #32]
10004fbe:	f7ff f91f 	bl	10004200 <_ftoa>
10004fc2:	4606      	mov	r6, r0
10004fc4:	e648      	b.n	10004c58 <_vsnprintf+0x3c>
10004fc6:	4632      	mov	r2, r6
10004fc8:	4651      	mov	r1, sl
10004fca:	2025      	movs	r0, #37	@ 0x25
10004fcc:	9b08      	ldr	r3, [sp, #32]
10004fce:	47d8      	blx	fp
10004fd0:	3601      	adds	r6, #1
10004fd2:	e641      	b.n	10004c58 <_vsnprintf+0x3c>
10004fd4:	f108 0304 	add.w	r3, r8, #4
10004fd8:	0792      	lsls	r2, r2, #30
10004fda:	9309      	str	r3, [sp, #36]	@ 0x24
10004fdc:	f106 0701 	add.w	r7, r6, #1
10004fe0:	f140 80c3 	bpl.w	1000516a <_vsnprintf+0x54e>
10004fe4:	4632      	mov	r2, r6
10004fe6:	4651      	mov	r1, sl
10004fe8:	f898 0000 	ldrb.w	r0, [r8]
10004fec:	9b08      	ldr	r3, [sp, #32]
10004fee:	47d8      	blx	fp
10004ff0:	2c01      	cmp	r4, #1
10004ff2:	f240 81b4 	bls.w	1000535e <_vsnprintf+0x742>
10004ff6:	4426      	add	r6, r4
10004ff8:	9c08      	ldr	r4, [sp, #32]
10004ffa:	463a      	mov	r2, r7
10004ffc:	4623      	mov	r3, r4
10004ffe:	4651      	mov	r1, sl
10005000:	2020      	movs	r0, #32
10005002:	3701      	adds	r7, #1
10005004:	47d8      	blx	fp
10005006:	42b7      	cmp	r7, r6
10005008:	d1f7      	bne.n	10004ffa <_vsnprintf+0x3de>
1000500a:	f8dd 8024 	ldr.w	r8, [sp, #36]	@ 0x24
1000500e:	e623      	b.n	10004c58 <_vsnprintf+0x3c>
10005010:	296f      	cmp	r1, #111	@ 0x6f
10005012:	d074      	beq.n	100050fe <_vsnprintf+0x4e2>
10005014:	f240 8241 	bls.w	1000549a <_vsnprintf+0x87e>
10005018:	2978      	cmp	r1, #120	@ 0x78
1000501a:	f000 8186 	beq.w	1000532a <_vsnprintf+0x70e>
1000501e:	f04f 090a 	mov.w	r9, #10
10005022:	f022 0210 	bic.w	r2, r2, #16
10005026:	464b      	mov	r3, r9
10005028:	e038      	b.n	1000509c <_vsnprintf+0x480>
1000502a:	2700      	movs	r7, #0
1000502c:	eb07 0787 	add.w	r7, r7, r7, lsl #2
10005030:	eb01 0147 	add.w	r1, r1, r7, lsl #1
10005034:	f1a1 0730 	sub.w	r7, r1, #48	@ 0x30
10005038:	f810 1f01 	ldrb.w	r1, [r0, #1]!
1000503c:	f1a1 0330 	sub.w	r3, r1, #48	@ 0x30
10005040:	2b09      	cmp	r3, #9
10005042:	d9f3      	bls.n	1000502c <_vsnprintf+0x410>
10005044:	4605      	mov	r5, r0
10005046:	1c43      	adds	r3, r0, #1
10005048:	e62e      	b.n	10004ca8 <_vsnprintf+0x8c>
1000504a:	f858 7b04 	ldr.w	r7, [r8], #4
1000504e:	78a9      	ldrb	r1, [r5, #2]
10005050:	3502      	adds	r5, #2
10005052:	1c6b      	adds	r3, r5, #1
10005054:	ea27 77e7 	bic.w	r7, r7, r7, asr #31
10005058:	e626      	b.n	10004ca8 <_vsnprintf+0x8c>
1000505a:	f042 0421 	orr.w	r4, r2, #33	@ 0x21
1000505e:	aa12      	add	r2, sp, #72	@ 0x48
10005060:	4694      	mov	ip, r2
10005062:	e002      	b.n	1000506a <_vsnprintf+0x44e>
10005064:	2820      	cmp	r0, #32
10005066:	f43f aef1 	beq.w	10004e4c <_vsnprintf+0x230>
1000506a:	f001 030f 	and.w	r3, r1, #15
1000506e:	2b09      	cmp	r3, #9
10005070:	bf94      	ite	ls
10005072:	3330      	addls	r3, #48	@ 0x30
10005074:	3337      	addhi	r3, #55	@ 0x37
10005076:	290f      	cmp	r1, #15
10005078:	f88c 3000 	strb.w	r3, [ip]
1000507c:	f100 0001 	add.w	r0, r0, #1
10005080:	f10c 0c01 	add.w	ip, ip, #1
10005084:	ea4f 1111 	mov.w	r1, r1, lsr #4
10005088:	d8ec      	bhi.n	10005064 <_vsnprintf+0x448>
1000508a:	e6df      	b.n	10004e4c <_vsnprintf+0x230>
1000508c:	2958      	cmp	r1, #88	@ 0x58
1000508e:	d066      	beq.n	1000515e <_vsnprintf+0x542>
10005090:	2962      	cmp	r1, #98	@ 0x62
10005092:	f040 8089 	bne.w	100051a8 <_vsnprintf+0x58c>
10005096:	f04f 0902 	mov.w	r9, #2
1000509a:	464b      	mov	r3, r9
1000509c:	f412 6c80 	ands.w	ip, r2, #1024	@ 0x400
100050a0:	f000 80d4 	beq.w	1000524c <_vsnprintf+0x630>
100050a4:	f022 020d 	bic.w	r2, r2, #13
100050a8:	9209      	str	r2, [sp, #36]	@ 0x24
100050aa:	f412 7100 	ands.w	r1, r2, #512	@ 0x200
100050ae:	f040 817b 	bne.w	100053a8 <_vsnprintf+0x78c>
100050b2:	f412 7080 	ands.w	r0, r2, #256	@ 0x100
100050b6:	f108 0904 	add.w	r9, r8, #4
100050ba:	f040 8238 	bne.w	1000552e <_vsnprintf+0x912>
100050be:	0651      	lsls	r1, r2, #25
100050c0:	f140 813a 	bpl.w	10005338 <_vsnprintf+0x71c>
100050c4:	f898 1000 	ldrb.w	r1, [r8]
100050c8:	2900      	cmp	r1, #0
100050ca:	f040 814a 	bne.w	10005362 <_vsnprintf+0x746>
100050ce:	9a09      	ldr	r2, [sp, #36]	@ 0x24
100050d0:	f022 0210 	bic.w	r2, r2, #16
100050d4:	9209      	str	r2, [sp, #36]	@ 0x24
100050d6:	f1bc 0f00 	cmp.w	ip, #0
100050da:	f000 8142 	beq.w	10005362 <_vsnprintf+0x746>
100050de:	4608      	mov	r0, r1
100050e0:	aa12      	add	r2, sp, #72	@ 0x48
100050e2:	9909      	ldr	r1, [sp, #36]	@ 0x24
100050e4:	e9cd 3703 	strd	r3, r7, [sp, #12]
100050e8:	e9cd 4105 	strd	r4, r1, [sp, #20]
100050ec:	9001      	str	r0, [sp, #4]
100050ee:	2300      	movs	r3, #0
100050f0:	9200      	str	r2, [sp, #0]
100050f2:	9302      	str	r3, [sp, #8]
100050f4:	4632      	mov	r2, r6
100050f6:	e0a1      	b.n	1000523c <_vsnprintf+0x620>
100050f8:	f442 6200 	orr.w	r2, r2, #2048	@ 0x800
100050fc:	e739      	b.n	10004f72 <_vsnprintf+0x356>
100050fe:	f04f 0908 	mov.w	r9, #8
10005102:	464b      	mov	r3, r9
10005104:	e7ca      	b.n	1000509c <_vsnprintf+0x480>
10005106:	f442 6200 	orr.w	r2, r2, #2048	@ 0x800
1000510a:	f042 0220 	orr.w	r2, r2, #32
1000510e:	e730      	b.n	10004f72 <_vsnprintf+0x356>
10005110:	f012 0302 	ands.w	r3, r2, #2
10005114:	f000 818c 	beq.w	10005430 <_vsnprintf+0x814>
10005118:	2302      	movs	r3, #2
1000511a:	e9cd 4809 	strd	r4, r8, [sp, #36]	@ 0x24
1000511e:	461f      	mov	r7, r3
10005120:	4688      	mov	r8, r1
10005122:	9c08      	ldr	r4, [sp, #32]
10005124:	4632      	mov	r2, r6
10005126:	4623      	mov	r3, r4
10005128:	4651      	mov	r1, sl
1000512a:	47d8      	blx	fp
1000512c:	f819 0f01 	ldrb.w	r0, [r9, #1]!
10005130:	3601      	adds	r6, #1
10005132:	2800      	cmp	r0, #0
10005134:	d1f6      	bne.n	10005124 <_vsnprintf+0x508>
10005136:	463b      	mov	r3, r7
10005138:	4641      	mov	r1, r8
1000513a:	9c09      	ldr	r4, [sp, #36]	@ 0x24
1000513c:	f8dd 8028 	ldr.w	r8, [sp, #40]	@ 0x28
10005140:	2b00      	cmp	r3, #0
10005142:	f43f ad89 	beq.w	10004c58 <_vsnprintf+0x3c>
10005146:	e6e5      	b.n	10004f14 <_vsnprintf+0x2f8>
10005148:	eba1 0109 	sub.w	r1, r1, r9
1000514c:	e6bd      	b.n	10004eca <_vsnprintf+0x2ae>
1000514e:	78a9      	ldrb	r1, [r5, #2]
10005150:	f042 02c0 	orr.w	r2, r2, #192	@ 0xc0
10005154:	1ceb      	adds	r3, r5, #3
10005156:	e5d8      	b.n	10004d0a <_vsnprintf+0xee>
10005158:	4604      	mov	r4, r0
1000515a:	4606      	mov	r6, r0
1000515c:	e64a      	b.n	10004df4 <_vsnprintf+0x1d8>
1000515e:	f04f 0910 	mov.w	r9, #16
10005162:	f042 0220 	orr.w	r2, r2, #32
10005166:	464b      	mov	r3, r9
10005168:	e798      	b.n	1000509c <_vsnprintf+0x480>
1000516a:	2c01      	cmp	r4, #1
1000516c:	f240 80f1 	bls.w	10005352 <_vsnprintf+0x736>
10005170:	4637      	mov	r7, r6
10005172:	f106 39ff 	add.w	r9, r6, #4294967295	@ 0xffffffff
10005176:	f8cd 8028 	str.w	r8, [sp, #40]	@ 0x28
1000517a:	f8dd 8020 	ldr.w	r8, [sp, #32]
1000517e:	44a1      	add	r9, r4
10005180:	463a      	mov	r2, r7
10005182:	4643      	mov	r3, r8
10005184:	4651      	mov	r1, sl
10005186:	2020      	movs	r0, #32
10005188:	3701      	adds	r7, #1
1000518a:	47d8      	blx	fp
1000518c:	454f      	cmp	r7, r9
1000518e:	d1f7      	bne.n	10005180 <_vsnprintf+0x564>
10005190:	f8dd 8028 	ldr.w	r8, [sp, #40]	@ 0x28
10005194:	463a      	mov	r2, r7
10005196:	f898 0000 	ldrb.w	r0, [r8]
1000519a:	4651      	mov	r1, sl
1000519c:	9b08      	ldr	r3, [sp, #32]
1000519e:	47d8      	blx	fp
100051a0:	4426      	add	r6, r4
100051a2:	f8dd 8024 	ldr.w	r8, [sp, #36]	@ 0x24
100051a6:	e557      	b.n	10004c58 <_vsnprintf+0x3c>
100051a8:	f412 6380 	ands.w	r3, r2, #1024	@ 0x400
100051ac:	f000 80c1 	beq.w	10005332 <_vsnprintf+0x716>
100051b0:	f44f 6380 	mov.w	r3, #1024	@ 0x400
100051b4:	f022 0011 	bic.w	r0, r2, #17
100051b8:	f410 7e00 	ands.w	lr, r0, #512	@ 0x200
100051bc:	d14a      	bne.n	10005254 <_vsnprintf+0x638>
100051be:	f410 7c80 	ands.w	ip, r0, #256	@ 0x100
100051c2:	f108 0904 	add.w	r9, r8, #4
100051c6:	f040 8137 	bne.w	10005438 <_vsnprintf+0x81c>
100051ca:	0641      	lsls	r1, r0, #25
100051cc:	f100 80a9 	bmi.w	10005322 <_vsnprintf+0x706>
100051d0:	0602      	lsls	r2, r0, #24
100051d2:	f140 81e3 	bpl.w	1000559c <_vsnprintf+0x980>
100051d6:	f9b8 2000 	ldrsh.w	r2, [r8]
100051da:	ea82 71e2 	eor.w	r1, r2, r2, asr #31
100051de:	eba1 71e2 	sub.w	r1, r1, r2, asr #31
100051e2:	fa1f fe81 	uxth.w	lr, r1
100051e6:	0fd1      	lsrs	r1, r2, #31
100051e8:	9109      	str	r1, [sp, #36]	@ 0x24
100051ea:	2a00      	cmp	r2, #0
100051ec:	f000 815f 	beq.w	100054ae <_vsnprintf+0x892>
100051f0:	4673      	mov	r3, lr
100051f2:	aa12      	add	r2, sp, #72	@ 0x48
100051f4:	4696      	mov	lr, r2
100051f6:	f8df 83a0 	ldr.w	r8, [pc, #928]	@ 10005598 <_vsnprintf+0x97c>
100051fa:	940a      	str	r4, [sp, #40]	@ 0x28
100051fc:	e003      	b.n	10005206 <_vsnprintf+0x5ea>
100051fe:	f1bc 0f20 	cmp.w	ip, #32
10005202:	4623      	mov	r3, r4
10005204:	d00f      	beq.n	10005226 <_vsnprintf+0x60a>
10005206:	fba8 1403 	umull	r1, r4, r8, r3
1000520a:	08e4      	lsrs	r4, r4, #3
1000520c:	eb04 0184 	add.w	r1, r4, r4, lsl #2
10005210:	eba3 0141 	sub.w	r1, r3, r1, lsl #1
10005214:	f10e 0e01 	add.w	lr, lr, #1
10005218:	3130      	adds	r1, #48	@ 0x30
1000521a:	2b09      	cmp	r3, #9
1000521c:	f10c 0c01 	add.w	ip, ip, #1
10005220:	f80e 1c01 	strb.w	r1, [lr, #-1]
10005224:	d8eb      	bhi.n	100051fe <_vsnprintf+0x5e2>
10005226:	9c0a      	ldr	r4, [sp, #40]	@ 0x28
10005228:	9b09      	ldr	r3, [sp, #36]	@ 0x24
1000522a:	9200      	str	r2, [sp, #0]
1000522c:	e9cd c301 	strd	ip, r3, [sp, #4]
10005230:	230a      	movs	r3, #10
10005232:	4632      	mov	r2, r6
10005234:	e9cd 4005 	strd	r4, r0, [sp, #20]
10005238:	9704      	str	r7, [sp, #16]
1000523a:	9303      	str	r3, [sp, #12]
1000523c:	4651      	mov	r1, sl
1000523e:	4658      	mov	r0, fp
10005240:	9b08      	ldr	r3, [sp, #32]
10005242:	f7fe feeb 	bl	1000401c <_ntoa_format>
10005246:	46c8      	mov	r8, r9
10005248:	4606      	mov	r6, r0
1000524a:	e505      	b.n	10004c58 <_vsnprintf+0x3c>
1000524c:	f022 020c 	bic.w	r2, r2, #12
10005250:	9209      	str	r2, [sp, #36]	@ 0x24
10005252:	e72a      	b.n	100050aa <_vsnprintf+0x48e>
10005254:	f108 0807 	add.w	r8, r8, #7
10005258:	f028 0807 	bic.w	r8, r8, #7
1000525c:	f8d8 2004 	ldr.w	r2, [r8, #4]
10005260:	f858 cb08 	ldr.w	ip, [r8], #8
10005264:	0fd1      	lsrs	r1, r2, #31
10005266:	ea5c 0e02 	orrs.w	lr, ip, r2
1000526a:	d06c      	beq.n	10005346 <_vsnprintf+0x72a>
1000526c:	2a00      	cmp	r2, #0
1000526e:	4663      	mov	r3, ip
10005270:	da02      	bge.n	10005278 <_vsnprintf+0x65c>
10005272:	425b      	negs	r3, r3
10005274:	eb62 0242 	sbc.w	r2, r2, r2, lsl #1
10005278:	4691      	mov	r9, r2
1000527a:	9309      	str	r3, [sp, #36]	@ 0x24
1000527c:	aa12      	add	r2, sp, #72	@ 0x48
1000527e:	4694      	mov	ip, r2
10005280:	f04f 0e00 	mov.w	lr, #0
10005284:	e9cd 180a 	strd	r1, r8, [sp, #40]	@ 0x28
10005288:	e9cd 470c 	strd	r4, r7, [sp, #48]	@ 0x30
1000528c:	960e      	str	r6, [sp, #56]	@ 0x38
1000528e:	920f      	str	r2, [sp, #60]	@ 0x3c
10005290:	e003      	b.n	1000529a <_vsnprintf+0x67e>
10005292:	f1be 0f20 	cmp.w	lr, #32
10005296:	463b      	mov	r3, r7
10005298:	d030      	beq.n	100052fc <_vsnprintf+0x6e0>
1000529a:	f04f 32cc 	mov.w	r2, #3435973836	@ 0xcccccccc
1000529e:	eb13 0109 	adds.w	r1, r3, r9
100052a2:	4fbd      	ldr	r7, [pc, #756]	@ (10005598 <_vsnprintf+0x97c>)
100052a4:	f141 0100 	adc.w	r1, r1, #0
100052a8:	fba7 4601 	umull	r4, r6, r7, r1
100052ac:	f026 0403 	bic.w	r4, r6, #3
100052b0:	eb04 0496 	add.w	r4, r4, r6, lsr #2
100052b4:	1b09      	subs	r1, r1, r4
100052b6:	1a5c      	subs	r4, r3, r1
100052b8:	fb02 f604 	mul.w	r6, r2, r4
100052bc:	463a      	mov	r2, r7
100052be:	f169 0800 	sbc.w	r8, r9, #0
100052c2:	fb02 6608 	mla	r6, r2, r8, r6
100052c6:	2205      	movs	r2, #5
100052c8:	fba4 7407 	umull	r7, r4, r4, r7
100052cc:	f007 0801 	and.w	r8, r7, #1
100052d0:	4426      	add	r6, r4
100052d2:	fba8 4802 	umull	r4, r8, r8, r2
100052d6:	1864      	adds	r4, r4, r1
100052d8:	2b0a      	cmp	r3, #10
100052da:	f10c 0c01 	add.w	ip, ip, #1
100052de:	ea4f 0757 	mov.w	r7, r7, lsr #1
100052e2:	f104 0430 	add.w	r4, r4, #48	@ 0x30
100052e6:	f179 0900 	sbcs.w	r9, r9, #0
100052ea:	f10e 0e01 	add.w	lr, lr, #1
100052ee:	f80c 4c01 	strb.w	r4, [ip, #-1]
100052f2:	ea47 77c6 	orr.w	r7, r7, r6, lsl #31
100052f6:	ea4f 0956 	mov.w	r9, r6, lsr #1
100052fa:	d2ca      	bcs.n	10005292 <_vsnprintf+0x676>
100052fc:	4673      	mov	r3, lr
100052fe:	e9dd 180a 	ldrd	r1, r8, [sp, #40]	@ 0x28
10005302:	e9dd 470c 	ldrd	r4, r7, [sp, #48]	@ 0x30
10005306:	9e0e      	ldr	r6, [sp, #56]	@ 0x38
10005308:	9a0f      	ldr	r2, [sp, #60]	@ 0x3c
1000530a:	f8cd e024 	str.w	lr, [sp, #36]	@ 0x24
1000530e:	e9cd 3101 	strd	r3, r1, [sp, #4]
10005312:	230a      	movs	r3, #10
10005314:	9200      	str	r2, [sp, #0]
10005316:	e9cd 4005 	strd	r4, r0, [sp, #20]
1000531a:	4632      	mov	r2, r6
1000531c:	9704      	str	r7, [sp, #16]
1000531e:	9303      	str	r3, [sp, #12]
10005320:	e59f      	b.n	10004e62 <_vsnprintf+0x246>
10005322:	f898 2000 	ldrb.w	r2, [r8]
10005326:	4696      	mov	lr, r2
10005328:	e75d      	b.n	100051e6 <_vsnprintf+0x5ca>
1000532a:	f04f 0910 	mov.w	r9, #16
1000532e:	464b      	mov	r3, r9
10005330:	e6b4      	b.n	1000509c <_vsnprintf+0x480>
10005332:	f022 0010 	bic.w	r0, r2, #16
10005336:	e73f      	b.n	100051b8 <_vsnprintf+0x59c>
10005338:	0611      	lsls	r1, r2, #24
1000533a:	bf4c      	ite	mi
1000533c:	f8b8 1000 	ldrhmi.w	r1, [r8]
10005340:	f8d8 1000 	ldrpl.w	r1, [r8]
10005344:	e6c0      	b.n	100050c8 <_vsnprintf+0x4ac>
10005346:	2b00      	cmp	r3, #0
10005348:	f040 8142 	bne.w	100055d0 <_vsnprintf+0x9b4>
1000534c:	4699      	mov	r9, r3
1000534e:	9309      	str	r3, [sp, #36]	@ 0x24
10005350:	e794      	b.n	1000527c <_vsnprintf+0x660>
10005352:	4632      	mov	r2, r6
10005354:	4651      	mov	r1, sl
10005356:	f898 0000 	ldrb.w	r0, [r8]
1000535a:	9b08      	ldr	r3, [sp, #32]
1000535c:	47d8      	blx	fp
1000535e:	463e      	mov	r6, r7
10005360:	e653      	b.n	1000500a <_vsnprintf+0x3ee>
10005362:	9a09      	ldr	r2, [sp, #36]	@ 0x24
10005364:	940a      	str	r4, [sp, #40]	@ 0x28
10005366:	f012 0f20 	tst.w	r2, #32
1000536a:	bf14      	ite	ne
1000536c:	f04f 0841 	movne.w	r8, #65	@ 0x41
10005370:	f04f 0861 	moveq.w	r8, #97	@ 0x61
10005374:	aa12      	add	r2, sp, #72	@ 0x48
10005376:	4694      	mov	ip, r2
10005378:	f1a8 080a 	sub.w	r8, r8, #10
1000537c:	e002      	b.n	10005384 <_vsnprintf+0x768>
1000537e:	2820      	cmp	r0, #32
10005380:	4671      	mov	r1, lr
10005382:	d00f      	beq.n	100053a4 <_vsnprintf+0x788>
10005384:	fbb1 fef3 	udiv	lr, r1, r3
10005388:	fb03 141e 	mls	r4, r3, lr, r1
1000538c:	2c09      	cmp	r4, #9
1000538e:	bf94      	ite	ls
10005390:	3430      	addls	r4, #48	@ 0x30
10005392:	4444      	addhi	r4, r8
10005394:	4299      	cmp	r1, r3
10005396:	f88c 4000 	strb.w	r4, [ip]
1000539a:	f100 0001 	add.w	r0, r0, #1
1000539e:	f10c 0c01 	add.w	ip, ip, #1
100053a2:	d2ec      	bcs.n	1000537e <_vsnprintf+0x762>
100053a4:	9c0a      	ldr	r4, [sp, #40]	@ 0x28
100053a6:	e69c      	b.n	100050e2 <_vsnprintf+0x4c6>
100053a8:	f108 0807 	add.w	r8, r8, #7
100053ac:	f028 0807 	bic.w	r8, r8, #7
100053b0:	f8d8 2004 	ldr.w	r2, [r8, #4]
100053b4:	f858 1b08 	ldr.w	r1, [r8], #8
100053b8:	920a      	str	r2, [sp, #40]	@ 0x28
100053ba:	430a      	orrs	r2, r1
100053bc:	468e      	mov	lr, r1
100053be:	d17b      	bne.n	100054b8 <_vsnprintf+0x89c>
100053c0:	9a09      	ldr	r2, [sp, #36]	@ 0x24
100053c2:	f022 0210 	bic.w	r2, r2, #16
100053c6:	9209      	str	r2, [sp, #36]	@ 0x24
100053c8:	f1bc 0f00 	cmp.w	ip, #0
100053cc:	d074      	beq.n	100054b8 <_vsnprintf+0x89c>
100053ce:	2000      	movs	r0, #0
100053d0:	aa12      	add	r2, sp, #72	@ 0x48
100053d2:	9909      	ldr	r1, [sp, #36]	@ 0x24
100053d4:	e9cd 2000 	strd	r2, r0, [sp]
100053d8:	e9cd 4105 	strd	r4, r1, [sp, #20]
100053dc:	4632      	mov	r2, r6
100053de:	e9cd 3703 	strd	r3, r7, [sp, #12]
100053e2:	e53c      	b.n	10004e5e <_vsnprintf+0x242>
100053e4:	428c      	cmp	r4, r1
100053e6:	bf98      	it	ls
100053e8:	3101      	addls	r1, #1
100053ea:	f67f ad79 	bls.w	10004ee0 <_vsnprintf+0x2c4>
100053ee:	f44f 6380 	mov.w	r3, #1024	@ 0x400
100053f2:	e9cd 9409 	strd	r9, r4, [sp, #36]	@ 0x24
100053f6:	4699      	mov	r9, r3
100053f8:	19a2      	adds	r2, r4, r6
100053fa:	970b      	str	r7, [sp, #44]	@ 0x2c
100053fc:	9f08      	ldr	r7, [sp, #32]
100053fe:	1a54      	subs	r4, r2, r1
10005400:	4632      	mov	r2, r6
10005402:	463b      	mov	r3, r7
10005404:	4651      	mov	r1, sl
10005406:	2020      	movs	r0, #32
10005408:	3601      	adds	r6, #1
1000540a:	47d8      	blx	fp
1000540c:	42a6      	cmp	r6, r4
1000540e:	d1f7      	bne.n	10005400 <_vsnprintf+0x7e4>
10005410:	e9dd 470a 	ldrd	r4, r7, [sp, #40]	@ 0x28
10005414:	464b      	mov	r3, r9
10005416:	f8dd 9024 	ldr.w	r9, [sp, #36]	@ 0x24
1000541a:	f899 0000 	ldrb.w	r0, [r9]
1000541e:	2800      	cmp	r0, #0
10005420:	f43f ac1a 	beq.w	10004c58 <_vsnprintf+0x3c>
10005424:	1c61      	adds	r1, r4, #1
10005426:	2b00      	cmp	r3, #0
10005428:	f43f ae77 	beq.w	1000511a <_vsnprintf+0x4fe>
1000542c:	2300      	movs	r3, #0
1000542e:	e557      	b.n	10004ee0 <_vsnprintf+0x2c4>
10005430:	428c      	cmp	r4, r1
10005432:	d8de      	bhi.n	100053f2 <_vsnprintf+0x7d6>
10005434:	3101      	adds	r1, #1
10005436:	e670      	b.n	1000511a <_vsnprintf+0x4fe>
10005438:	f8d8 2000 	ldr.w	r2, [r8]
1000543c:	0fd1      	lsrs	r1, r2, #31
1000543e:	2a00      	cmp	r2, #0
10005440:	f000 80b3 	beq.w	100055aa <_vsnprintf+0x98e>
10005444:	ea82 73e2 	eor.w	r3, r2, r2, asr #31
10005448:	eba3 73e2 	sub.w	r3, r3, r2, asr #31
1000544c:	aa12      	add	r2, sp, #72	@ 0x48
1000544e:	4694      	mov	ip, r2
10005450:	e9cd 1409 	strd	r1, r4, [sp, #36]	@ 0x24
10005454:	f8df 8140 	ldr.w	r8, [pc, #320]	@ 10005598 <_vsnprintf+0x97c>
10005458:	e003      	b.n	10005462 <_vsnprintf+0x846>
1000545a:	f1be 0f20 	cmp.w	lr, #32
1000545e:	4623      	mov	r3, r4
10005460:	d00f      	beq.n	10005482 <_vsnprintf+0x866>
10005462:	fba8 1403 	umull	r1, r4, r8, r3
10005466:	08e4      	lsrs	r4, r4, #3
10005468:	eb04 0184 	add.w	r1, r4, r4, lsl #2
1000546c:	eba3 0141 	sub.w	r1, r3, r1, lsl #1
10005470:	f10c 0c01 	add.w	ip, ip, #1
10005474:	3130      	adds	r1, #48	@ 0x30
10005476:	2b09      	cmp	r3, #9
10005478:	f10e 0e01 	add.w	lr, lr, #1
1000547c:	f80c 1c01 	strb.w	r1, [ip, #-1]
10005480:	d8eb      	bhi.n	1000545a <_vsnprintf+0x83e>
10005482:	e9dd 1409 	ldrd	r1, r4, [sp, #36]	@ 0x24
10005486:	230a      	movs	r3, #10
10005488:	9200      	str	r2, [sp, #0]
1000548a:	e9cd 4005 	strd	r4, r0, [sp, #20]
1000548e:	4632      	mov	r2, r6
10005490:	e9cd e101 	strd	lr, r1, [sp, #4]
10005494:	9704      	str	r7, [sp, #16]
10005496:	9303      	str	r3, [sp, #12]
10005498:	e6d0      	b.n	1000523c <_vsnprintf+0x620>
1000549a:	2969      	cmp	r1, #105	@ 0x69
1000549c:	f022 0010 	bic.w	r0, r2, #16
100054a0:	f040 8091 	bne.w	100055c6 <_vsnprintf+0x9aa>
100054a4:	f412 6380 	ands.w	r3, r2, #1024	@ 0x400
100054a8:	f43f ae86 	beq.w	100051b8 <_vsnprintf+0x59c>
100054ac:	e680      	b.n	100051b0 <_vsnprintf+0x594>
100054ae:	2b00      	cmp	r3, #0
100054b0:	f43f ae9f 	beq.w	100051f2 <_vsnprintf+0x5d6>
100054b4:	aa12      	add	r2, sp, #72	@ 0x48
100054b6:	e6b7      	b.n	10005228 <_vsnprintf+0x60c>
100054b8:	9a09      	ldr	r2, [sp, #36]	@ 0x24
100054ba:	e9cd 840b 	strd	r8, r4, [sp, #44]	@ 0x2c
100054be:	f012 0f20 	tst.w	r2, #32
100054c2:	bf14      	ite	ne
100054c4:	2141      	movne	r1, #65	@ 0x41
100054c6:	2161      	moveq	r1, #97	@ 0x61
100054c8:	e9cd 760d 	strd	r7, r6, [sp, #52]	@ 0x34
100054cc:	e9cd 3b0f 	strd	r3, fp, [sp, #60]	@ 0x3c
100054d0:	f8cd a044 	str.w	sl, [sp, #68]	@ 0x44
100054d4:	2700      	movs	r7, #0
100054d6:	46f0      	mov	r8, lr
100054d8:	9c0a      	ldr	r4, [sp, #40]	@ 0x28
100054da:	ae12      	add	r6, sp, #72	@ 0x48
100054dc:	f10d 0b48 	add.w	fp, sp, #72	@ 0x48
100054e0:	f1a1 0a0a 	sub.w	sl, r1, #10
100054e4:	e003      	b.n	100054ee <_vsnprintf+0x8d2>
100054e6:	2f20      	cmp	r7, #32
100054e8:	4680      	mov	r8, r0
100054ea:	460c      	mov	r4, r1
100054ec:	d013      	beq.n	10005516 <_vsnprintf+0x8fa>
100054ee:	4621      	mov	r1, r4
100054f0:	464a      	mov	r2, r9
100054f2:	2300      	movs	r3, #0
100054f4:	4640      	mov	r0, r8
100054f6:	f001 f817 	bl	10006528 <____aeabi_uldivmod_veneer>
100054fa:	b2d2      	uxtb	r2, r2
100054fc:	2a09      	cmp	r2, #9
100054fe:	bf94      	ite	ls
10005500:	3230      	addls	r2, #48	@ 0x30
10005502:	4452      	addhi	r2, sl
10005504:	45c8      	cmp	r8, r9
10005506:	f174 0400 	sbcs.w	r4, r4, #0
1000550a:	7032      	strb	r2, [r6, #0]
1000550c:	f107 0701 	add.w	r7, r7, #1
10005510:	f106 0601 	add.w	r6, r6, #1
10005514:	d2e7      	bcs.n	100054e6 <_vsnprintf+0x8ca>
10005516:	4638      	mov	r0, r7
10005518:	e9dd 840b 	ldrd	r8, r4, [sp, #44]	@ 0x2c
1000551c:	465a      	mov	r2, fp
1000551e:	9e0e      	ldr	r6, [sp, #56]	@ 0x38
10005520:	9f0d      	ldr	r7, [sp, #52]	@ 0x34
10005522:	9b0f      	ldr	r3, [sp, #60]	@ 0x3c
10005524:	f8dd a044 	ldr.w	sl, [sp, #68]	@ 0x44
10005528:	f8dd b040 	ldr.w	fp, [sp, #64]	@ 0x40
1000552c:	e751      	b.n	100053d2 <_vsnprintf+0x7b6>
1000552e:	f8d8 e000 	ldr.w	lr, [r8]
10005532:	f1be 0f00 	cmp.w	lr, #0
10005536:	d10d      	bne.n	10005554 <_vsnprintf+0x938>
10005538:	f022 0210 	bic.w	r2, r2, #16
1000553c:	9209      	str	r2, [sp, #36]	@ 0x24
1000553e:	f1bc 0f00 	cmp.w	ip, #0
10005542:	d007      	beq.n	10005554 <_vsnprintf+0x938>
10005544:	aa12      	add	r2, sp, #72	@ 0x48
10005546:	9809      	ldr	r0, [sp, #36]	@ 0x24
10005548:	e9cd 3703 	strd	r3, r7, [sp, #12]
1000554c:	e9cd 4005 	strd	r4, r0, [sp, #20]
10005550:	9101      	str	r1, [sp, #4]
10005552:	e5cc      	b.n	100050ee <_vsnprintf+0x4d2>
10005554:	9a09      	ldr	r2, [sp, #36]	@ 0x24
10005556:	f012 0f20 	tst.w	r2, #32
1000555a:	bf14      	ite	ne
1000555c:	2041      	movne	r0, #65	@ 0x41
1000555e:	2061      	moveq	r0, #97	@ 0x61
10005560:	aa12      	add	r2, sp, #72	@ 0x48
10005562:	4694      	mov	ip, r2
10005564:	920a      	str	r2, [sp, #40]	@ 0x28
10005566:	f1a0 020a 	sub.w	r2, r0, #10
1000556a:	e002      	b.n	10005572 <_vsnprintf+0x956>
1000556c:	2920      	cmp	r1, #32
1000556e:	46c6      	mov	lr, r8
10005570:	d00f      	beq.n	10005592 <_vsnprintf+0x976>
10005572:	fbbe f8f3 	udiv	r8, lr, r3
10005576:	fb03 e018 	mls	r0, r3, r8, lr
1000557a:	2809      	cmp	r0, #9
1000557c:	bf94      	ite	ls
1000557e:	3030      	addls	r0, #48	@ 0x30
10005580:	1880      	addhi	r0, r0, r2
10005582:	459e      	cmp	lr, r3
10005584:	f88c 0000 	strb.w	r0, [ip]
10005588:	f101 0101 	add.w	r1, r1, #1
1000558c:	f10c 0c01 	add.w	ip, ip, #1
10005590:	d2ec      	bcs.n	1000556c <_vsnprintf+0x950>
10005592:	9a0a      	ldr	r2, [sp, #40]	@ 0x28
10005594:	e7d7      	b.n	10005546 <_vsnprintf+0x92a>
10005596:	bf00      	nop
10005598:	cccccccd 	.word	0xcccccccd
1000559c:	f8d8 2000 	ldr.w	r2, [r8]
100055a0:	ea82 7ee2 	eor.w	lr, r2, r2, asr #31
100055a4:	ebae 7ee2 	sub.w	lr, lr, r2, asr #31
100055a8:	e61d      	b.n	100051e6 <_vsnprintf+0x5ca>
100055aa:	2b00      	cmp	r3, #0
100055ac:	f43f af4e 	beq.w	1000544c <_vsnprintf+0x830>
100055b0:	aa12      	add	r2, sp, #72	@ 0x48
100055b2:	e768      	b.n	10005486 <_vsnprintf+0x86a>
100055b4:	f412 6180 	ands.w	r1, r2, #1024	@ 0x400
100055b8:	d00e      	beq.n	100055d8 <_vsnprintf+0x9bc>
100055ba:	f012 0102 	ands.w	r1, r2, #2
100055be:	d014      	beq.n	100055ea <_vsnprintf+0x9ce>
100055c0:	4601      	mov	r1, r0
100055c2:	4637      	mov	r7, r6
100055c4:	e4a7      	b.n	10004f16 <_vsnprintf+0x2fa>
100055c6:	f04f 090a 	mov.w	r9, #10
100055ca:	4602      	mov	r2, r0
100055cc:	464b      	mov	r3, r9
100055ce:	e565      	b.n	1000509c <_vsnprintf+0x480>
100055d0:	2300      	movs	r3, #0
100055d2:	aa12      	add	r2, sp, #72	@ 0x48
100055d4:	9309      	str	r3, [sp, #36]	@ 0x24
100055d6:	e69a      	b.n	1000530e <_vsnprintf+0x6f2>
100055d8:	f012 0302 	ands.w	r3, r2, #2
100055dc:	f47f ac9a 	bne.w	10004f14 <_vsnprintf+0x2f8>
100055e0:	2c00      	cmp	r4, #0
100055e2:	f47f af06 	bne.w	100053f2 <_vsnprintf+0x7d6>
100055e6:	f7ff bb37 	b.w	10004c58 <_vsnprintf+0x3c>
100055ea:	2c00      	cmp	r4, #0
100055ec:	f47f aeff 	bne.w	100053ee <_vsnprintf+0x7d2>
100055f0:	f7ff bb32 	b.w	10004c58 <_vsnprintf+0x3c>

100055f4 <__wrap_sprintf>:
100055f4:	b40e      	push	{r1, r2, r3}
100055f6:	b500      	push	{lr}
100055f8:	b084      	sub	sp, #16
100055fa:	f10d 0c14 	add.w	ip, sp, #20
100055fe:	f85c 3b04 	ldr.w	r3, [ip], #4
10005602:	4601      	mov	r1, r0
10005604:	f04f 32ff 	mov.w	r2, #4294967295	@ 0xffffffff
10005608:	f8cd c000 	str.w	ip, [sp]
1000560c:	4804      	ldr	r0, [pc, #16]	@ (10005620 <__wrap_sprintf+0x2c>)
1000560e:	f8cd c00c 	str.w	ip, [sp, #12]
10005612:	f7ff fb03 	bl	10004c1c <_vsnprintf>
10005616:	b004      	add	sp, #16
10005618:	f85d eb04 	ldr.w	lr, [sp], #4
1000561c:	b003      	add	sp, #12
1000561e:	4770      	bx	lr
10005620:	10003f69 	.word	0x10003f69

10005624 <weak_raw_vprintf>:
10005624:	b510      	push	{r4, lr}
10005626:	4a09      	ldr	r2, [pc, #36]	@ (1000564c <weak_raw_vprintf+0x28>)
10005628:	b084      	sub	sp, #16
1000562a:	6814      	ldr	r4, [r2, #0]
1000562c:	b14c      	cbz	r4, 10005642 <weak_raw_vprintf+0x1e>
1000562e:	4603      	mov	r3, r0
10005630:	9100      	str	r1, [sp, #0]
10005632:	f04f 32ff 	mov.w	r2, #4294967295	@ 0xffffffff
10005636:	a903      	add	r1, sp, #12
10005638:	4805      	ldr	r0, [pc, #20]	@ (10005650 <weak_raw_vprintf+0x2c>)
1000563a:	47a0      	blx	r4
1000563c:	2001      	movs	r0, #1
1000563e:	b004      	add	sp, #16
10005640:	bd10      	pop	{r4, pc}
10005642:	f000 f957 	bl	100058f4 <__wrap_puts>
10005646:	4620      	mov	r0, r4
10005648:	b004      	add	sp, #16
1000564a:	bd10      	pop	{r4, pc}
1000564c:	2001a5d0 	.word	0x2001a5d0
10005650:	100041f9 	.word	0x100041f9

10005654 <_exit>:
10005654:	be00      	bkpt	0x0000
10005656:	e7fd      	b.n	10005654 <_exit>

10005658 <_fini>:
10005658:	4770      	bx	lr
1000565a:	bf00      	nop

1000565c <exit>:
1000565c:	b508      	push	{r3, lr}
1000565e:	f7ff fff9 	bl	10005654 <_exit>
10005662:	bf00      	nop

10005664 <runtime_init>:
10005664:	b538      	push	{r3, r4, r5, lr}
10005666:	4c06      	ldr	r4, [pc, #24]	@ (10005680 <runtime_init+0x1c>)
10005668:	4d06      	ldr	r5, [pc, #24]	@ (10005684 <runtime_init+0x20>)
1000566a:	f7fe f813 	bl	10003694 <runtime_run_initializers>
1000566e:	42ac      	cmp	r4, r5
10005670:	d204      	bcs.n	1000567c <runtime_init+0x18>
10005672:	f854 3b04 	ldr.w	r3, [r4], #4
10005676:	4798      	blx	r3
10005678:	42ac      	cmp	r4, r5
1000567a:	d3fa      	bcc.n	10005672 <runtime_init+0xe>
1000567c:	bd38      	pop	{r3, r4, r5, pc}
1000567e:	bf00      	nop
10005680:	1000658c 	.word	0x1000658c
10005684:	10006594 	.word	0x10006594

10005688 <stdio_out_chars_no_crlf>:
10005688:	6803      	ldr	r3, [r0, #0]
1000568a:	4608      	mov	r0, r1
1000568c:	4611      	mov	r1, r2
1000568e:	4718      	bx	r3

10005690 <stdio_out_chars_crlf>:
10005690:	b570      	push	{r4, r5, r6, lr}
10005692:	4605      	mov	r5, r0
10005694:	4608      	mov	r0, r1
10005696:	7d69      	ldrb	r1, [r5, #21]
10005698:	b082      	sub	sp, #8
1000569a:	2900      	cmp	r1, #0
1000569c:	d04f      	beq.n	1000573e <stdio_out_chars_crlf+0xae>
1000569e:	2a00      	cmp	r2, #0
100056a0:	dd25      	ble.n	100056ee <stdio_out_chars_crlf+0x5e>
100056a2:	7803      	ldrb	r3, [r0, #0]
100056a4:	4614      	mov	r4, r2
100056a6:	2b0a      	cmp	r3, #10
100056a8:	4606      	mov	r6, r0
100056aa:	d022      	beq.n	100056f2 <stdio_out_chars_crlf+0x62>
100056ac:	2c01      	cmp	r4, #1
100056ae:	f04f 0e00 	mov.w	lr, #0
100056b2:	d00d      	beq.n	100056d0 <stdio_out_chars_crlf+0x40>
100056b4:	4632      	mov	r2, r6
100056b6:	2301      	movs	r3, #1
100056b8:	f812 cf01 	ldrb.w	ip, [r2, #1]!
100056bc:	4619      	mov	r1, r3
100056be:	f1bc 0f0a 	cmp.w	ip, #10
100056c2:	f103 0301 	add.w	r3, r3, #1
100056c6:	d020      	beq.n	1000570a <stdio_out_chars_crlf+0x7a>
100056c8:	429c      	cmp	r4, r3
100056ca:	d1f5      	bne.n	100056b8 <stdio_out_chars_crlf+0x28>
100056cc:	4574      	cmp	r4, lr
100056ce:	dd05      	ble.n	100056dc <stdio_out_chars_crlf+0x4c>
100056d0:	682b      	ldr	r3, [r5, #0]
100056d2:	eba4 010e 	sub.w	r1, r4, lr
100056d6:	eb06 000e 	add.w	r0, r6, lr
100056da:	4798      	blx	r3
100056dc:	1931      	adds	r1, r6, r4
100056de:	f811 3c01 	ldrb.w	r3, [r1, #-1]
100056e2:	f1a3 030d 	sub.w	r3, r3, #13
100056e6:	fab3 f383 	clz	r3, r3
100056ea:	095b      	lsrs	r3, r3, #5
100056ec:	752b      	strb	r3, [r5, #20]
100056ee:	b002      	add	sp, #8
100056f0:	bd70      	pop	{r4, r5, r6, pc}
100056f2:	7d2b      	ldrb	r3, [r5, #20]
100056f4:	2b00      	cmp	r3, #0
100056f6:	d1d9      	bne.n	100056ac <stdio_out_chars_crlf+0x1c>
100056f8:	2102      	movs	r1, #2
100056fa:	682b      	ldr	r3, [r5, #0]
100056fc:	4813      	ldr	r0, [pc, #76]	@ (1000574c <stdio_out_chars_crlf+0xbc>)
100056fe:	4798      	blx	r3
10005700:	2c01      	cmp	r4, #1
10005702:	d0eb      	beq.n	100056dc <stdio_out_chars_crlf+0x4c>
10005704:	f04f 0e01 	mov.w	lr, #1
10005708:	e7d4      	b.n	100056b4 <stdio_out_chars_crlf+0x24>
1000570a:	f812 0c01 	ldrb.w	r0, [r2, #-1]
1000570e:	280d      	cmp	r0, #13
10005710:	d0da      	beq.n	100056c8 <stdio_out_chars_crlf+0x38>
10005712:	458e      	cmp	lr, r1
10005714:	eb06 000e 	add.w	r0, r6, lr
10005718:	eba1 010e 	sub.w	r1, r1, lr
1000571c:	da05      	bge.n	1000572a <stdio_out_chars_crlf+0x9a>
1000571e:	e9cd 3200 	strd	r3, r2, [sp]
10005722:	682b      	ldr	r3, [r5, #0]
10005724:	4798      	blx	r3
10005726:	e9dd 3200 	ldrd	r3, r2, [sp]
1000572a:	e9cd 3200 	strd	r3, r2, [sp]
1000572e:	2102      	movs	r1, #2
10005730:	682b      	ldr	r3, [r5, #0]
10005732:	4806      	ldr	r0, [pc, #24]	@ (1000574c <stdio_out_chars_crlf+0xbc>)
10005734:	4798      	blx	r3
10005736:	9b00      	ldr	r3, [sp, #0]
10005738:	9a01      	ldr	r2, [sp, #4]
1000573a:	469e      	mov	lr, r3
1000573c:	e7c4      	b.n	100056c8 <stdio_out_chars_crlf+0x38>
1000573e:	4611      	mov	r1, r2
10005740:	682b      	ldr	r3, [r5, #0]
10005742:	b002      	add	sp, #8
10005744:	e8bd 4070 	ldmia.w	sp!, {r4, r5, r6, lr}
10005748:	4718      	bx	r3
1000574a:	bf00      	nop
1000574c:	10006c80 	.word	0x10006c80

10005750 <stdio_put_string>:
10005750:	e92d 47f0 	stmdb	sp!, {r4, r5, r6, r7, r8, r9, sl, lr}
10005754:	b082      	sub	sp, #8
10005756:	4690      	mov	r8, r2
10005758:	461c      	mov	r4, r3
1000575a:	460d      	mov	r5, r1
1000575c:	4607      	mov	r7, r0
1000575e:	f7fd fbcf 	bl	10002f00 <time_us_64>
10005762:	f04f 3cff 	mov.w	ip, #4294967295	@ 0xffffffff
10005766:	f06f 4600 	mvn.w	r6, #2147483648	@ 0x80000000
1000576a:	4a2e      	ldr	r2, [pc, #184]	@ (10005824 <stdio_put_string+0xd4>)
1000576c:	1882      	adds	r2, r0, r2
1000576e:	f141 0300 	adc.w	r3, r1, #0
10005772:	4594      	cmp	ip, r2
10005774:	eb76 0103 	sbcs.w	r1, r6, r3
10005778:	bf3c      	itt	cc
1000577a:	4662      	movcc	r2, ip
1000577c:	4633      	movcc	r3, r6
1000577e:	482a      	ldr	r0, [pc, #168]	@ (10005828 <stdio_put_string+0xd8>)
10005780:	f000 fed6 	bl	10006530 <__mutex_try_enter_block_until_veneer>
10005784:	1c6b      	adds	r3, r5, #1
10005786:	4682      	mov	sl, r0
10005788:	d040      	beq.n	1000580c <stdio_put_string+0xbc>
1000578a:	b30c      	cbz	r4, 100057d0 <stdio_put_string+0x80>
1000578c:	4e27      	ldr	r6, [pc, #156]	@ (1000582c <stdio_put_string+0xdc>)
1000578e:	4b28      	ldr	r3, [pc, #160]	@ (10005830 <stdio_put_string+0xe0>)
10005790:	681c      	ldr	r4, [r3, #0]
10005792:	b1b4      	cbz	r4, 100057c2 <stdio_put_string+0x72>
10005794:	f1b8 0f00 	cmp.w	r8, #0
10005798:	d11c      	bne.n	100057d4 <stdio_put_string+0x84>
1000579a:	f8df 809c 	ldr.w	r8, [pc, #156]	@ 10005838 <stdio_put_string+0xe8>
1000579e:	e001      	b.n	100057a4 <stdio_put_string+0x54>
100057a0:	6924      	ldr	r4, [r4, #16]
100057a2:	b174      	cbz	r4, 100057c2 <stdio_put_string+0x72>
100057a4:	6823      	ldr	r3, [r4, #0]
100057a6:	2b00      	cmp	r3, #0
100057a8:	d0fa      	beq.n	100057a0 <stdio_put_string+0x50>
100057aa:	f8d8 3000 	ldr.w	r3, [r8]
100057ae:	b10b      	cbz	r3, 100057b4 <stdio_put_string+0x64>
100057b0:	429c      	cmp	r4, r3
100057b2:	d1f5      	bne.n	100057a0 <stdio_put_string+0x50>
100057b4:	4620      	mov	r0, r4
100057b6:	462a      	mov	r2, r5
100057b8:	4639      	mov	r1, r7
100057ba:	47b0      	blx	r6
100057bc:	6924      	ldr	r4, [r4, #16]
100057be:	2c00      	cmp	r4, #0
100057c0:	d1f0      	bne.n	100057a4 <stdio_put_string+0x54>
100057c2:	f1ba 0f00 	cmp.w	sl, #0
100057c6:	d126      	bne.n	10005816 <stdio_put_string+0xc6>
100057c8:	4628      	mov	r0, r5
100057ca:	b002      	add	sp, #8
100057cc:	e8bd 87f0 	ldmia.w	sp!, {r4, r5, r6, r7, r8, r9, sl, pc}
100057d0:	4e18      	ldr	r6, [pc, #96]	@ (10005834 <stdio_put_string+0xe4>)
100057d2:	e7dc      	b.n	1000578e <stdio_put_string+0x3e>
100057d4:	f04f 090a 	mov.w	r9, #10
100057d8:	f8df 805c 	ldr.w	r8, [pc, #92]	@ 10005838 <stdio_put_string+0xe8>
100057dc:	e002      	b.n	100057e4 <stdio_put_string+0x94>
100057de:	6924      	ldr	r4, [r4, #16]
100057e0:	2c00      	cmp	r4, #0
100057e2:	d0ee      	beq.n	100057c2 <stdio_put_string+0x72>
100057e4:	6823      	ldr	r3, [r4, #0]
100057e6:	2b00      	cmp	r3, #0
100057e8:	d0f9      	beq.n	100057de <stdio_put_string+0x8e>
100057ea:	f8d8 3000 	ldr.w	r3, [r8]
100057ee:	b10b      	cbz	r3, 100057f4 <stdio_put_string+0xa4>
100057f0:	42a3      	cmp	r3, r4
100057f2:	d1f4      	bne.n	100057de <stdio_put_string+0x8e>
100057f4:	462a      	mov	r2, r5
100057f6:	4639      	mov	r1, r7
100057f8:	4620      	mov	r0, r4
100057fa:	47b0      	blx	r6
100057fc:	2201      	movs	r2, #1
100057fe:	4620      	mov	r0, r4
10005800:	f10d 0107 	add.w	r1, sp, #7
10005804:	f88d 9007 	strb.w	r9, [sp, #7]
10005808:	47b0      	blx	r6
1000580a:	e7e8      	b.n	100057de <stdio_put_string+0x8e>
1000580c:	4638      	mov	r0, r7
1000580e:	f000 fe59 	bl	100064c4 <strlen>
10005812:	4605      	mov	r5, r0
10005814:	e7b9      	b.n	1000578a <stdio_put_string+0x3a>
10005816:	4804      	ldr	r0, [pc, #16]	@ (10005828 <stdio_put_string+0xd8>)
10005818:	f000 fe92 	bl	10006540 <__mutex_exit_veneer>
1000581c:	4628      	mov	r0, r5
1000581e:	b002      	add	sp, #8
10005820:	e8bd 87f0 	ldmia.w	sp!, {r4, r5, r6, r7, r8, r9, sl, pc}
10005824:	000f4240 	.word	0x000f4240
10005828:	20000740 	.word	0x20000740
1000582c:	10005691 	.word	0x10005691
10005830:	200156e8 	.word	0x200156e8
10005834:	10005689 	.word	0x10005689
10005838:	20015718 	.word	0x20015718

1000583c <stdio_set_driver_enabled>:
1000583c:	4a08      	ldr	r2, [pc, #32]	@ (10005860 <stdio_set_driver_enabled+0x24>)
1000583e:	6813      	ldr	r3, [r2, #0]
10005840:	b923      	cbnz	r3, 1000584c <stdio_set_driver_enabled+0x10>
10005842:	e00a      	b.n	1000585a <stdio_set_driver_enabled+0x1e>
10005844:	f103 0210 	add.w	r2, r3, #16
10005848:	691b      	ldr	r3, [r3, #16]
1000584a:	b133      	cbz	r3, 1000585a <stdio_set_driver_enabled+0x1e>
1000584c:	4283      	cmp	r3, r0
1000584e:	d1f9      	bne.n	10005844 <stdio_set_driver_enabled+0x8>
10005850:	b929      	cbnz	r1, 1000585e <stdio_set_driver_enabled+0x22>
10005852:	6918      	ldr	r0, [r3, #16]
10005854:	6010      	str	r0, [r2, #0]
10005856:	6119      	str	r1, [r3, #16]
10005858:	4770      	bx	lr
1000585a:	b101      	cbz	r1, 1000585e <stdio_set_driver_enabled+0x22>
1000585c:	6010      	str	r0, [r2, #0]
1000585e:	4770      	bx	lr
10005860:	200156e8 	.word	0x200156e8

10005864 <stdio_init_all>:
10005864:	b508      	push	{r3, lr}
10005866:	f000 f93f 	bl	10005ae8 <stdio_uart_init>
1000586a:	2001      	movs	r0, #1
1000586c:	bd08      	pop	{r3, pc}
1000586e:	bf00      	nop

10005870 <__wrap_putchar>:
10005870:	b5f0      	push	{r4, r5, r6, r7, lr}
10005872:	b083      	sub	sp, #12
10005874:	4606      	mov	r6, r0
10005876:	f88d 0007 	strb.w	r0, [sp, #7]
1000587a:	f7fd fb41 	bl	10002f00 <time_us_64>
1000587e:	f04f 35ff 	mov.w	r5, #4294967295	@ 0xffffffff
10005882:	f06f 4400 	mvn.w	r4, #2147483648	@ 0x80000000
10005886:	4a17      	ldr	r2, [pc, #92]	@ (100058e4 <__wrap_putchar+0x74>)
10005888:	1882      	adds	r2, r0, r2
1000588a:	f141 0300 	adc.w	r3, r1, #0
1000588e:	4295      	cmp	r5, r2
10005890:	eb74 0103 	sbcs.w	r1, r4, r3
10005894:	bf3c      	itt	cc
10005896:	4623      	movcc	r3, r4
10005898:	462a      	movcc	r2, r5
1000589a:	4813      	ldr	r0, [pc, #76]	@ (100058e8 <__wrap_putchar+0x78>)
1000589c:	f000 fe48 	bl	10006530 <__mutex_try_enter_block_until_veneer>
100058a0:	4b12      	ldr	r3, [pc, #72]	@ (100058ec <__wrap_putchar+0x7c>)
100058a2:	4607      	mov	r7, r0
100058a4:	681c      	ldr	r4, [r3, #0]
100058a6:	b19c      	cbz	r4, 100058d0 <__wrap_putchar+0x60>
100058a8:	4d11      	ldr	r5, [pc, #68]	@ (100058f0 <__wrap_putchar+0x80>)
100058aa:	e001      	b.n	100058b0 <__wrap_putchar+0x40>
100058ac:	6924      	ldr	r4, [r4, #16]
100058ae:	b17c      	cbz	r4, 100058d0 <__wrap_putchar+0x60>
100058b0:	6823      	ldr	r3, [r4, #0]
100058b2:	2b00      	cmp	r3, #0
100058b4:	d0fa      	beq.n	100058ac <__wrap_putchar+0x3c>
100058b6:	682b      	ldr	r3, [r5, #0]
100058b8:	b10b      	cbz	r3, 100058be <__wrap_putchar+0x4e>
100058ba:	429c      	cmp	r4, r3
100058bc:	d1f6      	bne.n	100058ac <__wrap_putchar+0x3c>
100058be:	4620      	mov	r0, r4
100058c0:	2201      	movs	r2, #1
100058c2:	f10d 0107 	add.w	r1, sp, #7
100058c6:	f7ff fee3 	bl	10005690 <stdio_out_chars_crlf>
100058ca:	6924      	ldr	r4, [r4, #16]
100058cc:	2c00      	cmp	r4, #0
100058ce:	d1ef      	bne.n	100058b0 <__wrap_putchar+0x40>
100058d0:	b917      	cbnz	r7, 100058d8 <__wrap_putchar+0x68>
100058d2:	4630      	mov	r0, r6
100058d4:	b003      	add	sp, #12
100058d6:	bdf0      	pop	{r4, r5, r6, r7, pc}
100058d8:	4803      	ldr	r0, [pc, #12]	@ (100058e8 <__wrap_putchar+0x78>)
100058da:	f000 fe31 	bl	10006540 <__mutex_exit_veneer>
100058de:	4630      	mov	r0, r6
100058e0:	b003      	add	sp, #12
100058e2:	bdf0      	pop	{r4, r5, r6, r7, pc}
100058e4:	000f4240 	.word	0x000f4240
100058e8:	20000740 	.word	0x20000740
100058ec:	200156e8 	.word	0x200156e8
100058f0:	20015718 	.word	0x20015718

100058f4 <__wrap_puts>:
100058f4:	b538      	push	{r3, r4, r5, lr}
100058f6:	4604      	mov	r4, r0
100058f8:	f000 fde4 	bl	100064c4 <strlen>
100058fc:	2301      	movs	r3, #1
100058fe:	4605      	mov	r5, r0
10005900:	461a      	mov	r2, r3
10005902:	4620      	mov	r0, r4
10005904:	4629      	mov	r1, r5
10005906:	f7ff ff23 	bl	10005750 <stdio_put_string>
1000590a:	4b08      	ldr	r3, [pc, #32]	@ (1000592c <__wrap_puts+0x38>)
1000590c:	681c      	ldr	r4, [r3, #0]
1000590e:	b12c      	cbz	r4, 1000591c <__wrap_puts+0x28>
10005910:	6863      	ldr	r3, [r4, #4]
10005912:	b12b      	cbz	r3, 10005920 <__wrap_puts+0x2c>
10005914:	4798      	blx	r3
10005916:	6924      	ldr	r4, [r4, #16]
10005918:	2c00      	cmp	r4, #0
1000591a:	d1f9      	bne.n	10005910 <__wrap_puts+0x1c>
1000591c:	4628      	mov	r0, r5
1000591e:	bd38      	pop	{r3, r4, r5, pc}
10005920:	6924      	ldr	r4, [r4, #16]
10005922:	2c00      	cmp	r4, #0
10005924:	d1f4      	bne.n	10005910 <__wrap_puts+0x1c>
10005926:	4628      	mov	r0, r5
10005928:	bd38      	pop	{r3, r4, r5, pc}
1000592a:	bf00      	nop
1000592c:	200156e8 	.word	0x200156e8

10005930 <stdio_uart_out_chars>:
10005930:	f1b1 0c00 	subs.w	ip, r1, #0
10005934:	dd1e      	ble.n	10005974 <stdio_uart_out_chars+0x44>
10005936:	4a10      	ldr	r2, [pc, #64]	@ (10005978 <stdio_uart_out_chars+0x48>)
10005938:	4b10      	ldr	r3, [pc, #64]	@ (1000597c <stdio_uart_out_chars+0x4c>)
1000593a:	6812      	ldr	r2, [r2, #0]
1000593c:	b510      	push	{r4, lr}
1000593e:	1ad3      	subs	r3, r2, r3
10005940:	fab3 f383 	clz	r3, r3
10005944:	240d      	movs	r4, #13
10005946:	f8df e038 	ldr.w	lr, [pc, #56]	@ 10005980 <stdio_uart_out_chars+0x50>
1000594a:	095b      	lsrs	r3, r3, #5
1000594c:	1e41      	subs	r1, r0, #1
1000594e:	f93e e013 	ldrsh.w	lr, [lr, r3, lsl #1]
10005952:	448c      	add	ip, r1
10005954:	f811 0f01 	ldrb.w	r0, [r1, #1]!
10005958:	4586      	cmp	lr, r0
1000595a:	d006      	beq.n	1000596a <stdio_uart_out_chars+0x3a>
1000595c:	6993      	ldr	r3, [r2, #24]
1000595e:	069b      	lsls	r3, r3, #26
10005960:	d4fc      	bmi.n	1000595c <stdio_uart_out_chars+0x2c>
10005962:	4561      	cmp	r1, ip
10005964:	6010      	str	r0, [r2, #0]
10005966:	d1f5      	bne.n	10005954 <stdio_uart_out_chars+0x24>
10005968:	bd10      	pop	{r4, pc}
1000596a:	6993      	ldr	r3, [r2, #24]
1000596c:	069b      	lsls	r3, r3, #26
1000596e:	d4fc      	bmi.n	1000596a <stdio_uart_out_chars+0x3a>
10005970:	6014      	str	r4, [r2, #0]
10005972:	e7f3      	b.n	1000595c <stdio_uart_out_chars+0x2c>
10005974:	4770      	bx	lr
10005976:	bf00      	nop
10005978:	2001b9dc 	.word	0x2001b9dc
1000597c:	40078000 	.word	0x40078000
10005980:	2001b9d8 	.word	0x2001b9d8

10005984 <stdio_uart_in_chars>:
10005984:	4b24      	ldr	r3, [pc, #144]	@ (10005a18 <stdio_uart_in_chars+0x94>)
10005986:	f1b1 0c00 	subs.w	ip, r1, #0
1000598a:	b500      	push	{lr}
1000598c:	f8d3 e000 	ldr.w	lr, [r3]
10005990:	dd2f      	ble.n	100059f2 <stdio_uart_in_chars+0x6e>
10005992:	2100      	movs	r1, #0
10005994:	4b21      	ldr	r3, [pc, #132]	@ (10005a1c <stdio_uart_in_chars+0x98>)
10005996:	3801      	subs	r0, #1
10005998:	681a      	ldr	r2, [r3, #0]
1000599a:	6993      	ldr	r3, [r2, #24]
1000599c:	06db      	lsls	r3, r3, #27
1000599e:	d418      	bmi.n	100059d2 <stdio_uart_in_chars+0x4e>
100059a0:	3101      	adds	r1, #1
100059a2:	6993      	ldr	r3, [r2, #24]
100059a4:	06db      	lsls	r3, r3, #27
100059a6:	d4fc      	bmi.n	100059a2 <stdio_uart_in_chars+0x1e>
100059a8:	6813      	ldr	r3, [r2, #0]
100059aa:	458c      	cmp	ip, r1
100059ac:	f800 3f01 	strb.w	r3, [r0, #1]!
100059b0:	d1f3      	bne.n	1000599a <stdio_uart_in_chars+0x16>
100059b2:	f1be 0f00 	cmp.w	lr, #0
100059b6:	d009      	beq.n	100059cc <stdio_uart_in_chars+0x48>
100059b8:	2150      	movs	r1, #80	@ 0x50
100059ba:	4613      	mov	r3, r2
100059bc:	6391      	str	r1, [r2, #56]	@ 0x38
100059be:	f853 2f34 	ldr.w	r2, [r3, #52]!
100059c2:	f002 0238 	and.w	r2, r2, #56	@ 0x38
100059c6:	f503 5380 	add.w	r3, r3, #4096	@ 0x1000
100059ca:	601a      	str	r2, [r3, #0]
100059cc:	4661      	mov	r1, ip
100059ce:	4608      	mov	r0, r1
100059d0:	bd00      	pop	{pc}
100059d2:	f1be 0f00 	cmp.w	lr, #0
100059d6:	d009      	beq.n	100059ec <stdio_uart_in_chars+0x68>
100059d8:	2050      	movs	r0, #80	@ 0x50
100059da:	4613      	mov	r3, r2
100059dc:	6390      	str	r0, [r2, #56]	@ 0x38
100059de:	f853 2f34 	ldr.w	r2, [r3, #52]!
100059e2:	f002 0238 	and.w	r2, r2, #56	@ 0x38
100059e6:	f503 5380 	add.w	r3, r3, #4096	@ 0x1000
100059ea:	601a      	str	r2, [r3, #0]
100059ec:	b181      	cbz	r1, 10005a10 <stdio_uart_in_chars+0x8c>
100059ee:	4608      	mov	r0, r1
100059f0:	bd00      	pop	{pc}
100059f2:	f1be 0f00 	cmp.w	lr, #0
100059f6:	d00b      	beq.n	10005a10 <stdio_uart_in_chars+0x8c>
100059f8:	4b08      	ldr	r3, [pc, #32]	@ (10005a1c <stdio_uart_in_chars+0x98>)
100059fa:	2150      	movs	r1, #80	@ 0x50
100059fc:	681a      	ldr	r2, [r3, #0]
100059fe:	4613      	mov	r3, r2
10005a00:	6391      	str	r1, [r2, #56]	@ 0x38
10005a02:	f853 2f34 	ldr.w	r2, [r3, #52]!
10005a06:	f002 0238 	and.w	r2, r2, #56	@ 0x38
10005a0a:	f503 5380 	add.w	r3, r3, #4096	@ 0x1000
10005a0e:	601a      	str	r2, [r3, #0]
10005a10:	f06f 0102 	mvn.w	r1, #2
10005a14:	e7db      	b.n	100059ce <stdio_uart_in_chars+0x4a>
10005a16:	bf00      	nop
10005a18:	200142e8 	.word	0x200142e8
10005a1c:	2001b9dc 	.word	0x2001b9dc

10005a20 <on_uart_rx>:
10005a20:	4b05      	ldr	r3, [pc, #20]	@ (10005a38 <on_uart_rx+0x18>)
10005a22:	681b      	ldr	r3, [r3, #0]
10005a24:	b133      	cbz	r3, 10005a34 <on_uart_rx+0x14>
10005a26:	2100      	movs	r1, #0
10005a28:	4a04      	ldr	r2, [pc, #16]	@ (10005a3c <on_uart_rx+0x1c>)
10005a2a:	4805      	ldr	r0, [pc, #20]	@ (10005a40 <on_uart_rx+0x20>)
10005a2c:	6812      	ldr	r2, [r2, #0]
10005a2e:	6800      	ldr	r0, [r0, #0]
10005a30:	6391      	str	r1, [r2, #56]	@ 0x38
10005a32:	4718      	bx	r3
10005a34:	4770      	bx	lr
10005a36:	bf00      	nop
10005a38:	200142e8 	.word	0x200142e8
10005a3c:	2001b9dc 	.word	0x2001b9dc
10005a40:	200142ec 	.word	0x200142ec

10005a44 <stdio_uart_out_flush>:
10005a44:	4b02      	ldr	r3, [pc, #8]	@ (10005a50 <stdio_uart_out_flush+0xc>)
10005a46:	681a      	ldr	r2, [r3, #0]
10005a48:	6993      	ldr	r3, [r2, #24]
10005a4a:	071b      	lsls	r3, r3, #28
10005a4c:	d4fc      	bmi.n	10005a48 <stdio_uart_out_flush+0x4>
10005a4e:	4770      	bx	lr
10005a50:	2001b9dc 	.word	0x2001b9dc

10005a54 <stdio_uart_set_chars_available_callback>:
10005a54:	b530      	push	{r4, r5, lr}
10005a56:	4d1f      	ldr	r5, [pc, #124]	@ (10005ad4 <stdio_uart_set_chars_available_callback+0x80>)
10005a58:	4a1f      	ldr	r2, [pc, #124]	@ (10005ad8 <stdio_uart_set_chars_available_callback+0x84>)
10005a5a:	f8d5 c000 	ldr.w	ip, [r5]
10005a5e:	4c1f      	ldr	r4, [pc, #124]	@ (10005adc <stdio_uart_set_chars_available_callback+0x88>)
10005a60:	468e      	mov	lr, r1
10005a62:	4594      	cmp	ip, r2
10005a64:	bf14      	ite	ne
10005a66:	2221      	movne	r2, #33	@ 0x21
10005a68:	2222      	moveq	r2, #34	@ 0x22
10005a6a:	6821      	ldr	r1, [r4, #0]
10005a6c:	b083      	sub	sp, #12
10005a6e:	b110      	cbz	r0, 10005a76 <stdio_uart_set_chars_available_callback+0x22>
10005a70:	b1a9      	cbz	r1, 10005a9e <stdio_uart_set_chars_available_callback+0x4a>
10005a72:	b003      	add	sp, #12
10005a74:	bd30      	pop	{r4, r5, pc}
10005a76:	2900      	cmp	r1, #0
10005a78:	d0fb      	beq.n	10005a72 <stdio_uart_set_chars_available_callback+0x1e>
10005a7a:	f8cc 0038 	str.w	r0, [ip, #56]	@ 0x38
10005a7e:	4601      	mov	r1, r0
10005a80:	9001      	str	r0, [sp, #4]
10005a82:	4610      	mov	r0, r2
10005a84:	9200      	str	r2, [sp, #0]
10005a86:	f7fc fc39 	bl	100022fc <irq_set_enabled>
10005a8a:	4915      	ldr	r1, [pc, #84]	@ (10005ae0 <stdio_uart_set_chars_available_callback+0x8c>)
10005a8c:	9800      	ldr	r0, [sp, #0]
10005a8e:	f7fc fd6f 	bl	10002570 <irq_remove_handler>
10005a92:	9b01      	ldr	r3, [sp, #4]
10005a94:	4a13      	ldr	r2, [pc, #76]	@ (10005ae4 <stdio_uart_set_chars_available_callback+0x90>)
10005a96:	6023      	str	r3, [r4, #0]
10005a98:	6013      	str	r3, [r2, #0]
10005a9a:	b003      	add	sp, #12
10005a9c:	bd30      	pop	{r4, r5, pc}
10005a9e:	4b11      	ldr	r3, [pc, #68]	@ (10005ae4 <stdio_uart_set_chars_available_callback+0x90>)
10005aa0:	6020      	str	r0, [r4, #0]
10005aa2:	490f      	ldr	r1, [pc, #60]	@ (10005ae0 <stdio_uart_set_chars_available_callback+0x8c>)
10005aa4:	4610      	mov	r0, r2
10005aa6:	9200      	str	r2, [sp, #0]
10005aa8:	f8c3 e000 	str.w	lr, [r3]
10005aac:	f7fc fc4c 	bl	10002348 <irq_set_exclusive_handler>
10005ab0:	2101      	movs	r1, #1
10005ab2:	9800      	ldr	r0, [sp, #0]
10005ab4:	f7fc fc22 	bl	100022fc <irq_set_enabled>
10005ab8:	682a      	ldr	r2, [r5, #0]
10005aba:	2150      	movs	r1, #80	@ 0x50
10005abc:	4613      	mov	r3, r2
10005abe:	6391      	str	r1, [r2, #56]	@ 0x38
10005ac0:	f853 2f34 	ldr.w	r2, [r3, #52]!
10005ac4:	f002 0238 	and.w	r2, r2, #56	@ 0x38
10005ac8:	f503 5380 	add.w	r3, r3, #4096	@ 0x1000
10005acc:	601a      	str	r2, [r3, #0]
10005ace:	b003      	add	sp, #12
10005ad0:	bd30      	pop	{r4, r5, pc}
10005ad2:	bf00      	nop
10005ad4:	2001b9dc 	.word	0x2001b9dc
10005ad8:	40078000 	.word	0x40078000
10005adc:	200142e8 	.word	0x200142e8
10005ae0:	10005a21 	.word	0x10005a21
10005ae4:	200142ec 	.word	0x200142ec

10005ae8 <stdio_uart_init>:
10005ae8:	b510      	push	{r4, lr}
10005aea:	490e      	ldr	r1, [pc, #56]	@ (10005b24 <stdio_uart_init+0x3c>)
10005aec:	4c0e      	ldr	r4, [pc, #56]	@ (10005b28 <stdio_uart_init+0x40>)
10005aee:	480f      	ldr	r0, [pc, #60]	@ (10005b2c <stdio_uart_init+0x44>)
10005af0:	4a0f      	ldr	r2, [pc, #60]	@ (10005b30 <stdio_uart_init+0x48>)
10005af2:	4b10      	ldr	r3, [pc, #64]	@ (10005b34 <stdio_uart_init+0x4c>)
10005af4:	7800      	ldrb	r0, [r0, #0]
10005af6:	6021      	str	r1, [r4, #0]
10005af8:	2000      	movs	r0, #0
10005afa:	2102      	movs	r1, #2
10005afc:	7812      	ldrb	r2, [r2, #0]
10005afe:	781b      	ldrb	r3, [r3, #0]
10005b00:	f7fc fa50 	bl	10001fa4 <gpio_set_function>
10005b04:	2102      	movs	r1, #2
10005b06:	2001      	movs	r0, #1
10005b08:	f7fc fa4c 	bl	10001fa4 <gpio_set_function>
10005b0c:	f44f 31e1 	mov.w	r1, #115200	@ 0x1c200
10005b10:	6820      	ldr	r0, [r4, #0]
10005b12:	f7fd fa2f 	bl	10002f74 <uart_init>
10005b16:	e8bd 4010 	ldmia.w	sp!, {r4, lr}
10005b1a:	2101      	movs	r1, #1
10005b1c:	4806      	ldr	r0, [pc, #24]	@ (10005b38 <stdio_uart_init+0x50>)
10005b1e:	f7ff be8d 	b.w	1000583c <stdio_set_driver_enabled>
10005b22:	bf00      	nop
10005b24:	40070000 	.word	0x40070000
10005b28:	2001b9dc 	.word	0x2001b9dc
10005b2c:	10006cdc 	.word	0x10006cdc
10005b30:	10006cd8 	.word	0x10006cd8
10005b34:	10006cd4 	.word	0x10006cd4
10005b38:	20000720 	.word	0x20000720

10005b3c <runtime_init_per_core_tls_setup>:
10005b3c:	2200      	movs	r2, #0
10005b3e:	4b01      	ldr	r3, [pc, #4]	@ (10005b44 <runtime_init_per_core_tls_setup+0x8>)
10005b40:	605a      	str	r2, [r3, #4]
10005b42:	4770      	bx	lr
10005b44:	200009f8 	.word	0x200009f8

10005b48 <core1_trampoline>:
10005b48:	bd03      	pop	{r0, r1, pc}
10005b4a:	bf00      	nop

10005b4c <core1_wrapper>:
10005b4c:	b500      	push	{lr}
10005b4e:	b083      	sub	sp, #12
10005b50:	9001      	str	r0, [sp, #4]
10005b52:	f7fd fdaf 	bl	100036b4 <runtime_run_per_core_initializers>
10005b56:	9801      	ldr	r0, [sp, #4]
10005b58:	b003      	add	sp, #12
10005b5a:	f85d eb04 	ldr.w	lr, [sp], #4
10005b5e:	4700      	bx	r0

10005b60 <multicore_fifo_push_blocking>:
10005b60:	f04f 4250 	mov.w	r2, #3489660928	@ 0xd0000000
10005b64:	6d13      	ldr	r3, [r2, #80]	@ 0x50
10005b66:	079b      	lsls	r3, r3, #30
10005b68:	d5fc      	bpl.n	10005b64 <multicore_fifo_push_blocking+0x4>
10005b6a:	6550      	str	r0, [r2, #84]	@ 0x54
10005b6c:	bf40      	sev
10005b6e:	4770      	bx	lr

10005b70 <multicore_fifo_pop_blocking>:
10005b70:	f04f 4250 	mov.w	r2, #3489660928	@ 0xd0000000
10005b74:	6d13      	ldr	r3, [r2, #80]	@ 0x50
10005b76:	07d9      	lsls	r1, r3, #31
10005b78:	d403      	bmi.n	10005b82 <multicore_fifo_pop_blocking+0x12>
10005b7a:	bf20      	wfe
10005b7c:	6d13      	ldr	r3, [r2, #80]	@ 0x50
10005b7e:	07db      	lsls	r3, r3, #31
10005b80:	d5fb      	bpl.n	10005b7a <multicore_fifo_pop_blocking+0xa>
10005b82:	f04f 4350 	mov.w	r3, #3489660928	@ 0xd0000000
10005b86:	6d98      	ldr	r0, [r3, #88]	@ 0x58
10005b88:	4770      	bx	lr
10005b8a:	bf00      	nop

10005b8c <multicore_launch_core1_raw>:
10005b8c:	b570      	push	{r4, r5, r6, lr}
10005b8e:	4605      	mov	r5, r0
10005b90:	b088      	sub	sp, #32
10005b92:	2019      	movs	r0, #25
10005b94:	460c      	mov	r4, r1
10005b96:	9201      	str	r2, [sp, #4]
10005b98:	f7fc fbc6 	bl	10002328 <irq_is_enabled>
10005b9c:	2100      	movs	r1, #0
10005b9e:	4606      	mov	r6, r0
10005ba0:	2019      	movs	r0, #25
10005ba2:	f7fc fbab 	bl	100022fc <irq_set_enabled>
10005ba6:	2300      	movs	r3, #0
10005ba8:	9a01      	ldr	r2, [sp, #4]
10005baa:	4619      	mov	r1, r3
10005bac:	9205      	str	r2, [sp, #20]
10005bae:	2201      	movs	r2, #1
10005bb0:	4817      	ldr	r0, [pc, #92]	@ (10005c10 <multicore_launch_core1_raw+0x84>)
10005bb2:	e9cd 3302 	strd	r3, r3, [sp, #8]
10005bb6:	7042      	strb	r2, [r0, #1]
10005bb8:	f04f 4350 	mov.w	r3, #3489660928	@ 0xd0000000
10005bbc:	4608      	mov	r0, r1
10005bbe:	e9cd 4506 	strd	r4, r5, [sp, #24]
10005bc2:	9204      	str	r2, [sp, #16]
10005bc4:	b1a1      	cbz	r1, 10005bf0 <multicore_launch_core1_raw+0x64>
10005bc6:	6d1a      	ldr	r2, [r3, #80]	@ 0x50
10005bc8:	0795      	lsls	r5, r2, #30
10005bca:	d5fc      	bpl.n	10005bc6 <multicore_launch_core1_raw+0x3a>
10005bcc:	6559      	str	r1, [r3, #84]	@ 0x54
10005bce:	bf40      	sev
10005bd0:	6d1a      	ldr	r2, [r3, #80]	@ 0x50
10005bd2:	07d4      	lsls	r4, r2, #31
10005bd4:	d403      	bmi.n	10005bde <multicore_launch_core1_raw+0x52>
10005bd6:	bf20      	wfe
10005bd8:	6d1a      	ldr	r2, [r3, #80]	@ 0x50
10005bda:	07d2      	lsls	r2, r2, #31
10005bdc:	d5fb      	bpl.n	10005bd6 <multicore_launch_core1_raw+0x4a>
10005bde:	6d9a      	ldr	r2, [r3, #88]	@ 0x58
10005be0:	428a      	cmp	r2, r1
10005be2:	d00a      	beq.n	10005bfa <multicore_launch_core1_raw+0x6e>
10005be4:	2000      	movs	r0, #0
10005be6:	eb0d 0280 	add.w	r2, sp, r0, lsl #2
10005bea:	6891      	ldr	r1, [r2, #8]
10005bec:	e7ea      	b.n	10005bc4 <multicore_launch_core1_raw+0x38>
10005bee:	6d9a      	ldr	r2, [r3, #88]	@ 0x58
10005bf0:	6d1a      	ldr	r2, [r3, #80]	@ 0x50
10005bf2:	07d2      	lsls	r2, r2, #31
10005bf4:	d4fb      	bmi.n	10005bee <multicore_launch_core1_raw+0x62>
10005bf6:	bf40      	sev
10005bf8:	e7e5      	b.n	10005bc6 <multicore_launch_core1_raw+0x3a>
10005bfa:	3001      	adds	r0, #1
10005bfc:	2806      	cmp	r0, #6
10005bfe:	d1f2      	bne.n	10005be6 <multicore_launch_core1_raw+0x5a>
10005c00:	4631      	mov	r1, r6
10005c02:	2019      	movs	r0, #25
10005c04:	b008      	add	sp, #32
10005c06:	e8bd 4070 	ldmia.w	sp!, {r4, r5, r6, lr}
10005c0a:	f7fc bb77 	b.w	100022fc <irq_set_enabled>
10005c0e:	bf00      	nop
10005c10:	20014330 	.word	0x20014330

10005c14 <multicore_launch_core1>:
10005c14:	4b0c      	ldr	r3, [pc, #48]	@ (10005c48 <multicore_launch_core1+0x34>)
10005c16:	4a0d      	ldr	r2, [pc, #52]	@ (10005c4c <multicore_launch_core1+0x38>)
10005c18:	4293      	cmp	r3, r2
10005c1a:	d30e      	bcc.n	10005c3a <multicore_launch_core1+0x26>
10005c1c:	469c      	mov	ip, r3
10005c1e:	f203 71f4 	addw	r1, r3, #2036	@ 0x7f4
10005c22:	4a0b      	ldr	r2, [pc, #44]	@ (10005c50 <multicore_launch_core1+0x3c>)
10005c24:	6892      	ldr	r2, [r2, #8]
10005c26:	f8cc 07f4 	str.w	r0, [ip, #2036]	@ 0x7f4
10005c2a:	480a      	ldr	r0, [pc, #40]	@ (10005c54 <multicore_launch_core1+0x40>)
10005c2c:	f8cc 37f8 	str.w	r3, [ip, #2040]	@ 0x7f8
10005c30:	f8cc 07fc 	str.w	r0, [ip, #2044]	@ 0x7fc
10005c34:	4808      	ldr	r0, [pc, #32]	@ (10005c58 <multicore_launch_core1+0x44>)
10005c36:	f7ff bfa9 	b.w	10005b8c <multicore_launch_core1_raw>
10005c3a:	f04f 33ff 	mov.w	r3, #4294967295	@ 0xffffffff
10005c3e:	f240 71f3 	movw	r1, #2035	@ 0x7f3
10005c42:	469c      	mov	ip, r3
10005c44:	e7ed      	b.n	10005c22 <multicore_launch_core1+0xe>
10005c46:	bf00      	nop
10005c48:	20080800 	.word	0x20080800
10005c4c:	20080000 	.word	0x20080000
10005c50:	e000ed00 	.word	0xe000ed00
10005c54:	10005b4d 	.word	0x10005b4d
10005c58:	10005b49 	.word	0x10005b49

10005c5c <splitmix64>:
10005c5c:	b530      	push	{r4, r5, lr}
10005c5e:	4d16      	ldr	r5, [pc, #88]	@ (10005cb8 <splitmix64+0x5c>)
10005c60:	4a16      	ldr	r2, [pc, #88]	@ (10005cbc <splitmix64+0x60>)
10005c62:	1940      	adds	r0, r0, r5
10005c64:	eb42 0101 	adc.w	r1, r2, r1
10005c68:	0f82      	lsrs	r2, r0, #30
10005c6a:	ea42 0281 	orr.w	r2, r2, r1, lsl #2
10005c6e:	4b14      	ldr	r3, [pc, #80]	@ (10005cc0 <splitmix64+0x64>)
10005c70:	4042      	eors	r2, r0
10005c72:	fb02 f303 	mul.w	r3, r2, r3
10005c76:	4c13      	ldr	r4, [pc, #76]	@ (10005cc4 <splitmix64+0x68>)
10005c78:	ea81 7191 	eor.w	r1, r1, r1, lsr #30
10005c7c:	fb04 3301 	mla	r3, r4, r1, r3
10005c80:	fba2 2404 	umull	r2, r4, r2, r4
10005c84:	4423      	add	r3, r4
10005c86:	0ed0      	lsrs	r0, r2, #27
10005c88:	f8df c03c 	ldr.w	ip, [pc, #60]	@ 10005cc8 <splitmix64+0x6c>
10005c8c:	ea40 1043 	orr.w	r0, r0, r3, lsl #5
10005c90:	4050      	eors	r0, r2
10005c92:	fb0c f100 	mul.w	r1, ip, r0
10005c96:	f8df e034 	ldr.w	lr, [pc, #52]	@ 10005ccc <splitmix64+0x70>
10005c9a:	ea83 63d3 	eor.w	r3, r3, r3, lsr #27
10005c9e:	fba0 020e 	umull	r0, r2, r0, lr
10005ca2:	fb0e 1103 	mla	r1, lr, r3, r1
10005ca6:	0fc3      	lsrs	r3, r0, #31
10005ca8:	4411      	add	r1, r2
10005caa:	ea43 0341 	orr.w	r3, r3, r1, lsl #1
10005cae:	4058      	eors	r0, r3
10005cb0:	ea81 71d1 	eor.w	r1, r1, r1, lsr #31
10005cb4:	bd30      	pop	{r4, r5, pc}
10005cb6:	bf00      	nop
10005cb8:	7f4a7c15 	.word	0x7f4a7c15
10005cbc:	9e3779b9 	.word	0x9e3779b9
10005cc0:	bf58476d 	.word	0xbf58476d
10005cc4:	1ce4e5b9 	.word	0x1ce4e5b9
10005cc8:	94d049bb 	.word	0x94d049bb
10005ccc:	133111eb 	.word	0x133111eb

10005cd0 <capture_additional_trng_samples>:
10005cd0:	b570      	push	{r4, r5, r6, lr}
10005cd2:	f3ef 8e10 	mrs	lr, PRIMASK
10005cd6:	b672      	cpsid	i
10005cd8:	f8df c090 	ldr.w	ip, [pc, #144]	@ 10005d6c <capture_additional_trng_samples+0x9c>
10005cdc:	e8dc 2fcf 	ldaexb	r2, [ip]
10005ce0:	2301      	movs	r3, #1
10005ce2:	2a00      	cmp	r2, #0
10005ce4:	d1fa      	bne.n	10005cdc <capture_additional_trng_samples+0xc>
10005ce6:	e8cc 3f42 	strexb	r2, r3, [ip]
10005cea:	2a00      	cmp	r2, #0
10005cec:	d1f6      	bne.n	10005cdc <capture_additional_trng_samples+0xc>
10005cee:	f3bf 8f5f 	dmb	sy
10005cf2:	491a      	ldr	r1, [pc, #104]	@ (10005d5c <capture_additional_trng_samples+0x8c>)
10005cf4:	780b      	ldrb	r3, [r1, #0]
10005cf6:	2b01      	cmp	r3, #1
10005cf8:	d90f      	bls.n	10005d1a <capture_additional_trng_samples+0x4a>
10005cfa:	3b02      	subs	r3, #2
10005cfc:	b2db      	uxtb	r3, r3
10005cfe:	4618      	mov	r0, r3
10005d00:	4a17      	ldr	r2, [pc, #92]	@ (10005d60 <capture_additional_trng_samples+0x90>)
10005d02:	1c5c      	adds	r4, r3, #1
10005d04:	700b      	strb	r3, [r1, #0]
10005d06:	f852 0020 	ldr.w	r0, [r2, r0, lsl #2]
10005d0a:	f852 1024 	ldr.w	r1, [r2, r4, lsl #2]
10005d0e:	2300      	movs	r3, #0
10005d10:	e8cc 3f8f 	stlb	r3, [ip]
10005d14:	f38e 8810 	msr	PRIMASK, lr
10005d18:	bd70      	pop	{r4, r5, r6, pc}
10005d1a:	f04f 32ff 	mov.w	r2, #4294967295	@ 0xffffffff
10005d1e:	2000      	movs	r0, #0
10005d20:	4b10      	ldr	r3, [pc, #64]	@ (10005d64 <capture_additional_trng_samples+0x94>)
10005d22:	6318      	str	r0, [r3, #48]	@ 0x30
10005d24:	639a      	str	r2, [r3, #56]	@ 0x38
10005d26:	62da      	str	r2, [r3, #44]	@ 0x2c
10005d28:	609a      	str	r2, [r3, #8]
10005d2a:	f8d3 20b8 	ldr.w	r2, [r3, #184]	@ 0xb8
10005d2e:	2a00      	cmp	r2, #0
10005d30:	d1fb      	bne.n	10005d2a <capture_additional_trng_samples+0x5a>
10005d32:	695a      	ldr	r2, [r3, #20]
10005d34:	2004      	movs	r0, #4
10005d36:	4615      	mov	r5, r2
10005d38:	4a09      	ldr	r2, [pc, #36]	@ (10005d60 <capture_additional_trng_samples+0x90>)
10005d3a:	2405      	movs	r4, #5
10005d3c:	6015      	str	r5, [r2, #0]
10005d3e:	699d      	ldr	r5, [r3, #24]
10005d40:	6055      	str	r5, [r2, #4]
10005d42:	69dd      	ldr	r5, [r3, #28]
10005d44:	6095      	str	r5, [r2, #8]
10005d46:	6a1d      	ldr	r5, [r3, #32]
10005d48:	60d5      	str	r5, [r2, #12]
10005d4a:	6a5d      	ldr	r5, [r3, #36]	@ 0x24
10005d4c:	6115      	str	r5, [r2, #16]
10005d4e:	4d06      	ldr	r5, [pc, #24]	@ (10005d68 <capture_additional_trng_samples+0x98>)
10005d50:	6a9e      	ldr	r6, [r3, #40]	@ 0x28
10005d52:	682d      	ldr	r5, [r5, #0]
10005d54:	6156      	str	r6, [r2, #20]
10005d56:	60dd      	str	r5, [r3, #12]
10005d58:	4603      	mov	r3, r0
10005d5a:	e7d3      	b.n	10005d04 <capture_additional_trng_samples+0x34>
10005d5c:	200669e7 	.word	0x200669e7
10005d60:	2001b9c0 	.word	0x2001b9c0
10005d64:	400f0100 	.word	0x400f0100
10005d68:	20000110 	.word	0x20000110
10005d6c:	20000a0c 	.word	0x20000a0c

10005d70 <xoroshiro128ss>:
10005d70:	b5f8      	push	{r3, r4, r5, r6, r7, lr}
10005d72:	e9d0 6400 	ldrd	r6, r4, [r0]
10005d76:	4605      	mov	r5, r0
10005d78:	6880      	ldr	r0, [r0, #8]
10005d7a:	68e9      	ldr	r1, [r5, #12]
10005d7c:	ea46 0300 	orr.w	r3, r6, r0
10005d80:	ea44 0201 	orr.w	r2, r4, r1
10005d84:	4313      	orrs	r3, r2
10005d86:	d104      	bne.n	10005d92 <xoroshiro128ss+0x22>
10005d88:	f7fd f8ba 	bl	10002f00 <time_us_64>
10005d8c:	ea50 0301 	orrs.w	r3, r0, r1
10005d90:	d0fa      	beq.n	10005d88 <xoroshiro128ss+0x18>
10005d92:	4061      	eors	r1, r4
10005d94:	00a2      	lsls	r2, r4, #2
10005d96:	00b7      	lsls	r7, r6, #2
10005d98:	0623      	lsls	r3, r4, #24
10005d9a:	4070      	eors	r0, r6
10005d9c:	19bf      	adds	r7, r7, r6
10005d9e:	ea42 7296 	orr.w	r2, r2, r6, lsr #30
10005da2:	ea4f 6e06 	mov.w	lr, r6, lsl #24
10005da6:	eb03 2316 	add.w	r3, r3, r6, lsr #8
10005daa:	ea4f 4601 	mov.w	r6, r1, lsl #16
10005dae:	ea46 4610 	orr.w	r6, r6, r0, lsr #16
10005db2:	eb0e 2e14 	add.w	lr, lr, r4, lsr #8
10005db6:	ea83 0301 	eor.w	r3, r3, r1
10005dba:	eb44 0202 	adc.w	r2, r4, r2
10005dbe:	4073      	eors	r3, r6
10005dc0:	ea8e 0400 	eor.w	r4, lr, r0
10005dc4:	ea84 4400 	eor.w	r4, r4, r0, lsl #16
10005dc8:	606b      	str	r3, [r5, #4]
10005dca:	0ec3      	lsrs	r3, r0, #27
10005dcc:	ea4f 1cc7 	mov.w	ip, r7, lsl #7
10005dd0:	eb03 1341 	add.w	r3, r3, r1, lsl #5
10005dd4:	602c      	str	r4, [r5, #0]
10005dd6:	0ec9      	lsrs	r1, r1, #27
10005dd8:	01d4      	lsls	r4, r2, #7
10005dda:	eb04 6457 	add.w	r4, r4, r7, lsr #25
10005dde:	eb0c 6252 	add.w	r2, ip, r2, lsr #25
10005de2:	eb01 1140 	add.w	r1, r1, r0, lsl #5
10005de6:	60e9      	str	r1, [r5, #12]
10005de8:	00d0      	lsls	r0, r2, #3
10005dea:	00e1      	lsls	r1, r4, #3
10005dec:	1880      	adds	r0, r0, r2
10005dee:	ea41 715c 	orr.w	r1, r1, ip, lsr #29
10005df2:	60ab      	str	r3, [r5, #8]
10005df4:	eb44 0101 	adc.w	r1, r4, r1
10005df8:	bdf8      	pop	{r3, r4, r5, r6, r7, pc}
10005dfa:	bf00      	nop

10005dfc <get_rand_64>:
10005dfc:	e92d 49f0 	stmdb	sp!, {r4, r5, r6, r7, r8, fp, lr}
10005e00:	4c52      	ldr	r4, [pc, #328]	@ (10005f4c <get_rand_64+0x150>)
10005e02:	b089      	sub	sp, #36	@ 0x24
10005e04:	7823      	ldrb	r3, [r4, #0]
10005e06:	2b00      	cmp	r3, #0
10005e08:	d05b      	beq.n	10005ec2 <get_rand_64+0xc6>
10005e0a:	4f51      	ldr	r7, [pc, #324]	@ (10005f50 <get_rand_64+0x154>)
10005e0c:	4c51      	ldr	r4, [pc, #324]	@ (10005f54 <get_rand_64+0x158>)
10005e0e:	ad04      	add	r5, sp, #16
10005e10:	4e51      	ldr	r6, [pc, #324]	@ (10005f58 <get_rand_64+0x15c>)
10005e12:	e894 000f 	ldmia.w	r4, {r0, r1, r2, r3}
10005e16:	e885 000f 	stmia.w	r5, {r0, r1, r2, r3}
10005e1a:	f896 b000 	ldrb.w	fp, [r6]
10005e1e:	f7fd f86f 	bl	10002f00 <time_us_64>
10005e22:	f7ff ff1b 	bl	10005c5c <splitmix64>
10005e26:	9b04      	ldr	r3, [sp, #16]
10005e28:	fa5f fb8b 	uxtb.w	fp, fp
10005e2c:	4043      	eors	r3, r0
10005e2e:	9304      	str	r3, [sp, #16]
10005e30:	9b05      	ldr	r3, [sp, #20]
10005e32:	404b      	eors	r3, r1
10005e34:	9305      	str	r3, [sp, #20]
10005e36:	f7ff ff4b 	bl	10005cd0 <capture_additional_trng_samples>
10005e3a:	f7ff ff0f 	bl	10005c5c <splitmix64>
10005e3e:	9b06      	ldr	r3, [sp, #24]
10005e40:	4043      	eors	r3, r0
10005e42:	9306      	str	r3, [sp, #24]
10005e44:	9b07      	ldr	r3, [sp, #28]
10005e46:	404b      	eors	r3, r1
10005e48:	9307      	str	r3, [sp, #28]
10005e4a:	f3ef 8810 	mrs	r8, PRIMASK
10005e4e:	b672      	cpsid	i
10005e50:	e8d7 2fcf 	ldaexb	r2, [r7]
10005e54:	2301      	movs	r3, #1
10005e56:	2a00      	cmp	r2, #0
10005e58:	d1fa      	bne.n	10005e50 <get_rand_64+0x54>
10005e5a:	e8c7 3f42 	strexb	r2, r3, [r7]
10005e5e:	2a00      	cmp	r2, #0
10005e60:	d1f6      	bne.n	10005e50 <get_rand_64+0x54>
10005e62:	f3bf 8f5f 	dmb	sy
10005e66:	7833      	ldrb	r3, [r6, #0]
10005e68:	455b      	cmp	r3, fp
10005e6a:	d013      	beq.n	10005e94 <get_rand_64+0x98>
10005e6c:	e9d4 0100 	ldrd	r0, r1, [r4]
10005e70:	f7ff fef4 	bl	10005c5c <splitmix64>
10005e74:	9b04      	ldr	r3, [sp, #16]
10005e76:	4043      	eors	r3, r0
10005e78:	9304      	str	r3, [sp, #16]
10005e7a:	9b05      	ldr	r3, [sp, #20]
10005e7c:	404b      	eors	r3, r1
10005e7e:	e9d4 0102 	ldrd	r0, r1, [r4, #8]
10005e82:	9305      	str	r3, [sp, #20]
10005e84:	f7ff feea 	bl	10005c5c <splitmix64>
10005e88:	9b06      	ldr	r3, [sp, #24]
10005e8a:	4043      	eors	r3, r0
10005e8c:	9306      	str	r3, [sp, #24]
10005e8e:	9b07      	ldr	r3, [sp, #28]
10005e90:	404b      	eors	r3, r1
10005e92:	9307      	str	r3, [sp, #28]
10005e94:	4628      	mov	r0, r5
10005e96:	f7ff ff6b 	bl	10005d70 <xoroshiro128ss>
10005e9a:	7833      	ldrb	r3, [r6, #0]
10005e9c:	4683      	mov	fp, r0
10005e9e:	3301      	adds	r3, #1
10005ea0:	468c      	mov	ip, r1
10005ea2:	7033      	strb	r3, [r6, #0]
10005ea4:	f04f 0e00 	mov.w	lr, #0
10005ea8:	e895 000f 	ldmia.w	r5, {r0, r1, r2, r3}
10005eac:	e884 000f 	stmia.w	r4, {r0, r1, r2, r3}
10005eb0:	e8c7 ef8f 	stlb	lr, [r7]
10005eb4:	f388 8810 	msr	PRIMASK, r8
10005eb8:	4658      	mov	r0, fp
10005eba:	4661      	mov	r1, ip
10005ebc:	b009      	add	sp, #36	@ 0x24
10005ebe:	e8bd 89f0 	ldmia.w	sp!, {r4, r5, r6, r7, r8, fp, pc}
10005ec2:	ad04      	add	r5, sp, #16
10005ec4:	4628      	mov	r0, r5
10005ec6:	f7fd fb8b 	bl	100035e0 <rom_get_boot_random>
10005eca:	e9dd 0104 	ldrd	r0, r1, [sp, #16]
10005ece:	f7ff fec5 	bl	10005c5c <splitmix64>
10005ed2:	4683      	mov	fp, r0
10005ed4:	4688      	mov	r8, r1
10005ed6:	e9dd 0106 	ldrd	r0, r1, [sp, #24]
10005eda:	f7ff febf 	bl	10005c5c <splitmix64>
10005ede:	4607      	mov	r7, r0
10005ee0:	460e      	mov	r6, r1
10005ee2:	f7fd f80d 	bl	10002f00 <time_us_64>
10005ee6:	f7ff feb9 	bl	10005c5c <splitmix64>
10005eea:	ea8b 0000 	eor.w	r0, fp, r0
10005eee:	ea88 0101 	eor.w	r1, r8, r1
10005ef2:	e9cd 0100 	strd	r0, r1, [sp]
10005ef6:	f7ff feeb 	bl	10005cd0 <capture_additional_trng_samples>
10005efa:	f7ff feaf 	bl	10005c5c <splitmix64>
10005efe:	4047      	eors	r7, r0
10005f00:	404e      	eors	r6, r1
10005f02:	e9cd 7602 	strd	r7, r6, [sp, #8]
10005f06:	f3ef 8610 	mrs	r6, PRIMASK
10005f0a:	b672      	cpsid	i
10005f0c:	4f10      	ldr	r7, [pc, #64]	@ (10005f50 <get_rand_64+0x154>)
10005f0e:	e8d7 2fcf 	ldaexb	r2, [r7]
10005f12:	2301      	movs	r3, #1
10005f14:	2a00      	cmp	r2, #0
10005f16:	d1fa      	bne.n	10005f0e <get_rand_64+0x112>
10005f18:	e8c7 3f42 	strexb	r2, r3, [r7]
10005f1c:	2a00      	cmp	r2, #0
10005f1e:	d1f6      	bne.n	10005f0e <get_rand_64+0x112>
10005f20:	f3bf 8f5f 	dmb	sy
10005f24:	7823      	ldrb	r3, [r4, #0]
10005f26:	b133      	cbz	r3, 10005f36 <get_rand_64+0x13a>
10005f28:	4c0a      	ldr	r4, [pc, #40]	@ (10005f54 <get_rand_64+0x158>)
10005f2a:	2300      	movs	r3, #0
10005f2c:	e8c7 3f8f 	stlb	r3, [r7]
10005f30:	f386 8810 	msr	PRIMASK, r6
10005f34:	e76c      	b.n	10005e10 <get_rand_64+0x14>
10005f36:	4668      	mov	r0, sp
10005f38:	f7ff ff1a 	bl	10005d70 <xoroshiro128ss>
10005f3c:	2301      	movs	r3, #1
10005f3e:	7023      	strb	r3, [r4, #0]
10005f40:	4c04      	ldr	r4, [pc, #16]	@ (10005f54 <get_rand_64+0x158>)
10005f42:	e89d 000f 	ldmia.w	sp, {r0, r1, r2, r3}
10005f46:	e884 000f 	stmia.w	r4, {r0, r1, r2, r3}
10005f4a:	e7ee      	b.n	10005f2a <get_rand_64+0x12e>
10005f4c:	200669e5 	.word	0x200669e5
10005f50:	20000a0c 	.word	0x20000a0c
10005f54:	20000110 	.word	0x20000110
10005f58:	200669e2 	.word	0x200669e2

10005f5c <get_rand_32>:
10005f5c:	b508      	push	{r3, lr}
10005f5e:	f7ff ff4d 	bl	10005dfc <get_rand_64>
10005f62:	bd08      	pop	{r3, pc}

10005f64 <_retrieve_unique_id_on_boot>:
10005f64:	b500      	push	{lr}
10005f66:	f245 3047 	movw	r0, #21319	@ 0x5347
10005f6a:	b08b      	sub	sp, #44	@ 0x2c
10005f6c:	f7fd fb12 	bl	10003594 <rom_func_lookup>
10005f70:	2201      	movs	r2, #1
10005f72:	4603      	mov	r3, r0
10005f74:	2109      	movs	r1, #9
10005f76:	a801      	add	r0, sp, #4
10005f78:	4798      	blx	r3
10005f7a:	e9dd 3203 	ldrd	r3, r2, [sp, #12]
10005f7e:	4903      	ldr	r1, [pc, #12]	@ (10005f8c <_retrieve_unique_id_on_boot+0x28>)
10005f80:	ba12      	rev	r2, r2
10005f82:	ba1b      	rev	r3, r3
10005f84:	e9c1 2300 	strd	r2, r3, [r1]
10005f88:	b00b      	add	sp, #44	@ 0x2c
10005f8a:	bd00      	pop	{pc}
10005f8c:	2001a930 	.word	0x2001a930

10005f90 <boot_double_tap_check>:
10005f90:	4b0b      	ldr	r3, [pc, #44]	@ (10005fc0 <boot_double_tap_check+0x30>)
10005f92:	b510      	push	{r4, lr}
10005f94:	6adb      	ldr	r3, [r3, #44]	@ 0x2c
10005f96:	07db      	lsls	r3, r3, #31
10005f98:	d409      	bmi.n	10005fae <boot_double_tap_check+0x1e>
10005f9a:	4b0a      	ldr	r3, [pc, #40]	@ (10005fc4 <boot_double_tap_check+0x34>)
10005f9c:	4c0a      	ldr	r4, [pc, #40]	@ (10005fc8 <boot_double_tap_check+0x38>)
10005f9e:	2100      	movs	r1, #0
10005fa0:	62dc      	str	r4, [r3, #44]	@ 0x2c
10005fa2:	480a      	ldr	r0, [pc, #40]	@ (10005fcc <boot_double_tap_check+0x3c>)
10005fa4:	f7fc ffb6 	bl	10002f14 <busy_wait_us>
10005fa8:	4b09      	ldr	r3, [pc, #36]	@ (10005fd0 <boot_double_tap_check+0x40>)
10005faa:	62dc      	str	r4, [r3, #44]	@ 0x2c
10005fac:	bd10      	pop	{r4, pc}
10005fae:	2200      	movs	r2, #0
10005fb0:	4905      	ldr	r1, [pc, #20]	@ (10005fc8 <boot_double_tap_check+0x38>)
10005fb2:	4b07      	ldr	r3, [pc, #28]	@ (10005fd0 <boot_double_tap_check+0x40>)
10005fb4:	f04f 30ff 	mov.w	r0, #4294967295	@ 0xffffffff
10005fb8:	62d9      	str	r1, [r3, #44]	@ 0x2c
10005fba:	4611      	mov	r1, r2
10005fbc:	f7fd faf6 	bl	100035ac <rom_reset_usb_boot_extra>
10005fc0:	40100000 	.word	0x40100000
10005fc4:	40102000 	.word	0x40102000
10005fc8:	5afe0001 	.word	0x5afe0001
10005fcc:	00030d40 	.word	0x00030d40
10005fd0:	40103000 	.word	0x40103000

10005fd4 <pio_sm_claim>:
10005fd4:	f100 402f 	add.w	r0, r0, #2936012800	@ 0xaf000000
10005fd8:	f500 0060 	add.w	r0, r0, #14680064	@ 0xe00000
10005fdc:	0d03      	lsrs	r3, r0, #20
10005fde:	2b02      	cmp	r3, #2
10005fe0:	d00d      	beq.n	10005ffe <pio_sm_claim+0x2a>
10005fe2:	2b01      	cmp	r3, #1
10005fe4:	d005      	beq.n	10005ff2 <pio_sm_claim+0x1e>
10005fe6:	4a09      	ldr	r2, [pc, #36]	@ (1000600c <pio_sm_claim+0x38>)
10005fe8:	4809      	ldr	r0, [pc, #36]	@ (10006010 <pio_sm_claim+0x3c>)
10005fea:	eb01 0183 	add.w	r1, r1, r3, lsl #2
10005fee:	f7fc b8d7 	b.w	100021a0 <hw_claim_or_assert>
10005ff2:	4a08      	ldr	r2, [pc, #32]	@ (10006014 <pio_sm_claim+0x40>)
10005ff4:	4806      	ldr	r0, [pc, #24]	@ (10006010 <pio_sm_claim+0x3c>)
10005ff6:	eb01 0183 	add.w	r1, r1, r3, lsl #2
10005ffa:	f7fc b8d1 	b.w	100021a0 <hw_claim_or_assert>
10005ffe:	4a06      	ldr	r2, [pc, #24]	@ (10006018 <pio_sm_claim+0x44>)
10006000:	4803      	ldr	r0, [pc, #12]	@ (10006010 <pio_sm_claim+0x3c>)
10006002:	eb01 0183 	add.w	r1, r1, r3, lsl #2
10006006:	f7fc b8cb 	b.w	100021a0 <hw_claim_or_assert>
1000600a:	bf00      	nop
1000600c:	10006768 	.word	0x10006768
10006010:	200142f4 	.word	0x200142f4
10006014:	100067a8 	.word	0x100067a8
10006018:	10006784 	.word	0x10006784

1000601c <pio_add_program>:
1000601c:	e92d 47f0 	stmdb	sp!, {r4, r5, r6, r7, r8, r9, sl, lr}
10006020:	4688      	mov	r8, r1
10006022:	4605      	mov	r5, r0
10006024:	f7fc f8a0 	bl	10002168 <hw_claim_lock>
10006028:	2201      	movs	r2, #1
1000602a:	f898 c004 	ldrb.w	ip, [r8, #4]
1000602e:	f998 4005 	ldrsb.w	r4, [r8, #5]
10006032:	f105 4e2f 	add.w	lr, r5, #2936012800	@ 0xaf000000
10006036:	4f31      	ldr	r7, [pc, #196]	@ (100060fc <pio_add_program+0xe0>)
10006038:	f50e 0e60 	add.w	lr, lr, #14680064	@ 0xe00000
1000603c:	fa02 f20c 	lsl.w	r2, r2, ip
10006040:	ea4f 5e1e 	mov.w	lr, lr, lsr #20
10006044:	2c00      	cmp	r4, #0
10006046:	4681      	mov	r9, r0
10006048:	f857 602e 	ldr.w	r6, [r7, lr, lsl #2]
1000604c:	f102 32ff 	add.w	r2, r2, #4294967295	@ 0xffffffff
10006050:	f1cc 0320 	rsb	r3, ip, #32
10006054:	db37      	blt.n	100060c6 <pio_add_program+0xaa>
10006056:	429c      	cmp	r4, r3
10006058:	4620      	mov	r0, r4
1000605a:	d82c      	bhi.n	100060b6 <pio_add_program+0x9a>
1000605c:	fa02 f304 	lsl.w	r3, r2, r4
10006060:	4233      	tst	r3, r6
10006062:	d128      	bne.n	100060b6 <pio_add_program+0x9a>
10006064:	f898 3007 	ldrb.w	r3, [r8, #7]
10006068:	075b      	lsls	r3, r3, #29
1000606a:	d437      	bmi.n	100060dc <pio_add_program+0xc0>
1000606c:	fa02 f300 	lsl.w	r3, r2, r0
10006070:	421e      	tst	r6, r3
10006072:	469a      	mov	sl, r3
10006074:	d13a      	bne.n	100060ec <pio_add_program+0xd0>
10006076:	f1bc 0f00 	cmp.w	ip, #0
1000607a:	d012      	beq.n	100060a2 <pio_add_program+0x86>
1000607c:	f8d8 1000 	ldr.w	r1, [r8]
10006080:	eb01 084c 	add.w	r8, r1, ip, lsl #1
10006084:	4684      	mov	ip, r0
10006086:	f831 3b02 	ldrh.w	r3, [r1], #2
1000608a:	f10c 0212 	add.w	r2, ip, #18
1000608e:	f5b3 5f00 	cmp.w	r3, #8192	@ 0x2000
10006092:	bf38      	it	cc
10006094:	181b      	addcc	r3, r3, r0
10006096:	4541      	cmp	r1, r8
10006098:	f10c 0c01 	add.w	ip, ip, #1
1000609c:	f845 3022 	str.w	r3, [r5, r2, lsl #2]
100060a0:	d1f1      	bne.n	10006086 <pio_add_program+0x6a>
100060a2:	4648      	mov	r0, r9
100060a4:	ea46 060a 	orr.w	r6, r6, sl
100060a8:	f847 602e 	str.w	r6, [r7, lr, lsl #2]
100060ac:	f7fc f86e 	bl	1000218c <hw_claim_unlock>
100060b0:	4620      	mov	r0, r4
100060b2:	e8bd 87f0 	ldmia.w	sp!, {r4, r5, r6, r7, r8, r9, sl, pc}
100060b6:	f04f 34ff 	mov.w	r4, #4294967295	@ 0xffffffff
100060ba:	4648      	mov	r0, r9
100060bc:	f7fc f866 	bl	1000218c <hw_claim_unlock>
100060c0:	4620      	mov	r0, r4
100060c2:	e8bd 87f0 	ldmia.w	sp!, {r4, r5, r6, r7, r8, r9, sl, pc}
100060c6:	1e1c      	subs	r4, r3, #0
100060c8:	da02      	bge.n	100060d0 <pio_add_program+0xb4>
100060ca:	e00f      	b.n	100060ec <pio_add_program+0xd0>
100060cc:	3c01      	subs	r4, #1
100060ce:	d30d      	bcc.n	100060ec <pio_add_program+0xd0>
100060d0:	fa02 f304 	lsl.w	r3, r2, r4
100060d4:	4233      	tst	r3, r6
100060d6:	4620      	mov	r0, r4
100060d8:	d1f8      	bne.n	100060cc <pio_add_program+0xb0>
100060da:	e7c3      	b.n	10006064 <pio_add_program+0x48>
100060dc:	f06f 040a 	mvn.w	r4, #10
100060e0:	4648      	mov	r0, r9
100060e2:	f7fc f853 	bl	1000218c <hw_claim_unlock>
100060e6:	4620      	mov	r0, r4
100060e8:	e8bd 87f0 	ldmia.w	sp!, {r4, r5, r6, r7, r8, r9, sl, pc}
100060ec:	f06f 0408 	mvn.w	r4, #8
100060f0:	4648      	mov	r0, r9
100060f2:	f7fc f84b 	bl	1000218c <hw_claim_unlock>
100060f6:	4620      	mov	r0, r4
100060f8:	e8bd 87f0 	ldmia.w	sp!, {r4, r5, r6, r7, r8, r9, sl, pc}
100060fc:	20000a20 	.word	0x20000a20

10006100 <pio_sm_set_consecutive_pindirs>:
10006100:	b5f0      	push	{r4, r5, r6, r7, lr}
10006102:	2a1f      	cmp	r2, #31
10006104:	f89d 5014 	ldrb.w	r5, [sp, #20]
10006108:	d83a      	bhi.n	10006180 <pio_sm_set_consecutive_pindirs+0x80>
1000610a:	460c      	mov	r4, r1
1000610c:	469e      	mov	lr, r3
1000610e:	f24e 019f 	movw	r1, #57503	@ 0xe09f
10006112:	f24e 0380 	movw	r3, #57472	@ 0xe080
10006116:	f44f 3700 	mov.w	r7, #131072	@ 0x20000
1000611a:	eb04 0c44 	add.w	ip, r4, r4, lsl #1
1000611e:	2d00      	cmp	r5, #0
10006120:	bf08      	it	eq
10006122:	4619      	moveq	r1, r3
10006124:	eb00 03cc 	add.w	r3, r0, ip, lsl #3
10006128:	f503 5343 	add.w	r3, r3, #12480	@ 0x30c0
1000612c:	eb00 0ccc 	add.w	ip, r0, ip, lsl #3
10006130:	f1be 0f05 	cmp.w	lr, #5
10006134:	f8dc 60dc 	ldr.w	r6, [ip, #220]	@ 0xdc
10006138:	f8dc 50cc 	ldr.w	r5, [ip, #204]	@ 0xcc
1000613c:	60df      	str	r7, [r3, #12]
1000613e:	d90e      	bls.n	1000615e <pio_sm_set_consecutive_pindirs+0x5e>
10006140:	0153      	lsls	r3, r2, #5
10006142:	f1ae 0e05 	sub.w	lr, lr, #5
10006146:	f043 53a0 	orr.w	r3, r3, #335544320	@ 0x14000000
1000614a:	3205      	adds	r2, #5
1000614c:	f1be 0f05 	cmp.w	lr, #5
10006150:	f8cc 30dc 	str.w	r3, [ip, #220]	@ 0xdc
10006154:	f002 021f 	and.w	r2, r2, #31
10006158:	f8cc 10d8 	str.w	r1, [ip, #216]	@ 0xd8
1000615c:	d8f0      	bhi.n	10006140 <pio_sm_set_consecutive_pindirs+0x40>
1000615e:	0152      	lsls	r2, r2, #5
10006160:	eb04 0444 	add.w	r4, r4, r4, lsl #1
10006164:	ea42 638e 	orr.w	r3, r2, lr, lsl #26
10006168:	eb00 02c4 	add.w	r2, r0, r4, lsl #3
1000616c:	f8c2 30dc 	str.w	r3, [r2, #220]	@ 0xdc
10006170:	2000      	movs	r0, #0
10006172:	f8c2 10d8 	str.w	r1, [r2, #216]	@ 0xd8
10006176:	f8c2 60dc 	str.w	r6, [r2, #220]	@ 0xdc
1000617a:	f8c2 50cc 	str.w	r5, [r2, #204]	@ 0xcc
1000617e:	bdf0      	pop	{r4, r5, r6, r7, pc}
10006180:	f06f 0004 	mvn.w	r0, #4
10006184:	bdf0      	pop	{r4, r5, r6, r7, pc}
10006186:	bf00      	nop

10006188 <pio_sm_init>:
10006188:	b5f0      	push	{r4, r5, r6, r7, lr}
1000618a:	2401      	movs	r4, #1
1000618c:	fa04 f501 	lsl.w	r5, r4, r1
10006190:	6804      	ldr	r4, [r0, #0]
10006192:	ea24 0405 	bic.w	r4, r4, r5
10006196:	6004      	str	r4, [r0, #0]
10006198:	b3a3      	cbz	r3, 10006204 <pio_sm_init+0x7c>
1000619a:	e9d3 5601 	ldrd	r5, r6, [r3, #4]
1000619e:	681f      	ldr	r7, [r3, #0]
100061a0:	68dc      	ldr	r4, [r3, #12]
100061a2:	eb01 0341 	add.w	r3, r1, r1, lsl #1
100061a6:	eb00 03c3 	add.w	r3, r0, r3, lsl #3
100061aa:	f8c3 70c8 	str.w	r7, [r3, #200]	@ 0xc8
100061ae:	ea4f 0c41 	mov.w	ip, r1, lsl #1
100061b2:	f8c3 60d0 	str.w	r6, [r3, #208]	@ 0xd0
100061b6:	f8c3 50cc 	str.w	r5, [r3, #204]	@ 0xcc
100061ba:	f8c3 40dc 	str.w	r4, [r3, #220]	@ 0xdc
100061be:	eb0c 0301 	add.w	r3, ip, r1
100061c2:	f04f 3501 	mov.w	r5, #16843009	@ 0x1010101
100061c6:	eb00 0cc3 	add.w	ip, r0, r3, lsl #3
100061ca:	f04f 4600 	mov.w	r6, #2147483648	@ 0x80000000
100061ce:	eb00 0ec3 	add.w	lr, r0, r3, lsl #3
100061d2:	2301      	movs	r3, #1
100061d4:	f50e 5e86 	add.w	lr, lr, #4288	@ 0x10c0
100061d8:	1d0c      	adds	r4, r1, #4
100061da:	f101 0708 	add.w	r7, r1, #8
100061de:	408d      	lsls	r5, r1
100061e0:	f8ce 6010 	str.w	r6, [lr, #16]
100061e4:	fa03 f404 	lsl.w	r4, r3, r4
100061e8:	f8ce 6010 	str.w	r6, [lr, #16]
100061ec:	f002 021f 	and.w	r2, r2, #31
100061f0:	6085      	str	r5, [r0, #8]
100061f2:	40bb      	lsls	r3, r7
100061f4:	f500 5000 	add.w	r0, r0, #8192	@ 0x2000
100061f8:	6004      	str	r4, [r0, #0]
100061fa:	6003      	str	r3, [r0, #0]
100061fc:	2000      	movs	r0, #0
100061fe:	f8cc 20d8 	str.w	r2, [ip, #216]	@ 0xd8
10006202:	bdf0      	pop	{r4, r5, r6, r7, pc}
10006204:	f44f 3780 	mov.w	r7, #65536	@ 0x10000
10006208:	f44f 2640 	mov.w	r6, #786432	@ 0xc0000
1000620c:	f44f 35f8 	mov.w	r5, #126976	@ 0x1f000
10006210:	eb01 0441 	add.w	r4, r1, r1, lsl #1
10006214:	eb00 04c4 	add.w	r4, r0, r4, lsl #3
10006218:	f8c4 70c8 	str.w	r7, [r4, #200]	@ 0xc8
1000621c:	ea4f 0c41 	mov.w	ip, r1, lsl #1
10006220:	f8c4 60d0 	str.w	r6, [r4, #208]	@ 0xd0
10006224:	f8c4 50cc 	str.w	r5, [r4, #204]	@ 0xcc
10006228:	f8c4 30dc 	str.w	r3, [r4, #220]	@ 0xdc
1000622c:	e7c7      	b.n	100061be <pio_sm_init+0x36>
1000622e:	bf00      	nop

10006230 <dma_claim_unused_channel>:
10006230:	b500      	push	{lr}
10006232:	f8df c01c 	ldr.w	ip, [pc, #28]	@ 10006250 <dma_claim_unused_channel+0x20>
10006236:	b083      	sub	sp, #12
10006238:	4601      	mov	r1, r0
1000623a:	230f      	movs	r3, #15
1000623c:	2200      	movs	r2, #0
1000623e:	f8cd c000 	str.w	ip, [sp]
10006242:	4802      	ldr	r0, [pc, #8]	@ (1000624c <dma_claim_unused_channel+0x1c>)
10006244:	f7fb ffd8 	bl	100021f8 <hw_claim_unused_from_range>
10006248:	b003      	add	sp, #12
1000624a:	bd00      	pop	{pc}
1000624c:	200669e0 	.word	0x200669e0
10006250:	100067cc 	.word	0x100067cc

10006254 <spi_init>:
10006254:	4b3a      	ldr	r3, [pc, #232]	@ (10006340 <spi_init+0xec>)
10006256:	e92d 43f0 	stmdb	sp!, {r4, r5, r6, r7, r8, r9, lr}
1000625a:	4298      	cmp	r0, r3
1000625c:	bf14      	ite	ne
1000625e:	f44f 2380 	movne.w	r3, #262144	@ 0x40000
10006262:	f44f 2300 	moveq.w	r3, #524288	@ 0x80000
10006266:	4605      	mov	r5, r0
10006268:	4e36      	ldr	r6, [pc, #216]	@ (10006344 <spi_init+0xf0>)
1000626a:	4c37      	ldr	r4, [pc, #220]	@ (10006348 <spi_init+0xf4>)
1000626c:	4a37      	ldr	r2, [pc, #220]	@ (1000634c <spi_init+0xf8>)
1000626e:	b083      	sub	sp, #12
10006270:	6033      	str	r3, [r6, #0]
10006272:	6023      	str	r3, [r4, #0]
10006274:	6894      	ldr	r4, [r2, #8]
10006276:	ea33 0404 	bics.w	r4, r3, r4
1000627a:	d1fb      	bne.n	10006274 <spi_init+0x20>
1000627c:	f04f 0902 	mov.w	r9, #2
10006280:	2006      	movs	r0, #6
10006282:	9101      	str	r1, [sp, #4]
10006284:	f7fc ff6c 	bl	10003160 <clock_get_hz>
10006288:	46ae      	mov	lr, r5
1000628a:	464a      	mov	r2, r9
1000628c:	f85e 6f04 	ldr.w	r6, [lr, #4]!
10006290:	9901      	ldr	r1, [sp, #4]
10006292:	f50e 5740 	add.w	r7, lr, #12288	@ 0x3000
10006296:	ea4f 2841 	mov.w	r8, r1, lsl #9
1000629a:	4643      	mov	r3, r8
1000629c:	ea4f 5cd1 	mov.w	ip, r1, lsr #23
100062a0:	4016      	ands	r6, r2
100062a2:	f8c7 9000 	str.w	r9, [r7]
100062a6:	e008      	b.n	100062ba <spi_init+0x66>
100062a8:	eb13 0308 	adds.w	r3, r3, r8
100062ac:	f102 0202 	add.w	r2, r2, #2
100062b0:	eb4c 5cd1 	adc.w	ip, ip, r1, lsr #23
100062b4:	f5b2 7f80 	cmp.w	r2, #256	@ 0x100
100062b8:	d003      	beq.n	100062c2 <spi_init+0x6e>
100062ba:	4298      	cmp	r0, r3
100062bc:	eb74 090c 	sbcs.w	r9, r4, ip
100062c0:	d2f2      	bcs.n	100062a8 <spi_init+0x54>
100062c2:	f44f 7380 	mov.w	r3, #256	@ 0x100
100062c6:	ebc2 2c02 	rsb	ip, r2, r2, lsl #8
100062ca:	e001      	b.n	100062d0 <spi_init+0x7c>
100062cc:	2b01      	cmp	r3, #1
100062ce:	d034      	beq.n	1000633a <spi_init+0xe6>
100062d0:	fbb0 f8fc 	udiv	r8, r0, ip
100062d4:	4541      	cmp	r1, r8
100062d6:	4699      	mov	r9, r3
100062d8:	ebac 0c02 	sub.w	ip, ip, r2
100062dc:	f103 33ff 	add.w	r3, r3, #4294967295	@ 0xffffffff
100062e0:	d2f4      	bcs.n	100062cc <spi_init+0x78>
100062e2:	fb09 f902 	mul.w	r9, r9, r2
100062e6:	021c      	lsls	r4, r3, #8
100062e8:	2102      	movs	r1, #2
100062ea:	462b      	mov	r3, r5
100062ec:	fbb0 f0f9 	udiv	r0, r0, r9
100062f0:	f04f 0c03 	mov.w	ip, #3
100062f4:	612a      	str	r2, [r5, #16]
100062f6:	682a      	ldr	r2, [r5, #0]
100062f8:	f50e 5e00 	add.w	lr, lr, #8192	@ 0x2000
100062fc:	4062      	eors	r2, r4
100062fe:	f505 5880 	add.w	r8, r5, #4096	@ 0x1000
10006302:	f402 427f 	and.w	r2, r2, #65280	@ 0xff00
10006306:	f8c8 2000 	str.w	r2, [r8]
1000630a:	f8ce 6000 	str.w	r6, [lr]
1000630e:	686c      	ldr	r4, [r5, #4]
10006310:	6039      	str	r1, [r7, #0]
10006312:	f853 2b24 	ldr.w	r2, [r3], #36
10006316:	400c      	ands	r4, r1
10006318:	f082 0207 	eor.w	r2, r2, #7
1000631c:	f002 02cf 	and.w	r2, r2, #207	@ 0xcf
10006320:	f503 5300 	add.w	r3, r3, #8192	@ 0x2000
10006324:	f8c8 2000 	str.w	r2, [r8]
10006328:	f8ce 4000 	str.w	r4, [lr]
1000632c:	f8c3 c000 	str.w	ip, [r3]
10006330:	f8ce 1000 	str.w	r1, [lr]
10006334:	b003      	add	sp, #12
10006336:	e8bd 83f0 	ldmia.w	sp!, {r4, r5, r6, r7, r8, r9, pc}
1000633a:	4691      	mov	r9, r2
1000633c:	e7d4      	b.n	100062e8 <spi_init+0x94>
1000633e:	bf00      	nop
10006340:	40088000 	.word	0x40088000
10006344:	40022000 	.word	0x40022000
10006348:	40023000 	.word	0x40023000
1000634c:	40020000 	.word	0x40020000

10006350 <memset>:
10006350:	b530      	push	{r4, r5, lr}
10006352:	0784      	lsls	r4, r0, #30
10006354:	4686      	mov	lr, r0
10006356:	4603      	mov	r3, r0
10006358:	d006      	beq.n	10006368 <memset+0x18>
1000635a:	b3a2      	cbz	r2, 100063c6 <memset+0x76>
1000635c:	f803 1b01 	strb.w	r1, [r3], #1
10006360:	0798      	lsls	r0, r3, #30
10006362:	f102 32ff 	add.w	r2, r2, #4294967295	@ 0xffffffff
10006366:	d1f8      	bne.n	1000635a <memset+0xa>
10006368:	2a03      	cmp	r2, #3
1000636a:	d926      	bls.n	100063ba <memset+0x6a>
1000636c:	fa5f fc81 	uxtb.w	ip, r1
10006370:	2a0f      	cmp	r2, #15
10006372:	eb0c 2c0c 	add.w	ip, ip, ip, lsl #8
10006376:	eb0c 400c 	add.w	r0, ip, ip, lsl #16
1000637a:	d92a      	bls.n	100063d2 <memset+0x82>
1000637c:	f022 0c0f 	bic.w	ip, r2, #15
10006380:	449c      	add	ip, r3
10006382:	e9c3 0000 	strd	r0, r0, [r3]
10006386:	e9c3 0002 	strd	r0, r0, [r3, #8]
1000638a:	3310      	adds	r3, #16
1000638c:	4563      	cmp	r3, ip
1000638e:	d1f8      	bne.n	10006382 <memset+0x32>
10006390:	f012 0f0c 	tst.w	r2, #12
10006394:	f002 050f 	and.w	r5, r2, #15
10006398:	d017      	beq.n	100063ca <memset+0x7a>
1000639a:	ea4f 0c95 	mov.w	ip, r5, lsr #2
1000639e:	461a      	mov	r2, r3
100063a0:	f10c 34ff 	add.w	r4, ip, #4294967295	@ 0xffffffff
100063a4:	eb03 0c8c 	add.w	ip, r3, ip, lsl #2
100063a8:	f842 0b04 	str.w	r0, [r2], #4
100063ac:	4562      	cmp	r2, ip
100063ae:	d1fb      	bne.n	100063a8 <memset+0x58>
100063b0:	3304      	adds	r3, #4
100063b2:	f005 0203 	and.w	r2, r5, #3
100063b6:	eb03 0384 	add.w	r3, r3, r4, lsl #2
100063ba:	b122      	cbz	r2, 100063c6 <memset+0x76>
100063bc:	441a      	add	r2, r3
100063be:	f803 1b01 	strb.w	r1, [r3], #1
100063c2:	429a      	cmp	r2, r3
100063c4:	d1fb      	bne.n	100063be <memset+0x6e>
100063c6:	4670      	mov	r0, lr
100063c8:	bd30      	pop	{r4, r5, pc}
100063ca:	462a      	mov	r2, r5
100063cc:	2a00      	cmp	r2, #0
100063ce:	d1f5      	bne.n	100063bc <memset+0x6c>
100063d0:	e7f9      	b.n	100063c6 <memset+0x76>
100063d2:	4615      	mov	r5, r2
100063d4:	e7e1      	b.n	1000639a <memset+0x4a>
100063d6:	bf00      	nop

100063d8 <memcpy>:
100063d8:	4684      	mov	ip, r0
100063da:	ea41 0300 	orr.w	r3, r1, r0
100063de:	f013 0303 	ands.w	r3, r3, #3
100063e2:	d149      	bne.n	10006478 <memcpy+0xa0>
100063e4:	3a40      	subs	r2, #64	@ 0x40
100063e6:	d323      	bcc.n	10006430 <memcpy+0x58>
100063e8:	680b      	ldr	r3, [r1, #0]
100063ea:	6003      	str	r3, [r0, #0]
100063ec:	684b      	ldr	r3, [r1, #4]
100063ee:	6043      	str	r3, [r0, #4]
100063f0:	688b      	ldr	r3, [r1, #8]
100063f2:	6083      	str	r3, [r0, #8]
100063f4:	68cb      	ldr	r3, [r1, #12]
100063f6:	60c3      	str	r3, [r0, #12]
100063f8:	690b      	ldr	r3, [r1, #16]
100063fa:	6103      	str	r3, [r0, #16]
100063fc:	694b      	ldr	r3, [r1, #20]
100063fe:	6143      	str	r3, [r0, #20]
10006400:	698b      	ldr	r3, [r1, #24]
10006402:	6183      	str	r3, [r0, #24]
10006404:	69cb      	ldr	r3, [r1, #28]
10006406:	61c3      	str	r3, [r0, #28]
10006408:	6a0b      	ldr	r3, [r1, #32]
1000640a:	6203      	str	r3, [r0, #32]
1000640c:	6a4b      	ldr	r3, [r1, #36]	@ 0x24
1000640e:	6243      	str	r3, [r0, #36]	@ 0x24
10006410:	6a8b      	ldr	r3, [r1, #40]	@ 0x28
10006412:	6283      	str	r3, [r0, #40]	@ 0x28
10006414:	6acb      	ldr	r3, [r1, #44]	@ 0x2c
10006416:	62c3      	str	r3, [r0, #44]	@ 0x2c
10006418:	6b0b      	ldr	r3, [r1, #48]	@ 0x30
1000641a:	6303      	str	r3, [r0, #48]	@ 0x30
1000641c:	6b4b      	ldr	r3, [r1, #52]	@ 0x34
1000641e:	6343      	str	r3, [r0, #52]	@ 0x34
10006420:	6b8b      	ldr	r3, [r1, #56]	@ 0x38
10006422:	6383      	str	r3, [r0, #56]	@ 0x38
10006424:	6bcb      	ldr	r3, [r1, #60]	@ 0x3c
10006426:	63c3      	str	r3, [r0, #60]	@ 0x3c
10006428:	3040      	adds	r0, #64	@ 0x40
1000642a:	3140      	adds	r1, #64	@ 0x40
1000642c:	3a40      	subs	r2, #64	@ 0x40
1000642e:	d2db      	bcs.n	100063e8 <memcpy+0x10>
10006430:	3230      	adds	r2, #48	@ 0x30
10006432:	d30b      	bcc.n	1000644c <memcpy+0x74>
10006434:	680b      	ldr	r3, [r1, #0]
10006436:	6003      	str	r3, [r0, #0]
10006438:	684b      	ldr	r3, [r1, #4]
1000643a:	6043      	str	r3, [r0, #4]
1000643c:	688b      	ldr	r3, [r1, #8]
1000643e:	6083      	str	r3, [r0, #8]
10006440:	68cb      	ldr	r3, [r1, #12]
10006442:	60c3      	str	r3, [r0, #12]
10006444:	3010      	adds	r0, #16
10006446:	3110      	adds	r1, #16
10006448:	3a10      	subs	r2, #16
1000644a:	d2f3      	bcs.n	10006434 <memcpy+0x5c>
1000644c:	320c      	adds	r2, #12
1000644e:	d305      	bcc.n	1000645c <memcpy+0x84>
10006450:	f851 3b04 	ldr.w	r3, [r1], #4
10006454:	f840 3b04 	str.w	r3, [r0], #4
10006458:	3a04      	subs	r2, #4
1000645a:	d2f9      	bcs.n	10006450 <memcpy+0x78>
1000645c:	3204      	adds	r2, #4
1000645e:	d008      	beq.n	10006472 <memcpy+0x9a>
10006460:	07d2      	lsls	r2, r2, #31
10006462:	bf1c      	itt	ne
10006464:	f811 3b01 	ldrbne.w	r3, [r1], #1
10006468:	f800 3b01 	strbne.w	r3, [r0], #1
1000646c:	d301      	bcc.n	10006472 <memcpy+0x9a>
1000646e:	880b      	ldrh	r3, [r1, #0]
10006470:	8003      	strh	r3, [r0, #0]
10006472:	4660      	mov	r0, ip
10006474:	4770      	bx	lr
10006476:	bf00      	nop
10006478:	2a08      	cmp	r2, #8
1000647a:	d313      	bcc.n	100064a4 <memcpy+0xcc>
1000647c:	078b      	lsls	r3, r1, #30
1000647e:	d0b1      	beq.n	100063e4 <memcpy+0xc>
10006480:	f010 0303 	ands.w	r3, r0, #3
10006484:	d0ae      	beq.n	100063e4 <memcpy+0xc>
10006486:	f1c3 0304 	rsb	r3, r3, #4
1000648a:	1ad2      	subs	r2, r2, r3
1000648c:	07db      	lsls	r3, r3, #31
1000648e:	bf1c      	itt	ne
10006490:	f811 3b01 	ldrbne.w	r3, [r1], #1
10006494:	f800 3b01 	strbne.w	r3, [r0], #1
10006498:	d3a4      	bcc.n	100063e4 <memcpy+0xc>
1000649a:	f831 3b02 	ldrh.w	r3, [r1], #2
1000649e:	f820 3b02 	strh.w	r3, [r0], #2
100064a2:	e79f      	b.n	100063e4 <memcpy+0xc>
100064a4:	3a04      	subs	r2, #4
100064a6:	d3d9      	bcc.n	1000645c <memcpy+0x84>
100064a8:	3a01      	subs	r2, #1
100064aa:	f811 3b01 	ldrb.w	r3, [r1], #1
100064ae:	f800 3b01 	strb.w	r3, [r0], #1
100064b2:	d2f9      	bcs.n	100064a8 <memcpy+0xd0>
100064b4:	780b      	ldrb	r3, [r1, #0]
100064b6:	7003      	strb	r3, [r0, #0]
100064b8:	784b      	ldrb	r3, [r1, #1]
100064ba:	7043      	strb	r3, [r0, #1]
100064bc:	788b      	ldrb	r3, [r1, #2]
100064be:	7083      	strb	r3, [r0, #2]
100064c0:	4660      	mov	r0, ip
100064c2:	4770      	bx	lr

100064c4 <strlen>:
100064c4:	f020 0103 	bic.w	r1, r0, #3
100064c8:	f010 0003 	ands.w	r0, r0, #3
100064cc:	f1c0 0000 	rsb	r0, r0, #0
100064d0:	f851 3b04 	ldr.w	r3, [r1], #4
100064d4:	f100 0c04 	add.w	ip, r0, #4
100064d8:	ea4f 0ccc 	mov.w	ip, ip, lsl #3
100064dc:	f06f 0200 	mvn.w	r2, #0
100064e0:	bf1c      	itt	ne
100064e2:	fa22 f20c 	lsrne.w	r2, r2, ip
100064e6:	4313      	orrne	r3, r2
100064e8:	f04f 0c01 	mov.w	ip, #1
100064ec:	ea4c 2c0c 	orr.w	ip, ip, ip, lsl #8
100064f0:	ea4c 4c0c 	orr.w	ip, ip, ip, lsl #16
100064f4:	eba3 020c 	sub.w	r2, r3, ip
100064f8:	ea22 0203 	bic.w	r2, r2, r3
100064fc:	ea12 12cc 	ands.w	r2, r2, ip, lsl #7
10006500:	bf04      	itt	eq
10006502:	f851 3b04 	ldreq.w	r3, [r1], #4
10006506:	3004      	addeq	r0, #4
10006508:	d0f4      	beq.n	100064f4 <strlen+0x30>
1000650a:	f1c2 0100 	rsb	r1, r2, #0
1000650e:	ea02 0201 	and.w	r2, r2, r1
10006512:	fab2 f282 	clz	r2, r2
10006516:	f1c2 021f 	rsb	r2, r2, #31
1000651a:	eb00 00d2 	add.w	r0, r0, r2, lsr #3
1000651e:	4770      	bx	lr

10006520 <__slowFlashClock_veneer>:
10006520:	f85f f000 	ldr.w	pc, [pc]	@ 10006524 <__slowFlashClock_veneer+0x4>
10006524:	20000121 	.word	0x20000121

10006528 <____aeabi_uldivmod_veneer>:
10006528:	f85f f000 	ldr.w	pc, [pc]	@ 1000652c <____aeabi_uldivmod_veneer+0x4>
1000652c:	2000032d 	.word	0x2000032d

10006530 <__mutex_try_enter_block_until_veneer>:
10006530:	f85f f000 	ldr.w	pc, [pc]	@ 10006534 <__mutex_try_enter_block_until_veneer+0x4>
10006534:	200001dd 	.word	0x200001dd

10006538 <____aeabi_ldivmod_veneer>:
10006538:	f85f f000 	ldr.w	pc, [pc]	@ 1000653c <____aeabi_ldivmod_veneer+0x4>
1000653c:	2000028d 	.word	0x2000028d

10006540 <__mutex_exit_veneer>:
10006540:	f85f f000 	ldr.w	pc, [pc]	@ 10006544 <__mutex_exit_veneer+0x4>
10006544:	20000245 	.word	0x20000245

10006548 <__pre_init_runtime_init_bootrom_reset>:
10006548:	1000375d                                ]7..

1000654c <__pre_init_runtime_init_early_resets>:
1000654c:	100036d5                                .6..

10006550 <__pre_init_runtime_init_usb_power_down>:
10006550:	10003705                                .7..

10006554 <__pre_init_runtime_init_clocks>:
10006554:	100037ed                                .7..

10006558 <__pre_init_runtime_init_post_clock_resets>:
10006558:	1000373d                                =7..

1000655c <__pre_init_runtime_init_boot_locks_reset>:
1000655c:	1000363d                                =6..

10006560 <__pre_init_runtime_init_spin_locks_reset>:
10006560:	10003785                                .7..

10006564 <__pre_init_runtime_init_bootrom_locking_enable>:
10006564:	10003629                                )6..

10006568 <__pre_init_runtime_init_mutex>:
10006568:	10002809                                .(..

1000656c <__pre_init_runtime_init_install_ram_vector_table>:
1000656c:	10003789                                .7..

10006570 <__pre_init_runtime_init_default_alarm_pool>:
10006570:	10002b7d                                }+..

10006574 <__pre_init_first_per_core_initializer>:
10006574:	10003685                                .6..

10006578 <__pre_init_runtime_init_per_core_bootrom_reset>:
10006578:	10003771                                q7..

1000657c <__pre_init_runtime_init_per_core_enable_coprocessors>:
1000657c:	10003721                                !7..

10006580 <__pre_init_spinlock_set_extexclall>:
10006580:	10002295                                ."..

10006584 <__pre_init_runtime_init_per_core_irq_priorities>:
10006584:	100022bd                                ."..

10006588 <__pre_init_runtime_init_per_core_tls_setup>:
10006588:	10005b3d                                =[..

1000658c <__init_array_start>:
1000658c:	10005f65 	.word	0x10005f65
10006590:	10005f91 	.word	0x10005f91

Disassembly of section .data:

20000120 <slowFlashClock>:
20000120:	4a05      	ldr	r2, [pc, #20]	@ (20000138 <slowFlashClock+0x18>)
20000122:	6993      	ldr	r3, [r2, #24]
20000124:	059b      	lsls	r3, r3, #22
20000126:	d5fc      	bpl.n	20000122 <slowFlashClock+0x2>
20000128:	f04f 53a0 	mov.w	r3, #335544320	@ 0x14000000
2000012c:	4a03      	ldr	r2, [pc, #12]	@ (2000013c <slowFlashClock+0x1c>)
2000012e:	4904      	ldr	r1, [pc, #16]	@ (20000140 <slowFlashClock+0x20>)
20000130:	60d1      	str	r1, [r2, #12]
20000132:	681b      	ldr	r3, [r3, #0]
20000134:	4770      	bx	lr
20000136:	bf00      	nop
20000138:	40030000 	.word	0x40030000
2000013c:	400d0000 	.word	0x400d0000
20000140:	60007204 	.word	0x60007204

20000144 <mutex_enter_block_until>:
20000144:	f04f 4150 	mov.w	r1, #3489660928	@ 0xd0000000
20000148:	e92d 47f0 	stmdb	sp!, {r4, r5, r6, r7, r8, r9, sl, lr}
2000014c:	4699      	mov	r9, r3
2000014e:	680b      	ldr	r3, [r1, #0]
20000150:	4604      	mov	r4, r0
20000152:	4617      	mov	r7, r2
20000154:	f04f 0800 	mov.w	r8, #0
20000158:	469a      	mov	sl, r3
2000015a:	4d1e      	ldr	r5, [pc, #120]	@ (200001d4 <mutex_enter_block_until+0x90>)
2000015c:	4e1e      	ldr	r6, [pc, #120]	@ (200001d8 <mutex_enter_block_until+0x94>)
2000015e:	6820      	ldr	r0, [r4, #0]
20000160:	f3ef 8c10 	mrs	ip, PRIMASK
20000164:	b672      	cpsid	i
20000166:	e8d0 2fcf 	ldaexb	r2, [r0]
2000016a:	2301      	movs	r3, #1
2000016c:	2a00      	cmp	r2, #0
2000016e:	d1fa      	bne.n	20000166 <mutex_enter_block_until+0x22>
20000170:	e8c0 3f42 	strexb	r2, r3, [r0]
20000174:	2a00      	cmp	r2, #0
20000176:	d1f6      	bne.n	20000166 <mutex_enter_block_until+0x22>
20000178:	f3bf 8f5f 	dmb	sy
2000017c:	f994 2004 	ldrsb.w	r2, [r4, #4]
20000180:	6823      	ldr	r3, [r4, #0]
20000182:	2a00      	cmp	r2, #0
20000184:	db1b      	blt.n	200001be <mutex_enter_block_until+0x7a>
20000186:	7828      	ldrb	r0, [r5, #0]
20000188:	b2c0      	uxtb	r0, r0
2000018a:	e8c3 8f8f 	stlb	r8, [r3]
2000018e:	bf20      	wfe
20000190:	f38c 8810 	msr	PRIMASK, ip
20000194:	782b      	ldrb	r3, [r5, #0]
20000196:	4283      	cmp	r3, r0
20000198:	d00a      	beq.n	200001b0 <mutex_enter_block_until+0x6c>
2000019a:	6a73      	ldr	r3, [r6, #36]	@ 0x24
2000019c:	4599      	cmp	r9, r3
2000019e:	d8de      	bhi.n	2000015e <mutex_enter_block_until+0x1a>
200001a0:	6ab2      	ldr	r2, [r6, #40]	@ 0x28
200001a2:	42ba      	cmp	r2, r7
200001a4:	d201      	bcs.n	200001aa <mutex_enter_block_until+0x66>
200001a6:	4599      	cmp	r9, r3
200001a8:	d0d9      	beq.n	2000015e <mutex_enter_block_until+0x1a>
200001aa:	2000      	movs	r0, #0
200001ac:	e8bd 87f0 	ldmia.w	sp!, {r4, r5, r6, r7, r8, r9, sl, pc}
200001b0:	4638      	mov	r0, r7
200001b2:	4649      	mov	r1, r9
200001b4:	f000 fa74 	bl	200006a0 <__best_effort_wfe_or_timeout_veneer>
200001b8:	2800      	cmp	r0, #0
200001ba:	d0d0      	beq.n	2000015e <mutex_enter_block_until+0x1a>
200001bc:	e7f5      	b.n	200001aa <mutex_enter_block_until+0x66>
200001be:	2200      	movs	r2, #0
200001c0:	f884 a004 	strb.w	sl, [r4, #4]
200001c4:	e8c3 2f8f 	stlb	r2, [r3]
200001c8:	f38c 8810 	msr	PRIMASK, ip
200001cc:	2001      	movs	r0, #1
200001ce:	e8bd 87f0 	ldmia.w	sp!, {r4, r5, r6, r7, r8, r9, sl, pc}
200001d2:	bf00      	nop
200001d4:	200669e4 	.word	0x200669e4
200001d8:	400b0000 	.word	0x400b0000

200001dc <mutex_try_enter_block_until>:
200001dc:	b510      	push	{r4, lr}
200001de:	6801      	ldr	r1, [r0, #0]
200001e0:	f3ef 8e10 	mrs	lr, PRIMASK
200001e4:	b672      	cpsid	i
200001e6:	e8d1 cfcf 	ldaexb	ip, [r1]
200001ea:	2401      	movs	r4, #1
200001ec:	f1bc 0f00 	cmp.w	ip, #0
200001f0:	d1f9      	bne.n	200001e6 <mutex_try_enter_block_until+0xa>
200001f2:	e8c1 4f4c 	strexb	ip, r4, [r1]
200001f6:	f1bc 0f00 	cmp.w	ip, #0
200001fa:	d1f4      	bne.n	200001e6 <mutex_try_enter_block_until+0xa>
200001fc:	f3bf 8f5f 	dmb	sy
20000200:	f990 c004 	ldrsb.w	ip, [r0, #4]
20000204:	6804      	ldr	r4, [r0, #0]
20000206:	f1bc 0f00 	cmp.w	ip, #0
2000020a:	db10      	blt.n	2000022e <mutex_try_enter_block_until+0x52>
2000020c:	2100      	movs	r1, #0
2000020e:	e8c4 1f8f 	stlb	r1, [r4]
20000212:	f38e 8810 	msr	PRIMASK, lr
20000216:	f04f 4450 	mov.w	r4, #3489660928	@ 0xd0000000
2000021a:	f994 4000 	ldrsb.w	r4, [r4]
2000021e:	4564      	cmp	r4, ip
20000220:	d101      	bne.n	20000226 <mutex_try_enter_block_until+0x4a>
20000222:	4608      	mov	r0, r1
20000224:	bd10      	pop	{r4, pc}
20000226:	e8bd 4010 	ldmia.w	sp!, {r4, lr}
2000022a:	f7ff bf8b 	b.w	20000144 <mutex_enter_block_until>
2000022e:	f04f 4250 	mov.w	r2, #3489660928	@ 0xd0000000
20000232:	6812      	ldr	r2, [r2, #0]
20000234:	2300      	movs	r3, #0
20000236:	7102      	strb	r2, [r0, #4]
20000238:	e8c4 3f8f 	stlb	r3, [r4]
2000023c:	f38e 8810 	msr	PRIMASK, lr
20000240:	2001      	movs	r0, #1
20000242:	bd10      	pop	{r4, pc}

20000244 <mutex_exit>:
20000244:	6803      	ldr	r3, [r0, #0]
20000246:	f3ef 8110 	mrs	r1, PRIMASK
2000024a:	b672      	cpsid	i
2000024c:	e8d3 cfcf 	ldaexb	ip, [r3]
20000250:	2201      	movs	r2, #1
20000252:	f1bc 0f00 	cmp.w	ip, #0
20000256:	d1f9      	bne.n	2000024c <mutex_exit+0x8>
20000258:	e8c3 2f4c 	strexb	ip, r2, [r3]
2000025c:	f1bc 0f00 	cmp.w	ip, #0
20000260:	d1f4      	bne.n	2000024c <mutex_exit+0x8>
20000262:	f3bf 8f5f 	dmb	sy
20000266:	f04f 0cff 	mov.w	ip, #255	@ 0xff
2000026a:	4a07      	ldr	r2, [pc, #28]	@ (20000288 <mutex_exit+0x44>)
2000026c:	f880 c004 	strb.w	ip, [r0, #4]
20000270:	7813      	ldrb	r3, [r2, #0]
20000272:	3301      	adds	r3, #1
20000274:	7013      	strb	r3, [r2, #0]
20000276:	2300      	movs	r3, #0
20000278:	6802      	ldr	r2, [r0, #0]
2000027a:	e8c2 3f8f 	stlb	r3, [r2]
2000027e:	f381 8810 	msr	PRIMASK, r1
20000282:	bf40      	sev
20000284:	4770      	bx	lr
20000286:	bf00      	nop
20000288:	200669e4 	.word	0x200669e4

2000028c <__aeabi_ldivmod>:
2000028c:	b97b      	cbnz	r3, 200002ae <__aeabi_ldivmod+0x22>
2000028e:	b972      	cbnz	r2, 200002ae <__aeabi_ldivmod+0x22>
20000290:	2900      	cmp	r1, #0
20000292:	bfbe      	ittt	lt
20000294:	2000      	movlt	r0, #0
20000296:	f04f 4100 	movlt.w	r1, #2147483648	@ 0x80000000
2000029a:	e006      	blt.n	200002aa <__aeabi_ldivmod+0x1e>
2000029c:	bf08      	it	eq
2000029e:	2800      	cmpeq	r0, #0
200002a0:	bf1c      	itt	ne
200002a2:	f06f 4100 	mvnne.w	r1, #2147483648	@ 0x80000000
200002a6:	f04f 30ff 	movne.w	r0, #4294967295	@ 0xffffffff
200002aa:	f000 b9f7 	b.w	2000069c <__aeabi_idiv0>
200002ae:	f1ad 0c08 	sub.w	ip, sp, #8
200002b2:	e96d ce04 	strd	ip, lr, [sp, #-16]!
200002b6:	2900      	cmp	r1, #0
200002b8:	db09      	blt.n	200002ce <__aeabi_ldivmod+0x42>
200002ba:	2b00      	cmp	r3, #0
200002bc:	db1a      	blt.n	200002f4 <__aeabi_ldivmod+0x68>
200002be:	f000 f84d 	bl	2000035c <__udivmoddi4>
200002c2:	f8dd e004 	ldr.w	lr, [sp, #4]
200002c6:	e9dd 2302 	ldrd	r2, r3, [sp, #8]
200002ca:	b004      	add	sp, #16
200002cc:	4770      	bx	lr
200002ce:	4240      	negs	r0, r0
200002d0:	eb61 0141 	sbc.w	r1, r1, r1, lsl #1
200002d4:	2b00      	cmp	r3, #0
200002d6:	db1b      	blt.n	20000310 <__aeabi_ldivmod+0x84>
200002d8:	f000 f840 	bl	2000035c <__udivmoddi4>
200002dc:	f8dd e004 	ldr.w	lr, [sp, #4]
200002e0:	e9dd 2302 	ldrd	r2, r3, [sp, #8]
200002e4:	b004      	add	sp, #16
200002e6:	4240      	negs	r0, r0
200002e8:	eb61 0141 	sbc.w	r1, r1, r1, lsl #1
200002ec:	4252      	negs	r2, r2
200002ee:	eb63 0343 	sbc.w	r3, r3, r3, lsl #1
200002f2:	4770      	bx	lr
200002f4:	4252      	negs	r2, r2
200002f6:	eb63 0343 	sbc.w	r3, r3, r3, lsl #1
200002fa:	f000 f82f 	bl	2000035c <__udivmoddi4>
200002fe:	f8dd e004 	ldr.w	lr, [sp, #4]
20000302:	e9dd 2302 	ldrd	r2, r3, [sp, #8]
20000306:	b004      	add	sp, #16
20000308:	4240      	negs	r0, r0
2000030a:	eb61 0141 	sbc.w	r1, r1, r1, lsl #1
2000030e:	4770      	bx	lr
20000310:	4252      	negs	r2, r2
20000312:	eb63 0343 	sbc.w	r3, r3, r3, lsl #1
20000316:	f000 f821 	bl	2000035c <__udivmoddi4>
2000031a:	f8dd e004 	ldr.w	lr, [sp, #4]
2000031e:	e9dd 2302 	ldrd	r2, r3, [sp, #8]
20000322:	b004      	add	sp, #16
20000324:	4252      	negs	r2, r2
20000326:	eb63 0343 	sbc.w	r3, r3, r3, lsl #1
2000032a:	4770      	bx	lr

2000032c <__aeabi_uldivmod>:
2000032c:	b953      	cbnz	r3, 20000344 <__aeabi_uldivmod+0x18>
2000032e:	b94a      	cbnz	r2, 20000344 <__aeabi_uldivmod+0x18>
20000330:	2900      	cmp	r1, #0
20000332:	bf08      	it	eq
20000334:	2800      	cmpeq	r0, #0
20000336:	bf1c      	itt	ne
20000338:	f04f 31ff 	movne.w	r1, #4294967295	@ 0xffffffff
2000033c:	f04f 30ff 	movne.w	r0, #4294967295	@ 0xffffffff
20000340:	f000 b9ac 	b.w	2000069c <__aeabi_idiv0>
20000344:	f1ad 0c08 	sub.w	ip, sp, #8
20000348:	e96d ce04 	strd	ip, lr, [sp, #-16]!
2000034c:	f000 f806 	bl	2000035c <__udivmoddi4>
20000350:	f8dd e004 	ldr.w	lr, [sp, #4]
20000354:	e9dd 2302 	ldrd	r2, r3, [sp, #8]
20000358:	b004      	add	sp, #16
2000035a:	4770      	bx	lr

2000035c <__udivmoddi4>:
2000035c:	e92d 47f0 	stmdb	sp!, {r4, r5, r6, r7, r8, r9, sl, lr}
20000360:	4606      	mov	r6, r0
20000362:	b082      	sub	sp, #8
20000364:	4617      	mov	r7, r2
20000366:	4608      	mov	r0, r1
20000368:	9a0a      	ldr	r2, [sp, #40]	@ 0x28
2000036a:	46b4      	mov	ip, r6
2000036c:	460d      	mov	r5, r1
2000036e:	2b00      	cmp	r3, #0
20000370:	d14d      	bne.n	2000040e <__udivmoddi4+0xb2>
20000372:	428f      	cmp	r7, r1
20000374:	46be      	mov	lr, r7
20000376:	d965      	bls.n	20000444 <__udivmoddi4+0xe8>
20000378:	fab7 f187 	clz	r1, r7
2000037c:	b149      	cbz	r1, 20000392 <__udivmoddi4+0x36>
2000037e:	f1c1 0320 	rsb	r3, r1, #32
20000382:	408d      	lsls	r5, r1
20000384:	fa07 fe01 	lsl.w	lr, r7, r1
20000388:	fa06 fc01 	lsl.w	ip, r6, r1
2000038c:	fa26 f303 	lsr.w	r3, r6, r3
20000390:	431d      	orrs	r5, r3
20000392:	ea4f 461e 	mov.w	r6, lr, lsr #16
20000396:	fa1f f08e 	uxth.w	r0, lr
2000039a:	ea4f 431c 	mov.w	r3, ip, lsr #16
2000039e:	fbb5 f4f6 	udiv	r4, r5, r6
200003a2:	fb06 5514 	mls	r5, r6, r4, r5
200003a6:	ea43 4305 	orr.w	r3, r3, r5, lsl #16
200003aa:	fb04 f500 	mul.w	r5, r4, r0
200003ae:	429d      	cmp	r5, r3
200003b0:	d906      	bls.n	200003c0 <__udivmoddi4+0x64>
200003b2:	eb1e 0303 	adds.w	r3, lr, r3
200003b6:	d202      	bcs.n	200003be <__udivmoddi4+0x62>
200003b8:	429d      	cmp	r5, r3
200003ba:	f200 814c 	bhi.w	20000656 <__udivmoddi4+0x2fa>
200003be:	3c01      	subs	r4, #1
200003c0:	1b5b      	subs	r3, r3, r5
200003c2:	fa1f fc8c 	uxth.w	ip, ip
200003c6:	fbb3 f5f6 	udiv	r5, r3, r6
200003ca:	fb06 3315 	mls	r3, r6, r5, r3
200003ce:	fb05 f000 	mul.w	r0, r5, r0
200003d2:	ea4c 4c03 	orr.w	ip, ip, r3, lsl #16
200003d6:	4560      	cmp	r0, ip
200003d8:	d90a      	bls.n	200003f0 <__udivmoddi4+0x94>
200003da:	eb1e 0c0c 	adds.w	ip, lr, ip
200003de:	bf2c      	ite	cs
200003e0:	2301      	movcs	r3, #1
200003e2:	2300      	movcc	r3, #0
200003e4:	4560      	cmp	r0, ip
200003e6:	d902      	bls.n	200003ee <__udivmoddi4+0x92>
200003e8:	2b00      	cmp	r3, #0
200003ea:	f000 8137 	beq.w	2000065c <__udivmoddi4+0x300>
200003ee:	3d01      	subs	r5, #1
200003f0:	ebac 0c00 	sub.w	ip, ip, r0
200003f4:	ea45 4004 	orr.w	r0, r5, r4, lsl #16
200003f8:	2400      	movs	r4, #0
200003fa:	b122      	cbz	r2, 20000406 <__udivmoddi4+0xaa>
200003fc:	fa2c f301 	lsr.w	r3, ip, r1
20000400:	2100      	movs	r1, #0
20000402:	e9c2 3100 	strd	r3, r1, [r2]
20000406:	4621      	mov	r1, r4
20000408:	b002      	add	sp, #8
2000040a:	e8bd 87f0 	ldmia.w	sp!, {r4, r5, r6, r7, r8, r9, sl, pc}
2000040e:	428b      	cmp	r3, r1
20000410:	d908      	bls.n	20000424 <__udivmoddi4+0xc8>
20000412:	b10a      	cbz	r2, 20000418 <__udivmoddi4+0xbc>
20000414:	e9c2 6100 	strd	r6, r1, [r2]
20000418:	2400      	movs	r4, #0
2000041a:	4620      	mov	r0, r4
2000041c:	4621      	mov	r1, r4
2000041e:	b002      	add	sp, #8
20000420:	e8bd 87f0 	ldmia.w	sp!, {r4, r5, r6, r7, r8, r9, sl, pc}
20000424:	fab3 f483 	clz	r4, r3
20000428:	2c00      	cmp	r4, #0
2000042a:	d14d      	bne.n	200004c8 <__udivmoddi4+0x16c>
2000042c:	428b      	cmp	r3, r1
2000042e:	f0c0 8105 	bcc.w	2000063c <__udivmoddi4+0x2e0>
20000432:	42b7      	cmp	r7, r6
20000434:	f240 8102 	bls.w	2000063c <__udivmoddi4+0x2e0>
20000438:	4620      	mov	r0, r4
2000043a:	2a00      	cmp	r2, #0
2000043c:	d0e3      	beq.n	20000406 <__udivmoddi4+0xaa>
2000043e:	e9c2 c500 	strd	ip, r5, [r2]
20000442:	e7e0      	b.n	20000406 <__udivmoddi4+0xaa>
20000444:	2f00      	cmp	r7, #0
20000446:	f000 80a2 	beq.w	2000058e <__udivmoddi4+0x232>
2000044a:	4619      	mov	r1, r3
2000044c:	fab7 f387 	clz	r3, r7
20000450:	2b00      	cmp	r3, #0
20000452:	f040 80b4 	bne.w	200005be <__udivmoddi4+0x262>
20000456:	1bc3      	subs	r3, r0, r7
20000458:	fa1f f88e 	uxth.w	r8, lr
2000045c:	0c3f      	lsrs	r7, r7, #16
2000045e:	2401      	movs	r4, #1
20000460:	ea4f 401c 	mov.w	r0, ip, lsr #16
20000464:	fbb3 f5f7 	udiv	r5, r3, r7
20000468:	fb07 3315 	mls	r3, r7, r5, r3
2000046c:	ea40 4303 	orr.w	r3, r0, r3, lsl #16
20000470:	fb08 f005 	mul.w	r0, r8, r5
20000474:	4298      	cmp	r0, r3
20000476:	d90a      	bls.n	2000048e <__udivmoddi4+0x132>
20000478:	eb1e 0303 	adds.w	r3, lr, r3
2000047c:	bf2c      	ite	cs
2000047e:	2601      	movcs	r6, #1
20000480:	2600      	movcc	r6, #0
20000482:	4298      	cmp	r0, r3
20000484:	d902      	bls.n	2000048c <__udivmoddi4+0x130>
20000486:	2e00      	cmp	r6, #0
20000488:	f000 80e2 	beq.w	20000650 <__udivmoddi4+0x2f4>
2000048c:	3d01      	subs	r5, #1
2000048e:	1a1b      	subs	r3, r3, r0
20000490:	fa1f fc8c 	uxth.w	ip, ip
20000494:	fbb3 f0f7 	udiv	r0, r3, r7
20000498:	fb07 3310 	mls	r3, r7, r0, r3
2000049c:	ea4c 4c03 	orr.w	ip, ip, r3, lsl #16
200004a0:	fb08 f300 	mul.w	r3, r8, r0
200004a4:	4563      	cmp	r3, ip
200004a6:	d90a      	bls.n	200004be <__udivmoddi4+0x162>
200004a8:	eb1e 0c0c 	adds.w	ip, lr, ip
200004ac:	bf2c      	ite	cs
200004ae:	2601      	movcs	r6, #1
200004b0:	2600      	movcc	r6, #0
200004b2:	4563      	cmp	r3, ip
200004b4:	d902      	bls.n	200004bc <__udivmoddi4+0x160>
200004b6:	2e00      	cmp	r6, #0
200004b8:	f000 80c7 	beq.w	2000064a <__udivmoddi4+0x2ee>
200004bc:	3801      	subs	r0, #1
200004be:	ebac 0c03 	sub.w	ip, ip, r3
200004c2:	ea40 4005 	orr.w	r0, r0, r5, lsl #16
200004c6:	e798      	b.n	200003fa <__udivmoddi4+0x9e>
200004c8:	f1c4 0820 	rsb	r8, r4, #32
200004cc:	40a3      	lsls	r3, r4
200004ce:	fa06 fa04 	lsl.w	sl, r6, r4
200004d2:	40a1      	lsls	r1, r4
200004d4:	fa27 fc08 	lsr.w	ip, r7, r8
200004d8:	fa20 f008 	lsr.w	r0, r0, r8
200004dc:	fa07 f904 	lsl.w	r9, r7, r4
200004e0:	ea4c 0c03 	orr.w	ip, ip, r3
200004e4:	fa26 f308 	lsr.w	r3, r6, r8
200004e8:	ea4f 461c 	mov.w	r6, ip, lsr #16
200004ec:	430b      	orrs	r3, r1
200004ee:	fa1f fe8c 	uxth.w	lr, ip
200004f2:	0c19      	lsrs	r1, r3, #16
200004f4:	fbb0 f7f6 	udiv	r7, r0, r6
200004f8:	fb06 0017 	mls	r0, r6, r7, r0
200004fc:	ea41 4100 	orr.w	r1, r1, r0, lsl #16
20000500:	fb07 f00e 	mul.w	r0, r7, lr
20000504:	4288      	cmp	r0, r1
20000506:	d90a      	bls.n	2000051e <__udivmoddi4+0x1c2>
20000508:	eb1c 0101 	adds.w	r1, ip, r1
2000050c:	bf2c      	ite	cs
2000050e:	2501      	movcs	r5, #1
20000510:	2500      	movcc	r5, #0
20000512:	4288      	cmp	r0, r1
20000514:	d902      	bls.n	2000051c <__udivmoddi4+0x1c0>
20000516:	2d00      	cmp	r5, #0
20000518:	f000 80b2 	beq.w	20000680 <__udivmoddi4+0x324>
2000051c:	3f01      	subs	r7, #1
2000051e:	1a09      	subs	r1, r1, r0
20000520:	b29b      	uxth	r3, r3
20000522:	fbb1 f0f6 	udiv	r0, r1, r6
20000526:	fb06 1110 	mls	r1, r6, r0, r1
2000052a:	fb00 fe0e 	mul.w	lr, r0, lr
2000052e:	ea43 4301 	orr.w	r3, r3, r1, lsl #16
20000532:	459e      	cmp	lr, r3
20000534:	d90a      	bls.n	2000054c <__udivmoddi4+0x1f0>
20000536:	eb1c 0303 	adds.w	r3, ip, r3
2000053a:	bf2c      	ite	cs
2000053c:	2101      	movcs	r1, #1
2000053e:	2100      	movcc	r1, #0
20000540:	459e      	cmp	lr, r3
20000542:	d902      	bls.n	2000054a <__udivmoddi4+0x1ee>
20000544:	2900      	cmp	r1, #0
20000546:	f000 809e 	beq.w	20000686 <__udivmoddi4+0x32a>
2000054a:	3801      	subs	r0, #1
2000054c:	ea40 4007 	orr.w	r0, r0, r7, lsl #16
20000550:	eba3 030e 	sub.w	r3, r3, lr
20000554:	fba0 e109 	umull	lr, r1, r0, r9
20000558:	428b      	cmp	r3, r1
2000055a:	4676      	mov	r6, lr
2000055c:	460f      	mov	r7, r1
2000055e:	d302      	bcc.n	20000566 <__udivmoddi4+0x20a>
20000560:	d107      	bne.n	20000572 <__udivmoddi4+0x216>
20000562:	45f2      	cmp	sl, lr
20000564:	d205      	bcs.n	20000572 <__udivmoddi4+0x216>
20000566:	ebbe 0609 	subs.w	r6, lr, r9
2000056a:	eb61 010c 	sbc.w	r1, r1, ip
2000056e:	3801      	subs	r0, #1
20000570:	460f      	mov	r7, r1
20000572:	b152      	cbz	r2, 2000058a <__udivmoddi4+0x22e>
20000574:	ebba 0106 	subs.w	r1, sl, r6
20000578:	eb63 0307 	sbc.w	r3, r3, r7
2000057c:	fa03 f508 	lsl.w	r5, r3, r8
20000580:	40e1      	lsrs	r1, r4
20000582:	40e3      	lsrs	r3, r4
20000584:	430d      	orrs	r5, r1
20000586:	e9c2 5300 	strd	r5, r3, [r2]
2000058a:	2400      	movs	r4, #0
2000058c:	e73b      	b.n	20000406 <__udivmoddi4+0xaa>
2000058e:	0873      	lsrs	r3, r6, #1
20000590:	46b8      	mov	r8, r7
20000592:	0849      	lsrs	r1, r1, #1
20000594:	9701      	str	r7, [sp, #4]
20000596:	ea43 73c0 	orr.w	r3, r3, r0, lsl #31
2000059a:	ea4f 7cc6 	mov.w	ip, r6, lsl #31
2000059e:	0c1c      	lsrs	r4, r3, #16
200005a0:	b29b      	uxth	r3, r3
200005a2:	ea44 4401 	orr.w	r4, r4, r1, lsl #16
200005a6:	ea43 4304 	orr.w	r3, r3, r4, lsl #16
200005aa:	fbb4 f4f7 	udiv	r4, r4, r7
200005ae:	fbb1 f5f7 	udiv	r5, r1, r7
200005b2:	211f      	movs	r1, #31
200005b4:	9801      	ldr	r0, [sp, #4]
200005b6:	ea44 4405 	orr.w	r4, r4, r5, lsl #16
200005ba:	1a1b      	subs	r3, r3, r0
200005bc:	e750      	b.n	20000460 <__udivmoddi4+0x104>
200005be:	4619      	mov	r1, r3
200005c0:	fa07 fe03 	lsl.w	lr, r7, r3
200005c4:	f1c3 0320 	rsb	r3, r3, #32
200005c8:	fa00 f401 	lsl.w	r4, r0, r1
200005cc:	ea4f 471e 	mov.w	r7, lr, lsr #16
200005d0:	40d8      	lsrs	r0, r3
200005d2:	fa26 f303 	lsr.w	r3, r6, r3
200005d6:	fa1f f88e 	uxth.w	r8, lr
200005da:	fa06 fc01 	lsl.w	ip, r6, r1
200005de:	4323      	orrs	r3, r4
200005e0:	fbb0 f5f7 	udiv	r5, r0, r7
200005e4:	0c1c      	lsrs	r4, r3, #16
200005e6:	fb07 0015 	mls	r0, r7, r5, r0
200005ea:	ea44 4000 	orr.w	r0, r4, r0, lsl #16
200005ee:	fb05 f408 	mul.w	r4, r5, r8
200005f2:	4284      	cmp	r4, r0
200005f4:	d94a      	bls.n	2000068c <__udivmoddi4+0x330>
200005f6:	eb1e 0000 	adds.w	r0, lr, r0
200005fa:	bf2c      	ite	cs
200005fc:	2601      	movcs	r6, #1
200005fe:	2600      	movcc	r6, #0
20000600:	4284      	cmp	r4, r0
20000602:	d900      	bls.n	20000606 <__udivmoddi4+0x2aa>
20000604:	b38e      	cbz	r6, 2000066a <__udivmoddi4+0x30e>
20000606:	1b00      	subs	r0, r0, r4
20000608:	3d01      	subs	r5, #1
2000060a:	fbb0 f4f7 	udiv	r4, r0, r7
2000060e:	fb04 f608 	mul.w	r6, r4, r8
20000612:	46a1      	mov	r9, r4
20000614:	9601      	str	r6, [sp, #4]
20000616:	fb07 0019 	mls	r0, r7, r9, r0
2000061a:	b29b      	uxth	r3, r3
2000061c:	9e01      	ldr	r6, [sp, #4]
2000061e:	ea43 4300 	orr.w	r3, r3, r0, lsl #16
20000622:	42b3      	cmp	r3, r6
20000624:	d2c6      	bcs.n	200005b4 <__udivmoddi4+0x258>
20000626:	eb1e 0303 	adds.w	r3, lr, r3
2000062a:	bf2c      	ite	cs
2000062c:	2001      	movcs	r0, #1
2000062e:	2000      	movcc	r0, #0
20000630:	42b3      	cmp	r3, r6
20000632:	d200      	bcs.n	20000636 <__udivmoddi4+0x2da>
20000634:	b1a8      	cbz	r0, 20000662 <__udivmoddi4+0x306>
20000636:	f109 34ff 	add.w	r4, r9, #4294967295	@ 0xffffffff
2000063a:	e7bb      	b.n	200005b4 <__udivmoddi4+0x258>
2000063c:	ebb6 0c07 	subs.w	ip, r6, r7
20000640:	eb60 0303 	sbc.w	r3, r0, r3
20000644:	2001      	movs	r0, #1
20000646:	461d      	mov	r5, r3
20000648:	e6f7      	b.n	2000043a <__udivmoddi4+0xde>
2000064a:	44f4      	add	ip, lr
2000064c:	3802      	subs	r0, #2
2000064e:	e736      	b.n	200004be <__udivmoddi4+0x162>
20000650:	3d02      	subs	r5, #2
20000652:	4473      	add	r3, lr
20000654:	e71b      	b.n	2000048e <__udivmoddi4+0x132>
20000656:	3c02      	subs	r4, #2
20000658:	4473      	add	r3, lr
2000065a:	e6b1      	b.n	200003c0 <__udivmoddi4+0x64>
2000065c:	44f4      	add	ip, lr
2000065e:	3d02      	subs	r5, #2
20000660:	e6c6      	b.n	200003f0 <__udivmoddi4+0x94>
20000662:	f1a9 0402 	sub.w	r4, r9, #2
20000666:	4473      	add	r3, lr
20000668:	e7a4      	b.n	200005b4 <__udivmoddi4+0x258>
2000066a:	ebae 0404 	sub.w	r4, lr, r4
2000066e:	3d02      	subs	r5, #2
20000670:	4420      	add	r0, r4
20000672:	fbb0 f4f7 	udiv	r4, r0, r7
20000676:	fb04 f608 	mul.w	r6, r4, r8
2000067a:	46a1      	mov	r9, r4
2000067c:	9601      	str	r6, [sp, #4]
2000067e:	e7ca      	b.n	20000616 <__udivmoddi4+0x2ba>
20000680:	3f02      	subs	r7, #2
20000682:	4461      	add	r1, ip
20000684:	e74b      	b.n	2000051e <__udivmoddi4+0x1c2>
20000686:	3802      	subs	r0, #2
20000688:	4463      	add	r3, ip
2000068a:	e75f      	b.n	2000054c <__udivmoddi4+0x1f0>
2000068c:	1b00      	subs	r0, r0, r4
2000068e:	fbb0 f4f7 	udiv	r4, r0, r7
20000692:	fb04 f608 	mul.w	r6, r4, r8
20000696:	46a1      	mov	r9, r4
20000698:	9601      	str	r6, [sp, #4]
2000069a:	e7bc      	b.n	20000616 <__udivmoddi4+0x2ba>

2000069c <__aeabi_idiv0>:
2000069c:	4770      	bx	lr
2000069e:	bf00      	nop

200006a0 <__best_effort_wfe_or_timeout_veneer>:
200006a0:	f85f f000 	ldr.w	pc, [pc]	@ 200006a4 <__best_effort_wfe_or_timeout_veneer+0x4>
200006a4:	10002db9 	.word	0x10002db9

200006a8 <num_balls>:
200006a8:	00001388                                ....

200006ac <bounciness>:
200006ac:	00002ccc                                .,..

200006b0 <bounce_percent>:
200006b0:	00000023                                #...

200006b4 <pointer_vga_buffer_1>:
200006b4:	200411e0                                ... 

200006b8 <pointer_vga_buffer_0>:
200006b8:	2001b9e0                                ... 

200006bc <striped_spin_lock_num>:
200006bc:	00000010                                ....

200006c0 <irq_handler_chain_slots>:
200006c0:	00000000 	.word	0x00000000
200006c4:	00010000 	.word	0x00010000
	...
200006d0:	00020000 	.word	0x00020000
	...
200006dc:	00030000 	.word	0x00030000
	...
200006e8:	00ff0000 	.word	0x00ff0000
200006ec:	00000000 	.word	0x00000000

200006f0 <irq_handler_chain_first_slot>:
200006f0:	b501      	push	{r0, lr}
200006f2:	6848      	ldr	r0, [r1, #4]
200006f4:	3101      	adds	r1, #1
200006f6:	468e      	mov	lr, r1
200006f8:	4700      	bx	r0

200006fa <irq_handler_chain_remove_tail>:
200006fa:	4670      	mov	r0, lr
200006fc:	3809      	subs	r0, #9
200006fe:	4901      	ldr	r1, [pc, #4]	@ (20000704 <irq_handler_chain_remove_tail+0xa>)
20000700:	4788      	blx	r1
20000702:	bd01      	pop	{r0, pc}
20000704:	10002731 	.word	0x10002731

20000708 <default_alarm_pool>:
	...
2000071c:	20000780                                ... 

20000720 <stdio_uart>:
20000720:	10005931 10005a45 10005985 10005a55     1Y..EZ...Y..UZ..
20000730:	00000000 00000100                       ........

20000738 <malloc_mutex>:
	...

20000740 <print_mutex>:
	...
